INFO 2025-10-13 13:24:58,225 autoreload Watching for file changes with StatReloader
INFO 2025-10-13 13:25:00,181 basehttp "GET / HTTP/1.1" 200 30837
INFO 2025-10-13 13:25:08,538 basehttp "GET /owner/login/ HTTP/1.1" 200 6923
INFO 2025-10-13 13:28:20,482 basehttp "GET / HTTP/1.1" 200 30851
INFO 2025-10-13 13:28:30,252 basehttp "GET /owner/signup/ HTTP/1.1" 200 8556
INFO 2025-10-13 13:28:39,819 basehttp "GET /owner/login/ HTTP/1.1" 200 6923
INFO 2025-10-13 13:28:43,809 basehttp "GET /owner/login/ HTTP/1.1" 200 6923
WARNING 2025-10-13 13:28:46,025 log Not Found: /staff/login/
WARNING 2025-10-13 13:28:46,025 basehttp "GET /staff/login/ HTTP/1.1" 404 8789
INFO 2025-10-13 13:29:06,043 basehttp "GET / HTTP/1.1" 200 30851
INFO 2025-10-13 14:44:37,578 autoreload Watching for file changes with StatReloader
INFO 2025-10-13 14:46:23,740 autoreload Watching for file changes with StatReloader
INFO 2025-10-13 14:49:17,136 autoreload Watching for file changes with StatReloader
INFO 2025-10-13 14:50:47,662 autoreload Watching for file changes with StatReloader
INFO 2025-10-13 14:50:52,790 basehttp "GET / HTTP/1.1" 200 30851
INFO 2025-10-13 14:50:58,727 basehttp "GET /owner/login/ HTTP/1.1" 200 6923
WARNING 2025-10-13 14:51:02,935 log Not Found: /staff/login/
WARNING 2025-10-13 14:51:02,935 basehttp "GET /staff/login/ HTTP/1.1" 404 8940
WARNING 2025-10-13 14:51:07,200 log Not Found: /staff/login/
WARNING 2025-10-13 14:51:07,200 basehttp "GET /staff/login/ HTTP/1.1" 404 8940
INFO 2025-10-13 14:55:59,348 basehttp "GET / HTTP/1.1" 200 30915
INFO 2025-10-13 14:56:01,727 basehttp "GET / HTTP/1.1" 200 30915
INFO 2025-10-13 14:56:04,009 basehttp "GET /owner/signup/ HTTP/1.1" 200 8707
INFO 2025-10-13 14:56:09,189 basehttp "GET /manager/login/ HTTP/1.1" 200 4564
INFO 2025-10-13 14:56:16,404 basehttp "GET / HTTP/1.1" 200 30915
INFO 2025-10-13 14:58:35,584 basehttp "GET / HTTP/1.1" 200 31140
INFO 2025-10-13 14:59:01,540 basehttp "GET / HTTP/1.1" 200 31140
INFO 2025-10-13 14:59:04,793 basehttp "GET /owner/signup/ HTTP/1.1" 200 8707
INFO 2025-10-13 14:59:07,010 basehttp "GET /accounts/google/login/ HTTP/1.1" 302 0
INFO 2025-10-13 14:59:16,403 basehttp "GET /accounts/google/login/callback/?state=GHs0ILYueyiIt4Fd&code=4%2F0AVGzR1CrjOxsQKaZXGKlo3kfg_miyn0d9WSEEV2XbTWru1tV1093ULv60hlFu-bE5c9qaw&scope=email+profile+https%3A%2F%2Fwww.googleapis.com%2Fauth%2Fuserinfo.email+https%3A%2F%2Fwww.googleapis.com%2Fauth%2Fuserinfo.profile+openid&authuser=4&prompt=none HTTP/1.1" 302 0
INFO 2025-10-13 14:59:16,512 basehttp "GET /owner/dashboard/ HTTP/1.1" 200 10162
INFO 2025-10-13 14:59:20,470 basehttp "GET /cafes/add/ HTTP/1.1" 200 7921
INFO 2025-10-13 14:59:53,199 basehttp "POST /cafes/add/ HTTP/1.1" 200 8134
INFO 2025-10-13 15:00:10,858 basehttp "POST /cafes/add/ HTTP/1.1" 302 0
INFO 2025-10-13 15:00:10,906 basehttp "GET /cafes/ HTTP/1.1" 200 7082
INFO 2025-10-13 15:00:22,415 basehttp "GET /cafes/edit/1/ HTTP/1.1" 200 7973
INFO 2025-10-13 15:00:25,472 basehttp "POST /cafes/edit/1/ HTTP/1.1" 302 0
INFO 2025-10-13 15:00:25,483 basehttp "GET /cafes/ HTTP/1.1" 200 6958
INFO 2025-10-13 15:00:28,817 basehttp "GET /cafes/ HTTP/1.1" 200 6749
INFO 2025-10-13 15:00:42,751 basehttp "GET /staff/ HTTP/1.1" 200 6535
INFO 2025-10-13 15:00:44,340 basehttp "GET /staff/add/ HTTP/1.1" 200 6705
INFO 2025-10-13 15:01:26,600 basehttp "POST /staff/add/ HTTP/1.1" 302 0
INFO 2025-10-13 15:01:26,613 basehttp "GET /staff/ HTTP/1.1" 200 8457
INFO 2025-10-13 15:01:32,922 basehttp "GET /cafes/ HTTP/1.1" 200 6749
INFO 2025-10-13 15:01:39,860 basehttp "GET /cafes/edit/1/ HTTP/1.1" 200 7973
INFO 2025-10-13 15:01:48,859 basehttp "GET /cafes/ HTTP/1.1" 200 6749
INFO 2025-10-13 15:01:53,397 basehttp "GET /cafes/edit/1/ HTTP/1.1" 200 7973
INFO 2025-10-13 15:02:05,585 basehttp "GET /cafes/ HTTP/1.1" 200 6749
INFO 2025-10-13 15:02:11,865 basehttp "GET /owner/logout/ HTTP/1.1" 302 0
INFO 2025-10-13 15:02:11,872 basehttp "GET /owner/login/ HTTP/1.1" 200 7124
INFO 2025-10-13 15:02:15,053 basehttp "GET /owner/login/ HTTP/1.1" 200 6923
INFO 2025-10-13 15:02:16,357 basehttp "GET /cafes/ HTTP/1.1" 302 0
INFO 2025-10-13 15:02:16,362 basehttp "GET /owner/login/?next=/cafes/ HTTP/1.1" 200 6923
INFO 2025-10-13 15:02:18,891 basehttp "GET /cafes/edit/1/ HTTP/1.1" 302 0
INFO 2025-10-13 15:02:18,897 basehttp "GET /owner/login/?next=/cafes/edit/1/ HTTP/1.1" 200 6923
INFO 2025-10-13 15:02:21,974 basehttp "GET /staff/ HTTP/1.1" 302 0
INFO 2025-10-13 15:02:21,980 basehttp "GET /owner/login/?next=/staff/ HTTP/1.1" 200 6923
INFO 2025-10-13 15:02:22,754 basehttp "GET /staff/add/ HTTP/1.1" 302 0
INFO 2025-10-13 15:02:22,761 basehttp "GET /owner/login/?next=/staff/add/ HTTP/1.1" 200 6923
INFO 2025-10-13 15:02:25,062 basehttp "GET /cafes/add/ HTTP/1.1" 302 0
INFO 2025-10-13 15:02:25,071 basehttp "GET /owner/login/?next=/cafes/add/ HTTP/1.1" 200 6923
INFO 2025-10-13 15:02:32,718 basehttp "GET /manager/login/ HTTP/1.1" 200 4564
INFO 2025-10-13 15:03:46,288 basehttp "POST /accounts/login/ HTTP/1.1" 200 2491
INFO 2025-10-13 15:04:00,349 basehttp "POST /accounts/login/ HTTP/1.1" 200 2491
INFO 2025-10-13 15:06:16,291 autoreload F:\cafenest\cafenest\urls.py changed, reloading.
INFO 2025-10-13 15:06:17,237 autoreload Watching for file changes with StatReloader
INFO 2025-10-13 15:06:45,066 autoreload F:\cafenest\owner\utils.py changed, reloading.
INFO 2025-10-13 15:06:45,966 autoreload Watching for file changes with StatReloader
INFO 2025-10-13 15:07:25,298 autoreload F:\cafenest\owner\middleware.py changed, reloading.
INFO 2025-10-13 15:07:26,163 autoreload Watching for file changes with StatReloader
INFO 2025-10-13 15:08:07,484 autoreload F:\cafenest\manager\admin.py changed, reloading.
INFO 2025-10-13 15:08:08,517 autoreload Watching for file changes with StatReloader
INFO 2025-10-13 15:09:36,818 autoreload Watching for file changes with StatReloader
INFO 2025-10-13 15:09:40,108 basehttp "GET / HTTP/1.1" 200 31140
INFO 2025-10-13 15:09:48,685 basehttp "GET /manager/login/ HTTP/1.1" 200 4564
INFO 2025-10-13 15:10:25,864 basehttp "POST /accounts/login/ HTTP/1.1" 200 2491
INFO 2025-10-13 15:10:49,148 basehttp "GET /accounts/google/login/?process=login&next=%2Fmanager%2Fdashboard%2F HTTP/1.1" 302 0
INFO 2025-10-13 15:10:55,850 basehttp "GET /accounts/google/login/callback/?state=mrxZnUPvGUynxdjC&code=4%2F0AVGzR1AHV8v-0g4tVt16HiRc0ho6AkUtWVJ-KrxhzzURjab2lsLqmG52IfloNEoDuE051A&scope=email+profile+https%3A%2F%2Fwww.googleapis.com%2Fauth%2Fuserinfo.email+openid+https%3A%2F%2Fwww.googleapis.com%2Fauth%2Fuserinfo.profile&authuser=2&prompt=none HTTP/1.1" 302 0
INFO 2025-10-13 15:10:55,864 basehttp "GET /manager/dashboard/ HTTP/1.1" 302 0
INFO 2025-10-13 15:10:55,880 basehttp "GET / HTTP/1.1" 200 31140
INFO 2025-10-13 15:10:59,243 basehttp "GET /manager/login/ HTTP/1.1" 302 0
INFO 2025-10-13 15:10:59,255 basehttp "GET /manager/dashboard/ HTTP/1.1" 302 0
INFO 2025-10-13 15:10:59,270 basehttp "GET / HTTP/1.1" 200 31140
INFO 2025-10-13 15:11:04,229 basehttp "GET /manager/login/ HTTP/1.1" 302 0
INFO 2025-10-13 15:11:04,244 basehttp "GET /manager/dashboard/ HTTP/1.1" 302 0
INFO 2025-10-13 15:11:04,259 basehttp "GET / HTTP/1.1" 200 31140
INFO 2025-10-13 15:11:07,083 basehttp "GET /manager/login/ HTTP/1.1" 302 0
INFO 2025-10-13 15:11:07,097 basehttp "GET /manager/dashboard/ HTTP/1.1" 302 0
INFO 2025-10-13 15:11:07,111 basehttp "GET / HTTP/1.1" 200 31140
WARNING 2025-10-13 15:11:09,481 log Not Found: /staff/login/
WARNING 2025-10-13 15:11:09,482 basehttp "GET /staff/login/ HTTP/1.1" 404 8940
INFO 2025-10-13 15:15:25,478 autoreload F:\cafenest\cafenest\settings.py changed, reloading.
INFO 2025-10-13 15:15:26,576 autoreload Watching for file changes with StatReloader
INFO 2025-10-13 15:15:29,182 basehttp "GET / HTTP/1.1" 200 31140
INFO 2025-10-13 15:15:37,051 basehttp "GET /manager/login/ HTTP/1.1" 302 0
INFO 2025-10-13 15:15:37,064 basehttp "GET /manager/dashboard/ HTTP/1.1" 302 0
INFO 2025-10-13 15:15:37,077 basehttp "GET / HTTP/1.1" 200 31140
INFO 2025-10-13 15:15:43,765 basehttp "GET /manager/login/ HTTP/1.1" 302 0
INFO 2025-10-13 15:15:43,778 basehttp "GET /manager/dashboard/ HTTP/1.1" 302 0
INFO 2025-10-13 15:15:43,793 basehttp "GET / HTTP/1.1" 200 31140
INFO 2025-10-13 15:15:54,580 basehttp "GET /manager/login/ HTTP/1.1" 302 0
INFO 2025-10-13 15:15:54,595 basehttp "GET /manager/dashboard/ HTTP/1.1" 302 0
INFO 2025-10-13 15:15:54,608 basehttp "GET / HTTP/1.1" 200 31140
WARNING 2025-10-13 15:16:05,175 log Forbidden (CSRF token from POST incorrect.): /accounts/login/
WARNING 2025-10-13 15:16:05,176 basehttp "POST /accounts/login/ HTTP/1.1" 403 2503
INFO 2025-10-13 15:16:15,401 basehttp "GET / HTTP/1.1" 200 31140
INFO 2025-10-13 15:16:19,721 basehttp "GET /manager/login/ HTTP/1.1" 302 0
INFO 2025-10-13 15:16:19,733 basehttp "GET /manager/dashboard/ HTTP/1.1" 302 0
INFO 2025-10-13 15:16:19,744 basehttp "GET / HTTP/1.1" 200 31140
INFO 2025-10-13 15:18:18,388 autoreload F:\cafenest\manager\views.py changed, reloading.
INFO 2025-10-13 15:18:19,237 autoreload Watching for file changes with StatReloader
INFO 2025-10-13 15:18:45,973 autoreload F:\cafenest\owner\views.py changed, reloading.
INFO 2025-10-13 15:18:46,915 autoreload Watching for file changes with StatReloader
INFO 2025-10-13 15:18:56,141 autoreload F:\cafenest\owner\views.py changed, reloading.
INFO 2025-10-13 15:18:56,989 autoreload Watching for file changes with StatReloader
INFO 2025-10-13 15:19:21,685 autoreload F:\cafenest\manager\urls.py changed, reloading.
INFO 2025-10-13 15:19:22,740 autoreload Watching for file changes with StatReloader
INFO 2025-10-13 15:19:36,214 autoreload F:\cafenest\cafenest\urls.py changed, reloading.
INFO 2025-10-13 15:19:37,217 autoreload Watching for file changes with StatReloader
INFO 2025-10-13 15:22:40,403 basehttp "GET / HTTP/1.1" 200 31141
INFO 2025-10-13 15:22:50,033 basehttp "GET /manager/login/ HTTP/1.1" 200 5952
INFO 2025-10-13 15:23:03,040 basehttp "GET /manager/login/ HTTP/1.1" 200 4708
INFO 2025-10-13 15:24:20,659 basehttp "POST /accounts/login/ HTTP/1.1" 302 0
INFO 2025-10-13 15:24:20,686 basehttp "GET /manager/dashboard/ HTTP/1.1" 302 0
INFO 2025-10-13 15:24:20,711 basehttp "GET / HTTP/1.1" 200 31141
INFO 2025-10-13 15:24:29,729 basehttp "GET /manager/login/ HTTP/1.1" 200 4907
INFO 2025-10-13 15:24:42,781 basehttp "GET / HTTP/1.1" 200 31141
INFO 2025-10-13 15:24:45,958 basehttp "GET /owner/signup/ HTTP/1.1" 200 8707
INFO 2025-10-13 15:25:07,061 basehttp "GET /accounts/google/login/ HTTP/1.1" 302 0
INFO 2025-10-13 15:29:43,706 basehttp "GET /accounts/google/login/callback/?state=x7nmkBgfeWVCtwAV&code=4%2F0AVGzR1AigPB8NPKCJhNyhGxA76NbBf6hFnJmse3DzNIW1Vn_pLJMzjODPxU9eSrovhB33g&scope=email+profile+https%3A%2F%2Fwww.googleapis.com%2Fauth%2Fuserinfo.email+openid+https%3A%2F%2Fwww.googleapis.com%2Fauth%2Fuserinfo.profile&authuser=4&prompt=none HTTP/1.1" 302 0
INFO 2025-10-13 15:29:43,804 basehttp "GET /owner/dashboard/ HTTP/1.1" 200 10346
INFO 2025-10-13 15:29:46,780 basehttp "GET /staff/ HTTP/1.1" 200 8184
INFO 2025-10-13 15:30:01,553 basehttp "GET /owner/logout/ HTTP/1.1" 302 0
INFO 2025-10-13 15:30:01,566 basehttp "GET /owner/login/ HTTP/1.1" 200 7124
INFO 2025-10-13 15:30:15,956 basehttp "GET /manager/login/ HTTP/1.1" 200 4708
INFO 2025-10-13 15:31:10,012 basehttp "POST /accounts/login/ HTTP/1.1" 200 2491
INFO 2025-10-13 15:41:52,172 autoreload F:\cafenest\manager\views.py changed, reloading.
INFO 2025-10-13 15:41:53,193 autoreload Watching for file changes with StatReloader
INFO 2025-10-13 15:42:14,851 autoreload F:\cafenest\manager\views.py changed, reloading.
INFO 2025-10-13 15:42:15,690 autoreload Watching for file changes with StatReloader
INFO 2025-10-13 15:42:41,325 autoreload F:\cafenest\manager\views.py changed, reloading.
INFO 2025-10-13 15:42:42,189 autoreload Watching for file changes with StatReloader
INFO 2025-10-13 15:42:44,301 basehttp "GET / HTTP/1.1" 200 31141
INFO 2025-10-13 15:42:48,817 basehttp "GET /manager/login/ HTTP/1.1" 200 4708
INFO 2025-10-13 15:43:20,190 basehttp "POST /accounts/login/ HTTP/1.1" 200 2491
INFO 2025-10-13 15:52:59,268 autoreload Watching for file changes with StatReloader
INFO 2025-10-13 15:54:45,087 autoreload F:\cafenest\owner\urls.py changed, reloading.
INFO 2025-10-13 15:54:46,672 autoreload Watching for file changes with StatReloader
INFO 2025-10-13 15:56:25,259 autoreload F:\cafenest\owner\urls.py changed, reloading.
INFO 2025-10-13 15:56:26,634 autoreload Watching for file changes with StatReloader
INFO 2025-10-13 15:56:37,575 autoreload F:\cafenest\manager\urls.py changed, reloading.
INFO 2025-10-13 15:56:39,296 autoreload Watching for file changes with StatReloader
INFO 2025-10-13 15:57:06,695 autoreload F:\cafenest\manager\views.py changed, reloading.
INFO 2025-10-13 15:57:07,769 autoreload Watching for file changes with StatReloader
INFO 2025-10-13 15:58:06,023 autoreload Watching for file changes with StatReloader
INFO 2025-10-13 16:01:02,035 autoreload F:\cafenest\owner\views.py changed, reloading.
INFO 2025-10-13 16:01:02,879 autoreload Watching for file changes with StatReloader
INFO 2025-10-13 16:01:05,659 basehttp "GET / HTTP/1.1" 200 31117
INFO 2025-10-13 16:02:08,008 autoreload Watching for file changes with StatReloader
INFO 2025-10-13 16:02:54,441 basehttp "GET / HTTP/1.1" 200 31117
INFO 2025-10-13 16:02:57,721 basehttp "GET /manager/login/ HTTP/1.1" 200 4708
INFO 2025-10-13 16:02:58,995 basehttp "GET / HTTP/1.1" 200 31117
INFO 2025-10-13 16:03:03,868 basehttp "GET /login/ HTTP/1.1" 200 6917
INFO 2025-10-13 16:03:05,453 basehttp "GET /accounts/google/login/?process=login HTTP/1.1" 302 0
INFO 2025-10-13 16:03:09,310 basehttp "GET /accounts/google/login/callback/?state=QDRXZYPVlbIeIOHr&code=4%2F0AVGzR1CD3qJzcglMUtcL20YRgtuXJeVqZwfBcmsD665iVlJHFvheaUU9WU7Mxjy2NXS6xg&scope=email+profile+https%3A%2F%2Fwww.googleapis.com%2Fauth%2Fuserinfo.email+https%3A%2F%2Fwww.googleapis.com%2Fauth%2Fuserinfo.profile+openid&authuser=4&prompt=none HTTP/1.1" 302 0
INFO 2025-10-13 16:03:09,380 basehttp "GET /owner/dashboard/ HTTP/1.1" 200 10162
INFO 2025-10-13 16:03:14,133 basehttp "GET /cafes/ HTTP/1.1" 200 5942
INFO 2025-10-13 16:03:15,516 basehttp "GET /cafes/add/ HTTP/1.1" 200 7921
INFO 2025-10-13 16:03:33,542 basehttp "POST /cafes/add/ HTTP/1.1" 302 0
INFO 2025-10-13 16:03:33,557 basehttp "GET /cafes/ HTTP/1.1" 200 6956
INFO 2025-10-13 16:07:02,282 basehttp "GET /cafes/ HTTP/1.1" 200 6606
INFO 2025-10-13 16:07:10,476 basehttp "GET /staff/ HTTP/1.1" 200 6535
INFO 2025-10-13 16:07:12,837 basehttp "GET /staff/add/ HTTP/1.1" 200 6705
INFO 2025-10-13 16:07:23,689 basehttp "POST /staff/add/ HTTP/1.1" 302 0
INFO 2025-10-13 16:07:23,703 basehttp "GET /staff/ HTTP/1.1" 200 8586
INFO 2025-10-13 16:08:08,520 basehttp "GET /logout/ HTTP/1.1" 302 0
INFO 2025-10-13 16:08:08,528 basehttp "GET /login/ HTTP/1.1" 200 7118
INFO 2025-10-13 16:08:12,970 basehttp "GET /staff/ HTTP/1.1" 302 0
INFO 2025-10-13 16:08:12,978 basehttp "GET /owner/login/?next=/staff/ HTTP/1.1" 200 6917
INFO 2025-10-13 16:08:13,802 basehttp "GET /staff/add/ HTTP/1.1" 302 0
INFO 2025-10-13 16:08:13,808 basehttp "GET /owner/login/?next=/staff/add/ HTTP/1.1" 200 6917
INFO 2025-10-13 16:08:16,907 basehttp "GET /cafes/ HTTP/1.1" 302 0
INFO 2025-10-13 16:08:16,914 basehttp "GET /owner/login/?next=/cafes/ HTTP/1.1" 200 6917
INFO 2025-10-13 16:08:17,708 basehttp "GET /cafes/add/ HTTP/1.1" 302 0
INFO 2025-10-13 16:08:17,714 basehttp "GET /owner/login/?next=/cafes/add/ HTTP/1.1" 200 6917
INFO 2025-10-13 16:08:19,013 basehttp "GET /owner/login/?next=/cafes/add/ HTTP/1.1" 200 6917
INFO 2025-10-13 16:08:32,269 autoreload Watching for file changes with StatReloader
INFO 2025-10-13 16:08:36,649 basehttp "GET / HTTP/1.1" 200 31117
INFO 2025-10-13 16:08:40,442 basehttp "GET /manager/login/ HTTP/1.1" 200 4708
INFO 2025-10-13 16:08:58,305 basehttp "POST /accounts/login/ HTTP/1.1" 302 0
INFO 2025-10-13 16:08:58,446 basehttp "GET /manager/dashboard/ HTTP/1.1" 200 8629
INFO 2025-10-13 16:09:08,714 basehttp "GET /manager/tables/ HTTP/1.1" 200 5621
INFO 2025-10-13 16:09:10,466 basehttp "GET /manager/tables/ HTTP/1.1" 200 5621
INFO 2025-10-13 16:09:11,401 basehttp "GET /manager/menu/ HTTP/1.1" 200 5265
INFO 2025-10-13 16:09:15,516 basehttp "GET /manager/orders/ HTTP/1.1" 200 4605
INFO 2025-10-13 16:09:17,505 basehttp "GET /manager/attendance/ HTTP/1.1" 200 8218
INFO 2025-10-13 16:09:32,368 basehttp "GET /manager/reports/ HTTP/1.1" 200 6190
INFO 2025-10-13 16:09:48,037 basehttp "GET /manager/dashboard/ HTTP/1.1" 200 8415
INFO 2025-10-13 16:09:56,299 basehttp "GET /accounts/logout/ HTTP/1.1" 200 1203
INFO 2025-10-13 16:10:02,207 basehttp "GET /accounts/logout/ HTTP/1.1" 200 1203
INFO 2025-10-13 16:12:52,476 autoreload F:\cafenest\cafenest\settings.py changed, reloading.
INFO 2025-10-13 16:12:53,457 autoreload Watching for file changes with StatReloader
INFO 2025-10-13 16:13:05,107 basehttp "GET /accounts/logout/ HTTP/1.1" 302 0
INFO 2025-10-13 16:13:05,117 basehttp "GET / HTTP/1.1" 200 31117
INFO 2025-10-13 16:13:09,575 basehttp "GET /signup/ HTTP/1.1" 200 8884
WARNING 2025-10-13 16:13:54,055 log Not Found: /staff/login/
WARNING 2025-10-13 16:13:54,056 basehttp "GET /staff/login/ HTTP/1.1" 404 8921
WARNING 2025-10-13 16:13:57,972 log Not Found: /staff/login/
WARNING 2025-10-13 16:13:57,973 basehttp "GET /staff/login/ HTTP/1.1" 404 8921
INFO 2025-10-13 17:17:55,694 autoreload Watching for file changes with StatReloader
INFO 2025-10-13 17:18:04,111 basehttp "GET / HTTP/1.1" 200 31117
WARNING 2025-10-13 17:18:04,369 log Not Found: /favicon.ico
WARNING 2025-10-13 17:18:04,370 basehttp "GET /favicon.ico HTTP/1.1" 404 9206
INFO 2025-10-13 17:18:09,249 basehttp "GET /login/ HTTP/1.1" 200 6917
INFO 2025-10-13 17:18:10,593 basehttp "GET /accounts/google/login/?process=login HTTP/1.1" 302 0
INFO 2025-10-13 17:19:12,558 basehttp "GET /accounts/google/login/callback/?state=nDf1N3pPHo2WGHMg&code=4%2F0AVGzR1BlPLkQBIMs5m20l70ql_Fxt-nGexcK5lDKNS1VSVFkLAjcQ2iqr0naCAjtXig-rw&scope=email+profile+https%3A%2F%2Fwww.googleapis.com%2Fauth%2Fuserinfo.email+https%3A%2F%2Fwww.googleapis.com%2Fauth%2Fuserinfo.profile+openid&authuser=4&prompt=none HTTP/1.1" 302 0
INFO 2025-10-13 17:19:12,662 basehttp "GET /owner/dashboard/ HTTP/1.1" 200 10346
INFO 2025-10-13 17:19:15,751 basehttp "GET /cafes/edit/1/ HTTP/1.1" 200 8273
INFO 2025-10-13 17:19:17,843 basehttp "GET /cafes/ HTTP/1.1" 200 10393
INFO 2025-10-13 17:19:20,377 basehttp "POST /cafes/toggle/1/ HTTP/1.1" 302 0
INFO 2025-10-13 17:19:20,391 basehttp "GET /cafes/ HTTP/1.1" 200 10603
INFO 2025-10-13 17:19:23,009 basehttp "POST /cafes/toggle/1/ HTTP/1.1" 302 0
INFO 2025-10-13 17:19:23,024 basehttp "GET /cafes/ HTTP/1.1" 200 10604
INFO 2025-10-13 17:19:27,630 basehttp "POST /cafes/delete/1/ HTTP/1.1" 302 0
INFO 2025-10-13 17:19:27,642 basehttp "GET /cafes/ HTTP/1.1" 200 8778
INFO 2025-10-13 17:19:34,512 basehttp "GET /staff/ HTTP/1.1" 200 6535
INFO 2025-10-13 17:19:35,995 basehttp "GET /cafes/ HTTP/1.1" 200 8569
INFO 2025-10-13 17:19:36,827 basehttp "GET /staff/ HTTP/1.1" 200 6535
INFO 2025-10-13 17:20:29,608 basehttp "GET /staff/add/ HTTP/1.1" 200 6668
INFO 2025-10-13 17:20:31,615 basehttp "GET /owner/dashboard/ HTTP/1.1" 200 9967
INFO 2025-10-13 17:20:33,507 basehttp "GET /cafes/ HTTP/1.1" 200 8569
INFO 2025-10-13 17:20:34,993 basehttp "GET /staff/ HTTP/1.1" 200 6535
INFO 2025-10-13 17:20:35,813 basehttp "GET /menu/ HTTP/1.1" 200 6564
INFO 2025-10-13 17:20:37,043 basehttp "GET /reports/ HTTP/1.1" 200 7567
INFO 2025-10-13 17:20:40,034 basehttp "GET /owner/settings/ HTTP/1.1" 200 6653
INFO 2025-10-13 17:20:49,794 basehttp "POST /owner/settings/ HTTP/1.1" 302 0
INFO 2025-10-13 17:20:49,808 basehttp "GET /owner/settings/ HTTP/1.1" 200 6880
INFO 2025-10-13 17:21:18,802 basehttp "POST /owner/settings/ HTTP/1.1" 302 0
INFO 2025-10-13 17:21:18,815 basehttp "GET /owner/settings/ HTTP/1.1" 200 6877
INFO 2025-10-13 17:22:49,932 basehttp "GET /owner/dashboard/ HTTP/1.1" 200 9967
INFO 2025-10-13 17:23:46,719 basehttp "GET /logout/ HTTP/1.1" 302 0
INFO 2025-10-13 17:23:46,726 basehttp "GET /login/ HTTP/1.1" 200 7118
INFO 2025-10-13 17:23:57,063 basehttp "GET /logout/ HTTP/1.1" 302 0
INFO 2025-10-13 17:23:57,072 basehttp "GET /login/ HTTP/1.1" 200 7118
INFO 2025-10-13 17:24:01,563 basehttp "GET /cafes/ HTTP/1.1" 302 0
INFO 2025-10-13 17:24:01,572 basehttp "GET /owner/login/?next=/cafes/ HTTP/1.1" 200 6917
INFO 2025-10-13 17:24:04,934 basehttp "GET /owner/settings/ HTTP/1.1" 302 0
INFO 2025-10-13 17:24:04,940 basehttp "GET /owner/login/?next=/owner/settings/ HTTP/1.1" 200 6917
INFO 2025-10-13 17:24:09,314 basehttp "GET /reports/ HTTP/1.1" 302 0
INFO 2025-10-13 17:24:09,324 basehttp "GET /owner/login/?next=/reports/ HTTP/1.1" 200 6917
INFO 2025-10-13 17:24:13,205 basehttp "GET /staff/ HTTP/1.1" 302 0
INFO 2025-10-13 17:24:13,211 basehttp "GET /owner/login/?next=/staff/ HTTP/1.1" 200 6917
INFO 2025-10-13 17:24:14,487 basehttp "GET /owner/dashboard/ HTTP/1.1" 302 0
INFO 2025-10-13 17:24:14,492 basehttp "GET /owner/login/?next=/owner/dashboard/ HTTP/1.1" 200 6917
INFO 2025-10-13 17:24:14,900 basehttp "GET /staff/add/ HTTP/1.1" 302 0
INFO 2025-10-13 17:24:14,918 basehttp "GET /owner/login/?next=/staff/add/ HTTP/1.1" 200 6917
INFO 2025-10-13 17:24:16,843 basehttp "GET /cafes/edit/1/ HTTP/1.1" 302 0
INFO 2025-10-13 17:24:16,850 basehttp "GET /owner/login/?next=/cafes/edit/1/ HTTP/1.1" 200 6917
INFO 2025-10-13 17:24:17,045 basehttp "GET /owner/dashboard/ HTTP/1.1" 302 0
INFO 2025-10-13 17:24:17,053 basehttp "GET /owner/login/?next=/owner/dashboard/ HTTP/1.1" 200 6917
INFO 2025-10-13 17:24:17,433 basehttp "GET /login/ HTTP/1.1" 200 6917
INFO 2025-10-13 17:24:17,714 basehttp "GET / HTTP/1.1" 200 31117
INFO 2025-10-13 17:24:50,356 basehttp "GET / HTTP/1.1" 200 31117
INFO 2025-10-13 17:24:51,282 basehttp "GET / HTTP/1.1" 200 31117
WARNING 2025-10-13 17:24:56,892 log Not Found: /staff/login/
WARNING 2025-10-13 17:24:56,893 basehttp "GET /staff/login/ HTTP/1.1" 404 9209
WARNING 2025-10-13 17:24:59,704 log Not Found: /staff/login/
WARNING 2025-10-13 17:24:59,705 basehttp "GET /staff/login/ HTTP/1.1" 404 9209
WARNING 2025-10-13 17:25:02,352 log Not Found: /staff/login/
WARNING 2025-10-13 17:25:02,353 basehttp "GET /staff/login/ HTTP/1.1" 404 9209
INFO 2025-10-13 17:25:12,717 basehttp "GET /signup/ HTTP/1.1" 200 8701
ERROR 2025-10-13 18:31:40,842 log Internal Server Error: /
Traceback (most recent call last):
  File "C:\Users\FRIDAY\AppData\Roaming\Python\Python313\site-packages\django\core\handlers\exception.py", line 55, in inner
    response = get_response(request)
  File "C:\Users\FRIDAY\AppData\Roaming\Python\Python313\site-packages\django\core\handlers\base.py", line 197, in _get_response
    response = wrapped_callback(request, *callback_args, **callback_kwargs)
  File "F:\cafenest\owner\views.py", line 48, in home
    return render(request, 'home.html')
  File "C:\Users\FRIDAY\AppData\Roaming\Python\Python313\site-packages\django\shortcuts.py", line 25, in render
    content = loader.render_to_string(template_name, context, request, using=using)
  File "C:\Users\FRIDAY\AppData\Roaming\Python\Python313\site-packages\django\template\loader.py", line 62, in render_to_string
    return template.render(context, request)
           ~~~~~~~~~~~~~~~^^^^^^^^^^^^^^^^^^
  File "C:\Users\FRIDAY\AppData\Roaming\Python\Python313\site-packages\django\template\backends\django.py", line 107, in render
    return self.template.render(context)
           ~~~~~~~~~~~~~~~~~~~~^^^^^^^^^
  File "C:\Users\FRIDAY\AppData\Roaming\Python\Python313\site-packages\django\template\base.py", line 171, in render
    return self._render(context)
           ~~~~~~~~~~~~^^^^^^^^^
  File "C:\Users\FRIDAY\AppData\Roaming\Python\Python313\site-packages\django\template\base.py", line 163, in _render
    return self.nodelist.render(context)
           ~~~~~~~~~~~~~~~~~~~~^^^^^^^^^
  File "C:\Users\FRIDAY\AppData\Roaming\Python\Python313\site-packages\django\template\base.py", line 1016, in render
    return SafeString("".join([node.render_annotated(context) for node in self]))
                               ~~~~~~~~~~~~~~~~~~~~~^^^^^^^^^
  File "C:\Users\FRIDAY\AppData\Roaming\Python\Python313\site-packages\django\template\base.py", line 977, in render_annotated
    return self.render(context)
           ~~~~~~~~~~~^^^^^^^^^
  File "C:\Users\FRIDAY\AppData\Roaming\Python\Python313\site-packages\django\template\defaulttags.py", line 480, in render
    url = reverse(view_name, args=args, kwargs=kwargs, current_app=current_app)
  File "C:\Users\FRIDAY\AppData\Roaming\Python\Python313\site-packages\django\urls\base.py", line 98, in reverse
    resolved_url = resolver._reverse_with_prefix(view, prefix, *args, **kwargs)
  File "C:\Users\FRIDAY\AppData\Roaming\Python\Python313\site-packages\django\urls\resolvers.py", line 831, in _reverse_with_prefix
    raise NoReverseMatch(msg)
django.urls.exceptions.NoReverseMatch: Reverse for 'employee_login' not found. 'employee_login' is not a valid view function or pattern name.
ERROR 2025-10-13 18:31:40,848 basehttp "GET / HTTP/1.1" 500 125824
ERROR 2025-10-13 18:31:46,773 log Internal Server Error: /
Traceback (most recent call last):
  File "C:\Users\FRIDAY\AppData\Roaming\Python\Python313\site-packages\django\core\handlers\exception.py", line 55, in inner
    response = get_response(request)
  File "C:\Users\FRIDAY\AppData\Roaming\Python\Python313\site-packages\django\core\handlers\base.py", line 197, in _get_response
    response = wrapped_callback(request, *callback_args, **callback_kwargs)
  File "F:\cafenest\owner\views.py", line 48, in home
    return render(request, 'home.html')
  File "C:\Users\FRIDAY\AppData\Roaming\Python\Python313\site-packages\django\shortcuts.py", line 25, in render
    content = loader.render_to_string(template_name, context, request, using=using)
  File "C:\Users\FRIDAY\AppData\Roaming\Python\Python313\site-packages\django\template\loader.py", line 62, in render_to_string
    return template.render(context, request)
           ~~~~~~~~~~~~~~~^^^^^^^^^^^^^^^^^^
  File "C:\Users\FRIDAY\AppData\Roaming\Python\Python313\site-packages\django\template\backends\django.py", line 107, in render
    return self.template.render(context)
           ~~~~~~~~~~~~~~~~~~~~^^^^^^^^^
  File "C:\Users\FRIDAY\AppData\Roaming\Python\Python313\site-packages\django\template\base.py", line 171, in render
    return self._render(context)
           ~~~~~~~~~~~~^^^^^^^^^
  File "C:\Users\FRIDAY\AppData\Roaming\Python\Python313\site-packages\django\template\base.py", line 163, in _render
    return self.nodelist.render(context)
           ~~~~~~~~~~~~~~~~~~~~^^^^^^^^^
  File "C:\Users\FRIDAY\AppData\Roaming\Python\Python313\site-packages\django\template\base.py", line 1016, in render
    return SafeString("".join([node.render_annotated(context) for node in self]))
                               ~~~~~~~~~~~~~~~~~~~~~^^^^^^^^^
  File "C:\Users\FRIDAY\AppData\Roaming\Python\Python313\site-packages\django\template\base.py", line 977, in render_annotated
    return self.render(context)
           ~~~~~~~~~~~^^^^^^^^^
  File "C:\Users\FRIDAY\AppData\Roaming\Python\Python313\site-packages\django\template\defaulttags.py", line 480, in render
    url = reverse(view_name, args=args, kwargs=kwargs, current_app=current_app)
  File "C:\Users\FRIDAY\AppData\Roaming\Python\Python313\site-packages\django\urls\base.py", line 98, in reverse
    resolved_url = resolver._reverse_with_prefix(view, prefix, *args, **kwargs)
  File "C:\Users\FRIDAY\AppData\Roaming\Python\Python313\site-packages\django\urls\resolvers.py", line 831, in _reverse_with_prefix
    raise NoReverseMatch(msg)
django.urls.exceptions.NoReverseMatch: Reverse for 'employee_login' not found. 'employee_login' is not a valid view function or pattern name.
ERROR 2025-10-13 18:31:46,776 basehttp "GET / HTTP/1.1" 500 125824
INFO 2025-10-13 18:31:52,584 basehttp "GET / HTTP/1.1" 200 31117
INFO 2025-10-13 18:32:46,920 autoreload Watching for file changes with StatReloader
ERROR 2025-10-13 18:32:52,927 log Internal Server Error: /
Traceback (most recent call last):
  File "C:\Users\FRIDAY\AppData\Roaming\Python\Python313\site-packages\django\core\handlers\exception.py", line 55, in inner
    response = get_response(request)
  File "C:\Users\FRIDAY\AppData\Roaming\Python\Python313\site-packages\django\core\handlers\base.py", line 197, in _get_response
    response = wrapped_callback(request, *callback_args, **callback_kwargs)
  File "F:\cafenest\owner\views.py", line 48, in home
    return render(request, 'home.html')
  File "C:\Users\FRIDAY\AppData\Roaming\Python\Python313\site-packages\django\shortcuts.py", line 25, in render
    content = loader.render_to_string(template_name, context, request, using=using)
  File "C:\Users\FRIDAY\AppData\Roaming\Python\Python313\site-packages\django\template\loader.py", line 62, in render_to_string
    return template.render(context, request)
           ~~~~~~~~~~~~~~~^^^^^^^^^^^^^^^^^^
  File "C:\Users\FRIDAY\AppData\Roaming\Python\Python313\site-packages\django\template\backends\django.py", line 107, in render
    return self.template.render(context)
           ~~~~~~~~~~~~~~~~~~~~^^^^^^^^^
  File "C:\Users\FRIDAY\AppData\Roaming\Python\Python313\site-packages\django\template\base.py", line 171, in render
    return self._render(context)
           ~~~~~~~~~~~~^^^^^^^^^
  File "C:\Users\FRIDAY\AppData\Roaming\Python\Python313\site-packages\django\template\base.py", line 163, in _render
    return self.nodelist.render(context)
           ~~~~~~~~~~~~~~~~~~~~^^^^^^^^^
  File "C:\Users\FRIDAY\AppData\Roaming\Python\Python313\site-packages\django\template\base.py", line 1016, in render
    return SafeString("".join([node.render_annotated(context) for node in self]))
                               ~~~~~~~~~~~~~~~~~~~~~^^^^^^^^^
  File "C:\Users\FRIDAY\AppData\Roaming\Python\Python313\site-packages\django\template\base.py", line 977, in render_annotated
    return self.render(context)
           ~~~~~~~~~~~^^^^^^^^^
  File "C:\Users\FRIDAY\AppData\Roaming\Python\Python313\site-packages\django\template\defaulttags.py", line 480, in render
    url = reverse(view_name, args=args, kwargs=kwargs, current_app=current_app)
  File "C:\Users\FRIDAY\AppData\Roaming\Python\Python313\site-packages\django\urls\base.py", line 98, in reverse
    resolved_url = resolver._reverse_with_prefix(view, prefix, *args, **kwargs)
  File "C:\Users\FRIDAY\AppData\Roaming\Python\Python313\site-packages\django\urls\resolvers.py", line 831, in _reverse_with_prefix
    raise NoReverseMatch(msg)
django.urls.exceptions.NoReverseMatch: Reverse for 'employee_login' not found. 'employee_login' is not a valid view function or pattern name.
ERROR 2025-10-13 18:32:52,936 basehttp "GET / HTTP/1.1" 500 125824
ERROR 2025-10-13 18:39:02,176 log Internal Server Error: /
Traceback (most recent call last):
  File "C:\Users\FRIDAY\AppData\Roaming\Python\Python313\site-packages\django\core\handlers\exception.py", line 55, in inner
    response = get_response(request)
  File "C:\Users\FRIDAY\AppData\Roaming\Python\Python313\site-packages\django\core\handlers\base.py", line 197, in _get_response
    response = wrapped_callback(request, *callback_args, **callback_kwargs)
  File "F:\cafenest\owner\views.py", line 48, in home
    return render(request, 'home.html')
  File "C:\Users\FRIDAY\AppData\Roaming\Python\Python313\site-packages\django\shortcuts.py", line 25, in render
    content = loader.render_to_string(template_name, context, request, using=using)
  File "C:\Users\FRIDAY\AppData\Roaming\Python\Python313\site-packages\django\template\loader.py", line 62, in render_to_string
    return template.render(context, request)
           ~~~~~~~~~~~~~~~^^^^^^^^^^^^^^^^^^
  File "C:\Users\FRIDAY\AppData\Roaming\Python\Python313\site-packages\django\template\backends\django.py", line 107, in render
    return self.template.render(context)
           ~~~~~~~~~~~~~~~~~~~~^^^^^^^^^
  File "C:\Users\FRIDAY\AppData\Roaming\Python\Python313\site-packages\django\template\base.py", line 171, in render
    return self._render(context)
           ~~~~~~~~~~~~^^^^^^^^^
  File "C:\Users\FRIDAY\AppData\Roaming\Python\Python313\site-packages\django\template\base.py", line 163, in _render
    return self.nodelist.render(context)
           ~~~~~~~~~~~~~~~~~~~~^^^^^^^^^
  File "C:\Users\FRIDAY\AppData\Roaming\Python\Python313\site-packages\django\template\base.py", line 1016, in render
    return SafeString("".join([node.render_annotated(context) for node in self]))
                               ~~~~~~~~~~~~~~~~~~~~~^^^^^^^^^
  File "C:\Users\FRIDAY\AppData\Roaming\Python\Python313\site-packages\django\template\base.py", line 977, in render_annotated
    return self.render(context)
           ~~~~~~~~~~~^^^^^^^^^
  File "C:\Users\FRIDAY\AppData\Roaming\Python\Python313\site-packages\django\template\defaulttags.py", line 480, in render
    url = reverse(view_name, args=args, kwargs=kwargs, current_app=current_app)
  File "C:\Users\FRIDAY\AppData\Roaming\Python\Python313\site-packages\django\urls\base.py", line 98, in reverse
    resolved_url = resolver._reverse_with_prefix(view, prefix, *args, **kwargs)
  File "C:\Users\FRIDAY\AppData\Roaming\Python\Python313\site-packages\django\urls\resolvers.py", line 831, in _reverse_with_prefix
    raise NoReverseMatch(msg)
django.urls.exceptions.NoReverseMatch: Reverse for 'employee_login' not found. 'employee_login' is not a valid view function or pattern name.
ERROR 2025-10-13 18:39:02,184 basehttp "GET / HTTP/1.1" 500 125954
INFO 2025-10-13 18:58:42,320 autoreload Watching for file changes with StatReloader
ERROR 2025-10-13 18:58:44,825 log Internal Server Error: /
Traceback (most recent call last):
  File "C:\Users\FRIDAY\AppData\Roaming\Python\Python313\site-packages\django\core\handlers\exception.py", line 55, in inner
    response = get_response(request)
  File "C:\Users\FRIDAY\AppData\Roaming\Python\Python313\site-packages\django\core\handlers\base.py", line 197, in _get_response
    response = wrapped_callback(request, *callback_args, **callback_kwargs)
  File "F:\cafenest\owner\views.py", line 48, in home
    return render(request, 'home.html')
  File "C:\Users\FRIDAY\AppData\Roaming\Python\Python313\site-packages\django\shortcuts.py", line 25, in render
    content = loader.render_to_string(template_name, context, request, using=using)
  File "C:\Users\FRIDAY\AppData\Roaming\Python\Python313\site-packages\django\template\loader.py", line 62, in render_to_string
    return template.render(context, request)
           ~~~~~~~~~~~~~~~^^^^^^^^^^^^^^^^^^
  File "C:\Users\FRIDAY\AppData\Roaming\Python\Python313\site-packages\django\template\backends\django.py", line 107, in render
    return self.template.render(context)
           ~~~~~~~~~~~~~~~~~~~~^^^^^^^^^
  File "C:\Users\FRIDAY\AppData\Roaming\Python\Python313\site-packages\django\template\base.py", line 171, in render
    return self._render(context)
           ~~~~~~~~~~~~^^^^^^^^^
  File "C:\Users\FRIDAY\AppData\Roaming\Python\Python313\site-packages\django\template\base.py", line 163, in _render
    return self.nodelist.render(context)
           ~~~~~~~~~~~~~~~~~~~~^^^^^^^^^
  File "C:\Users\FRIDAY\AppData\Roaming\Python\Python313\site-packages\django\template\base.py", line 1016, in render
    return SafeString("".join([node.render_annotated(context) for node in self]))
                               ~~~~~~~~~~~~~~~~~~~~~^^^^^^^^^
  File "C:\Users\FRIDAY\AppData\Roaming\Python\Python313\site-packages\django\template\base.py", line 977, in render_annotated
    return self.render(context)
           ~~~~~~~~~~~^^^^^^^^^
  File "C:\Users\FRIDAY\AppData\Roaming\Python\Python313\site-packages\django\template\defaulttags.py", line 480, in render
    url = reverse(view_name, args=args, kwargs=kwargs, current_app=current_app)
  File "C:\Users\FRIDAY\AppData\Roaming\Python\Python313\site-packages\django\urls\base.py", line 98, in reverse
    resolved_url = resolver._reverse_with_prefix(view, prefix, *args, **kwargs)
  File "C:\Users\FRIDAY\AppData\Roaming\Python\Python313\site-packages\django\urls\resolvers.py", line 831, in _reverse_with_prefix
    raise NoReverseMatch(msg)
django.urls.exceptions.NoReverseMatch: Reverse for 'employee_login' not found. 'employee_login' is not a valid view function or pattern name.
ERROR 2025-10-13 18:58:44,835 basehttp "GET / HTTP/1.1" 500 125319
INFO 2025-10-13 19:00:35,690 autoreload Watching for file changes with StatReloader
ERROR 2025-10-13 19:00:39,813 log Internal Server Error: /
Traceback (most recent call last):
  File "C:\Users\FRIDAY\AppData\Roaming\Python\Python313\site-packages\django\core\handlers\exception.py", line 55, in inner
    response = get_response(request)
  File "C:\Users\FRIDAY\AppData\Roaming\Python\Python313\site-packages\django\core\handlers\base.py", line 197, in _get_response
    response = wrapped_callback(request, *callback_args, **callback_kwargs)
  File "F:\cafenest\owner\views.py", line 48, in home
    return render(request, 'home.html')
  File "C:\Users\FRIDAY\AppData\Roaming\Python\Python313\site-packages\django\shortcuts.py", line 25, in render
    content = loader.render_to_string(template_name, context, request, using=using)
  File "C:\Users\FRIDAY\AppData\Roaming\Python\Python313\site-packages\django\template\loader.py", line 62, in render_to_string
    return template.render(context, request)
           ~~~~~~~~~~~~~~~^^^^^^^^^^^^^^^^^^
  File "C:\Users\FRIDAY\AppData\Roaming\Python\Python313\site-packages\django\template\backends\django.py", line 107, in render
    return self.template.render(context)
           ~~~~~~~~~~~~~~~~~~~~^^^^^^^^^
  File "C:\Users\FRIDAY\AppData\Roaming\Python\Python313\site-packages\django\template\base.py", line 171, in render
    return self._render(context)
           ~~~~~~~~~~~~^^^^^^^^^
  File "C:\Users\FRIDAY\AppData\Roaming\Python\Python313\site-packages\django\template\base.py", line 163, in _render
    return self.nodelist.render(context)
           ~~~~~~~~~~~~~~~~~~~~^^^^^^^^^
  File "C:\Users\FRIDAY\AppData\Roaming\Python\Python313\site-packages\django\template\base.py", line 1016, in render
    return SafeString("".join([node.render_annotated(context) for node in self]))
                               ~~~~~~~~~~~~~~~~~~~~~^^^^^^^^^
  File "C:\Users\FRIDAY\AppData\Roaming\Python\Python313\site-packages\django\template\base.py", line 977, in render_annotated
    return self.render(context)
           ~~~~~~~~~~~^^^^^^^^^
  File "C:\Users\FRIDAY\AppData\Roaming\Python\Python313\site-packages\django\template\defaulttags.py", line 480, in render
    url = reverse(view_name, args=args, kwargs=kwargs, current_app=current_app)
  File "C:\Users\FRIDAY\AppData\Roaming\Python\Python313\site-packages\django\urls\base.py", line 98, in reverse
    resolved_url = resolver._reverse_with_prefix(view, prefix, *args, **kwargs)
  File "C:\Users\FRIDAY\AppData\Roaming\Python\Python313\site-packages\django\urls\resolvers.py", line 831, in _reverse_with_prefix
    raise NoReverseMatch(msg)
django.urls.exceptions.NoReverseMatch: Reverse for 'manager\login.html' not found. 'manager\login.html' is not a valid view function or pattern name.
ERROR 2025-10-13 19:00:39,823 basehttp "GET / HTTP/1.1" 500 125473
ERROR 2025-10-13 19:01:43,565 log Internal Server Error: /
Traceback (most recent call last):
  File "C:\Users\FRIDAY\AppData\Roaming\Python\Python313\site-packages\django\core\handlers\exception.py", line 55, in inner
    response = get_response(request)
  File "C:\Users\FRIDAY\AppData\Roaming\Python\Python313\site-packages\django\core\handlers\base.py", line 197, in _get_response
    response = wrapped_callback(request, *callback_args, **callback_kwargs)
  File "F:\cafenest\owner\views.py", line 48, in home
    return render(request, 'home.html')
  File "C:\Users\FRIDAY\AppData\Roaming\Python\Python313\site-packages\django\shortcuts.py", line 25, in render
    content = loader.render_to_string(template_name, context, request, using=using)
  File "C:\Users\FRIDAY\AppData\Roaming\Python\Python313\site-packages\django\template\loader.py", line 62, in render_to_string
    return template.render(context, request)
           ~~~~~~~~~~~~~~~^^^^^^^^^^^^^^^^^^
  File "C:\Users\FRIDAY\AppData\Roaming\Python\Python313\site-packages\django\template\backends\django.py", line 107, in render
    return self.template.render(context)
           ~~~~~~~~~~~~~~~~~~~~^^^^^^^^^
  File "C:\Users\FRIDAY\AppData\Roaming\Python\Python313\site-packages\django\template\base.py", line 171, in render
    return self._render(context)
           ~~~~~~~~~~~~^^^^^^^^^
  File "C:\Users\FRIDAY\AppData\Roaming\Python\Python313\site-packages\django\template\base.py", line 163, in _render
    return self.nodelist.render(context)
           ~~~~~~~~~~~~~~~~~~~~^^^^^^^^^
  File "C:\Users\FRIDAY\AppData\Roaming\Python\Python313\site-packages\django\template\base.py", line 1016, in render
    return SafeString("".join([node.render_annotated(context) for node in self]))
                               ~~~~~~~~~~~~~~~~~~~~~^^^^^^^^^
  File "C:\Users\FRIDAY\AppData\Roaming\Python\Python313\site-packages\django\template\base.py", line 977, in render_annotated
    return self.render(context)
           ~~~~~~~~~~~^^^^^^^^^
  File "C:\Users\FRIDAY\AppData\Roaming\Python\Python313\site-packages\django\template\defaulttags.py", line 480, in render
    url = reverse(view_name, args=args, kwargs=kwargs, current_app=current_app)
  File "C:\Users\FRIDAY\AppData\Roaming\Python\Python313\site-packages\django\urls\base.py", line 98, in reverse
    resolved_url = resolver._reverse_with_prefix(view, prefix, *args, **kwargs)
  File "C:\Users\FRIDAY\AppData\Roaming\Python\Python313\site-packages\django\urls\resolvers.py", line 831, in _reverse_with_prefix
    raise NoReverseMatch(msg)
django.urls.exceptions.NoReverseMatch: Reverse for 'employee_login' not found. 'employee_login' is not a valid view function or pattern name.
ERROR 2025-10-13 19:01:43,567 basehttp "GET / HTTP/1.1" 500 126056
ERROR 2025-10-13 19:01:44,703 log Internal Server Error: /
Traceback (most recent call last):
  File "C:\Users\FRIDAY\AppData\Roaming\Python\Python313\site-packages\django\core\handlers\exception.py", line 55, in inner
    response = get_response(request)
  File "C:\Users\FRIDAY\AppData\Roaming\Python\Python313\site-packages\django\core\handlers\base.py", line 197, in _get_response
    response = wrapped_callback(request, *callback_args, **callback_kwargs)
  File "F:\cafenest\owner\views.py", line 48, in home
    return render(request, 'home.html')
  File "C:\Users\FRIDAY\AppData\Roaming\Python\Python313\site-packages\django\shortcuts.py", line 25, in render
    content = loader.render_to_string(template_name, context, request, using=using)
  File "C:\Users\FRIDAY\AppData\Roaming\Python\Python313\site-packages\django\template\loader.py", line 62, in render_to_string
    return template.render(context, request)
           ~~~~~~~~~~~~~~~^^^^^^^^^^^^^^^^^^
  File "C:\Users\FRIDAY\AppData\Roaming\Python\Python313\site-packages\django\template\backends\django.py", line 107, in render
    return self.template.render(context)
           ~~~~~~~~~~~~~~~~~~~~^^^^^^^^^
  File "C:\Users\FRIDAY\AppData\Roaming\Python\Python313\site-packages\django\template\base.py", line 171, in render
    return self._render(context)
           ~~~~~~~~~~~~^^^^^^^^^
  File "C:\Users\FRIDAY\AppData\Roaming\Python\Python313\site-packages\django\template\base.py", line 163, in _render
    return self.nodelist.render(context)
           ~~~~~~~~~~~~~~~~~~~~^^^^^^^^^
  File "C:\Users\FRIDAY\AppData\Roaming\Python\Python313\site-packages\django\template\base.py", line 1016, in render
    return SafeString("".join([node.render_annotated(context) for node in self]))
                               ~~~~~~~~~~~~~~~~~~~~~^^^^^^^^^
  File "C:\Users\FRIDAY\AppData\Roaming\Python\Python313\site-packages\django\template\base.py", line 977, in render_annotated
    return self.render(context)
           ~~~~~~~~~~~^^^^^^^^^
  File "C:\Users\FRIDAY\AppData\Roaming\Python\Python313\site-packages\django\template\defaulttags.py", line 480, in render
    url = reverse(view_name, args=args, kwargs=kwargs, current_app=current_app)
  File "C:\Users\FRIDAY\AppData\Roaming\Python\Python313\site-packages\django\urls\base.py", line 98, in reverse
    resolved_url = resolver._reverse_with_prefix(view, prefix, *args, **kwargs)
  File "C:\Users\FRIDAY\AppData\Roaming\Python\Python313\site-packages\django\urls\resolvers.py", line 831, in _reverse_with_prefix
    raise NoReverseMatch(msg)
django.urls.exceptions.NoReverseMatch: Reverse for 'employee_login' not found. 'employee_login' is not a valid view function or pattern name.
ERROR 2025-10-13 19:01:44,706 basehttp "GET / HTTP/1.1" 500 126056
ERROR 2025-10-13 19:01:45,384 log Internal Server Error: /
Traceback (most recent call last):
  File "C:\Users\FRIDAY\AppData\Roaming\Python\Python313\site-packages\django\core\handlers\exception.py", line 55, in inner
    response = get_response(request)
  File "C:\Users\FRIDAY\AppData\Roaming\Python\Python313\site-packages\django\core\handlers\base.py", line 197, in _get_response
    response = wrapped_callback(request, *callback_args, **callback_kwargs)
  File "F:\cafenest\owner\views.py", line 48, in home
    return render(request, 'home.html')
  File "C:\Users\FRIDAY\AppData\Roaming\Python\Python313\site-packages\django\shortcuts.py", line 25, in render
    content = loader.render_to_string(template_name, context, request, using=using)
  File "C:\Users\FRIDAY\AppData\Roaming\Python\Python313\site-packages\django\template\loader.py", line 62, in render_to_string
    return template.render(context, request)
           ~~~~~~~~~~~~~~~^^^^^^^^^^^^^^^^^^
  File "C:\Users\FRIDAY\AppData\Roaming\Python\Python313\site-packages\django\template\backends\django.py", line 107, in render
    return self.template.render(context)
           ~~~~~~~~~~~~~~~~~~~~^^^^^^^^^
  File "C:\Users\FRIDAY\AppData\Roaming\Python\Python313\site-packages\django\template\base.py", line 171, in render
    return self._render(context)
           ~~~~~~~~~~~~^^^^^^^^^
  File "C:\Users\FRIDAY\AppData\Roaming\Python\Python313\site-packages\django\template\base.py", line 163, in _render
    return self.nodelist.render(context)
           ~~~~~~~~~~~~~~~~~~~~^^^^^^^^^
  File "C:\Users\FRIDAY\AppData\Roaming\Python\Python313\site-packages\django\template\base.py", line 1016, in render
    return SafeString("".join([node.render_annotated(context) for node in self]))
                               ~~~~~~~~~~~~~~~~~~~~~^^^^^^^^^
  File "C:\Users\FRIDAY\AppData\Roaming\Python\Python313\site-packages\django\template\base.py", line 977, in render_annotated
    return self.render(context)
           ~~~~~~~~~~~^^^^^^^^^
  File "C:\Users\FRIDAY\AppData\Roaming\Python\Python313\site-packages\django\template\defaulttags.py", line 480, in render
    url = reverse(view_name, args=args, kwargs=kwargs, current_app=current_app)
  File "C:\Users\FRIDAY\AppData\Roaming\Python\Python313\site-packages\django\urls\base.py", line 98, in reverse
    resolved_url = resolver._reverse_with_prefix(view, prefix, *args, **kwargs)
  File "C:\Users\FRIDAY\AppData\Roaming\Python\Python313\site-packages\django\urls\resolvers.py", line 831, in _reverse_with_prefix
    raise NoReverseMatch(msg)
django.urls.exceptions.NoReverseMatch: Reverse for 'employee_login' not found. 'employee_login' is not a valid view function or pattern name.
ERROR 2025-10-13 19:01:45,386 basehttp "GET / HTTP/1.1" 500 126056
ERROR 2025-10-13 19:01:46,817 log Internal Server Error: /
Traceback (most recent call last):
  File "C:\Users\FRIDAY\AppData\Roaming\Python\Python313\site-packages\django\core\handlers\exception.py", line 55, in inner
    response = get_response(request)
  File "C:\Users\FRIDAY\AppData\Roaming\Python\Python313\site-packages\django\core\handlers\base.py", line 197, in _get_response
    response = wrapped_callback(request, *callback_args, **callback_kwargs)
  File "F:\cafenest\owner\views.py", line 48, in home
    return render(request, 'home.html')
  File "C:\Users\FRIDAY\AppData\Roaming\Python\Python313\site-packages\django\shortcuts.py", line 25, in render
    content = loader.render_to_string(template_name, context, request, using=using)
  File "C:\Users\FRIDAY\AppData\Roaming\Python\Python313\site-packages\django\template\loader.py", line 62, in render_to_string
    return template.render(context, request)
           ~~~~~~~~~~~~~~~^^^^^^^^^^^^^^^^^^
  File "C:\Users\FRIDAY\AppData\Roaming\Python\Python313\site-packages\django\template\backends\django.py", line 107, in render
    return self.template.render(context)
           ~~~~~~~~~~~~~~~~~~~~^^^^^^^^^
  File "C:\Users\FRIDAY\AppData\Roaming\Python\Python313\site-packages\django\template\base.py", line 171, in render
    return self._render(context)
           ~~~~~~~~~~~~^^^^^^^^^
  File "C:\Users\FRIDAY\AppData\Roaming\Python\Python313\site-packages\django\template\base.py", line 163, in _render
    return self.nodelist.render(context)
           ~~~~~~~~~~~~~~~~~~~~^^^^^^^^^
  File "C:\Users\FRIDAY\AppData\Roaming\Python\Python313\site-packages\django\template\base.py", line 1016, in render
    return SafeString("".join([node.render_annotated(context) for node in self]))
                               ~~~~~~~~~~~~~~~~~~~~~^^^^^^^^^
  File "C:\Users\FRIDAY\AppData\Roaming\Python\Python313\site-packages\django\template\base.py", line 977, in render_annotated
    return self.render(context)
           ~~~~~~~~~~~^^^^^^^^^
  File "C:\Users\FRIDAY\AppData\Roaming\Python\Python313\site-packages\django\template\defaulttags.py", line 480, in render
    url = reverse(view_name, args=args, kwargs=kwargs, current_app=current_app)
  File "C:\Users\FRIDAY\AppData\Roaming\Python\Python313\site-packages\django\urls\base.py", line 98, in reverse
    resolved_url = resolver._reverse_with_prefix(view, prefix, *args, **kwargs)
  File "C:\Users\FRIDAY\AppData\Roaming\Python\Python313\site-packages\django\urls\resolvers.py", line 831, in _reverse_with_prefix
    raise NoReverseMatch(msg)
django.urls.exceptions.NoReverseMatch: Reverse for 'employee_login' not found. 'employee_login' is not a valid view function or pattern name.
ERROR 2025-10-13 19:01:46,820 basehttp "GET / HTTP/1.1" 500 126056
INFO 2025-10-13 19:03:03,862 basehttp "GET / HTTP/1.1" 200 33484
INFO 2025-10-13 19:03:07,762 basehttp "GET /manager/login/ HTTP/1.1" 200 4708
ERROR 2025-10-13 19:03:42,108 log Internal Server Error: /
Traceback (most recent call last):
  File "C:\Users\FRIDAY\AppData\Roaming\Python\Python313\site-packages\django\template\base.py", line 510, in parse
    compile_func = self.tags[command]
                   ~~~~~~~~~^^^^^^^^^
KeyError: 'endcomment'

During handling of the above exception, another exception occurred:

Traceback (most recent call last):
  File "C:\Users\FRIDAY\AppData\Roaming\Python\Python313\site-packages\django\core\handlers\exception.py", line 55, in inner
    response = get_response(request)
  File "C:\Users\FRIDAY\AppData\Roaming\Python\Python313\site-packages\django\core\handlers\base.py", line 197, in _get_response
    response = wrapped_callback(request, *callback_args, **callback_kwargs)
  File "F:\cafenest\owner\views.py", line 48, in home
    return render(request, 'home.html')
  File "C:\Users\FRIDAY\AppData\Roaming\Python\Python313\site-packages\django\shortcuts.py", line 25, in render
    content = loader.render_to_string(template_name, context, request, using=using)
  File "C:\Users\FRIDAY\AppData\Roaming\Python\Python313\site-packages\django\template\loader.py", line 61, in render_to_string
    template = get_template(template_name, using=using)
  File "C:\Users\FRIDAY\AppData\Roaming\Python\Python313\site-packages\django\template\loader.py", line 15, in get_template
    return engine.get_template(template_name)
           ~~~~~~~~~~~~~~~~~~~^^^^^^^^^^^^^^^
  File "C:\Users\FRIDAY\AppData\Roaming\Python\Python313\site-packages\django\template\backends\django.py", line 79, in get_template
    return Template(self.engine.get_template(template_name), self)
                    ~~~~~~~~~~~~~~~~~~~~~~~~^^^^^^^^^^^^^^^
  File "C:\Users\FRIDAY\AppData\Roaming\Python\Python313\site-packages\django\template\engine.py", line 177, in get_template
    template, origin = self.find_template(template_name)
                       ~~~~~~~~~~~~~~~~~~^^^^^^^^^^^^^^^
  File "C:\Users\FRIDAY\AppData\Roaming\Python\Python313\site-packages\django\template\engine.py", line 159, in find_template
    template = loader.get_template(name, skip=skip)
  File "C:\Users\FRIDAY\AppData\Roaming\Python\Python313\site-packages\django\template\loaders\cached.py", line 57, in get_template
    template = super().get_template(template_name, skip)
  File "C:\Users\FRIDAY\AppData\Roaming\Python\Python313\site-packages\django\template\loaders\base.py", line 28, in get_template
    return Template(
        contents,
    ...<2 lines>...
        self.engine,
    )
  File "C:\Users\FRIDAY\AppData\Roaming\Python\Python313\site-packages\django\template\base.py", line 154, in __init__
    self.nodelist = self.compile_nodelist()
                    ~~~~~~~~~~~~~~~~~~~~~^^
  File "C:\Users\FRIDAY\AppData\Roaming\Python\Python313\site-packages\django\template\base.py", line 196, in compile_nodelist
    nodelist = parser.parse()
  File "C:\Users\FRIDAY\AppData\Roaming\Python\Python313\site-packages\django\template\base.py", line 512, in parse
    self.invalid_block_tag(token, command, parse_until)
    ~~~~~~~~~~~~~~~~~~~~~~^^^^^^^^^^^^^^^^^^^^^^^^^^^^^
  File "C:\Users\FRIDAY\AppData\Roaming\Python\Python313\site-packages\django\template\base.py", line 577, in invalid_block_tag
    raise self.error(
    ...<3 lines>...
    )
django.template.exceptions.TemplateSyntaxError: Invalid block tag on line 1033: 'endcomment'. Did you forget to register or load this tag?
ERROR 2025-10-13 19:03:42,112 basehttp "GET / HTTP/1.1" 500 157298
ERROR 2025-10-13 19:03:43,470 log Internal Server Error: /
Traceback (most recent call last):
  File "C:\Users\FRIDAY\AppData\Roaming\Python\Python313\site-packages\django\template\base.py", line 510, in parse
    compile_func = self.tags[command]
                   ~~~~~~~~~^^^^^^^^^
KeyError: 'endcomment'

During handling of the above exception, another exception occurred:

Traceback (most recent call last):
  File "C:\Users\FRIDAY\AppData\Roaming\Python\Python313\site-packages\django\core\handlers\exception.py", line 55, in inner
    response = get_response(request)
  File "C:\Users\FRIDAY\AppData\Roaming\Python\Python313\site-packages\django\core\handlers\base.py", line 197, in _get_response
    response = wrapped_callback(request, *callback_args, **callback_kwargs)
  File "F:\cafenest\owner\views.py", line 48, in home
    return render(request, 'home.html')
  File "C:\Users\FRIDAY\AppData\Roaming\Python\Python313\site-packages\django\shortcuts.py", line 25, in render
    content = loader.render_to_string(template_name, context, request, using=using)
  File "C:\Users\FRIDAY\AppData\Roaming\Python\Python313\site-packages\django\template\loader.py", line 61, in render_to_string
    template = get_template(template_name, using=using)
  File "C:\Users\FRIDAY\AppData\Roaming\Python\Python313\site-packages\django\template\loader.py", line 15, in get_template
    return engine.get_template(template_name)
           ~~~~~~~~~~~~~~~~~~~^^^^^^^^^^^^^^^
  File "C:\Users\FRIDAY\AppData\Roaming\Python\Python313\site-packages\django\template\backends\django.py", line 79, in get_template
    return Template(self.engine.get_template(template_name), self)
                    ~~~~~~~~~~~~~~~~~~~~~~~~^^^^^^^^^^^^^^^
  File "C:\Users\FRIDAY\AppData\Roaming\Python\Python313\site-packages\django\template\engine.py", line 177, in get_template
    template, origin = self.find_template(template_name)
                       ~~~~~~~~~~~~~~~~~~^^^^^^^^^^^^^^^
  File "C:\Users\FRIDAY\AppData\Roaming\Python\Python313\site-packages\django\template\engine.py", line 159, in find_template
    template = loader.get_template(name, skip=skip)
  File "C:\Users\FRIDAY\AppData\Roaming\Python\Python313\site-packages\django\template\loaders\cached.py", line 57, in get_template
    template = super().get_template(template_name, skip)
  File "C:\Users\FRIDAY\AppData\Roaming\Python\Python313\site-packages\django\template\loaders\base.py", line 28, in get_template
    return Template(
        contents,
    ...<2 lines>...
        self.engine,
    )
  File "C:\Users\FRIDAY\AppData\Roaming\Python\Python313\site-packages\django\template\base.py", line 154, in __init__
    self.nodelist = self.compile_nodelist()
                    ~~~~~~~~~~~~~~~~~~~~~^^
  File "C:\Users\FRIDAY\AppData\Roaming\Python\Python313\site-packages\django\template\base.py", line 196, in compile_nodelist
    nodelist = parser.parse()
  File "C:\Users\FRIDAY\AppData\Roaming\Python\Python313\site-packages\django\template\base.py", line 512, in parse
    self.invalid_block_tag(token, command, parse_until)
    ~~~~~~~~~~~~~~~~~~~~~~^^^^^^^^^^^^^^^^^^^^^^^^^^^^^
  File "C:\Users\FRIDAY\AppData\Roaming\Python\Python313\site-packages\django\template\base.py", line 577, in invalid_block_tag
    raise self.error(
    ...<3 lines>...
    )
django.template.exceptions.TemplateSyntaxError: Invalid block tag on line 1033: 'endcomment'. Did you forget to register or load this tag?
ERROR 2025-10-13 19:03:43,473 basehttp "GET / HTTP/1.1" 500 157298
INFO 2025-10-13 19:04:03,066 basehttp "GET / HTTP/1.1" 200 31862
INFO 2025-10-13 19:04:31,794 basehttp "GET / HTTP/1.1" 200 31809
INFO 2025-10-13 19:04:34,305 basehttp "GET /signup/ HTTP/1.1" 200 8701
INFO 2025-10-13 19:04:57,147 basehttp "GET / HTTP/1.1" 200 31804
INFO 2025-10-13 19:05:05,660 basehttp "GET /login/ HTTP/1.1" 200 6917
INFO 2025-10-13 19:05:10,098 basehttp "GET /manager/login/ HTTP/1.1" 200 4708
ERROR 2025-10-13 19:05:50,993 log Internal Server Error: /
Traceback (most recent call last):
  File "C:\Users\FRIDAY\AppData\Roaming\Python\Python313\site-packages\django\core\handlers\exception.py", line 55, in inner
    response = get_response(request)
  File "C:\Users\FRIDAY\AppData\Roaming\Python\Python313\site-packages\django\core\handlers\base.py", line 197, in _get_response
    response = wrapped_callback(request, *callback_args, **callback_kwargs)
  File "F:\cafenest\owner\views.py", line 48, in home
    return render(request, 'home.html')
  File "C:\Users\FRIDAY\AppData\Roaming\Python\Python313\site-packages\django\shortcuts.py", line 25, in render
    content = loader.render_to_string(template_name, context, request, using=using)
  File "C:\Users\FRIDAY\AppData\Roaming\Python\Python313\site-packages\django\template\loader.py", line 62, in render_to_string
    return template.render(context, request)
           ~~~~~~~~~~~~~~~^^^^^^^^^^^^^^^^^^
  File "C:\Users\FRIDAY\AppData\Roaming\Python\Python313\site-packages\django\template\backends\django.py", line 107, in render
    return self.template.render(context)
           ~~~~~~~~~~~~~~~~~~~~^^^^^^^^^
  File "C:\Users\FRIDAY\AppData\Roaming\Python\Python313\site-packages\django\template\base.py", line 171, in render
    return self._render(context)
           ~~~~~~~~~~~~^^^^^^^^^
  File "C:\Users\FRIDAY\AppData\Roaming\Python\Python313\site-packages\django\template\base.py", line 163, in _render
    return self.nodelist.render(context)
           ~~~~~~~~~~~~~~~~~~~~^^^^^^^^^
  File "C:\Users\FRIDAY\AppData\Roaming\Python\Python313\site-packages\django\template\base.py", line 1016, in render
    return SafeString("".join([node.render_annotated(context) for node in self]))
                               ~~~~~~~~~~~~~~~~~~~~~^^^^^^^^^
  File "C:\Users\FRIDAY\AppData\Roaming\Python\Python313\site-packages\django\template\base.py", line 977, in render_annotated
    return self.render(context)
           ~~~~~~~~~~~^^^^^^^^^
  File "C:\Users\FRIDAY\AppData\Roaming\Python\Python313\site-packages\django\template\defaulttags.py", line 480, in render
    url = reverse(view_name, args=args, kwargs=kwargs, current_app=current_app)
  File "C:\Users\FRIDAY\AppData\Roaming\Python\Python313\site-packages\django\urls\base.py", line 98, in reverse
    resolved_url = resolver._reverse_with_prefix(view, prefix, *args, **kwargs)
  File "C:\Users\FRIDAY\AppData\Roaming\Python\Python313\site-packages\django\urls\resolvers.py", line 831, in _reverse_with_prefix
    raise NoReverseMatch(msg)
django.urls.exceptions.NoReverseMatch: Reverse for 'employee_login' not found. 'employee_login' is not a valid view function or pattern name.
ERROR 2025-10-13 19:05:50,997 basehttp "GET / HTTP/1.1" 500 124915
ERROR 2025-10-13 19:05:52,096 log Internal Server Error: /
Traceback (most recent call last):
  File "C:\Users\FRIDAY\AppData\Roaming\Python\Python313\site-packages\django\core\handlers\exception.py", line 55, in inner
    response = get_response(request)
  File "C:\Users\FRIDAY\AppData\Roaming\Python\Python313\site-packages\django\core\handlers\base.py", line 197, in _get_response
    response = wrapped_callback(request, *callback_args, **callback_kwargs)
  File "F:\cafenest\owner\views.py", line 48, in home
    return render(request, 'home.html')
  File "C:\Users\FRIDAY\AppData\Roaming\Python\Python313\site-packages\django\shortcuts.py", line 25, in render
    content = loader.render_to_string(template_name, context, request, using=using)
  File "C:\Users\FRIDAY\AppData\Roaming\Python\Python313\site-packages\django\template\loader.py", line 62, in render_to_string
    return template.render(context, request)
           ~~~~~~~~~~~~~~~^^^^^^^^^^^^^^^^^^
  File "C:\Users\FRIDAY\AppData\Roaming\Python\Python313\site-packages\django\template\backends\django.py", line 107, in render
    return self.template.render(context)
           ~~~~~~~~~~~~~~~~~~~~^^^^^^^^^
  File "C:\Users\FRIDAY\AppData\Roaming\Python\Python313\site-packages\django\template\base.py", line 171, in render
    return self._render(context)
           ~~~~~~~~~~~~^^^^^^^^^
  File "C:\Users\FRIDAY\AppData\Roaming\Python\Python313\site-packages\django\template\base.py", line 163, in _render
    return self.nodelist.render(context)
           ~~~~~~~~~~~~~~~~~~~~^^^^^^^^^
  File "C:\Users\FRIDAY\AppData\Roaming\Python\Python313\site-packages\django\template\base.py", line 1016, in render
    return SafeString("".join([node.render_annotated(context) for node in self]))
                               ~~~~~~~~~~~~~~~~~~~~~^^^^^^^^^
  File "C:\Users\FRIDAY\AppData\Roaming\Python\Python313\site-packages\django\template\base.py", line 977, in render_annotated
    return self.render(context)
           ~~~~~~~~~~~^^^^^^^^^
  File "C:\Users\FRIDAY\AppData\Roaming\Python\Python313\site-packages\django\template\defaulttags.py", line 480, in render
    url = reverse(view_name, args=args, kwargs=kwargs, current_app=current_app)
  File "C:\Users\FRIDAY\AppData\Roaming\Python\Python313\site-packages\django\urls\base.py", line 98, in reverse
    resolved_url = resolver._reverse_with_prefix(view, prefix, *args, **kwargs)
  File "C:\Users\FRIDAY\AppData\Roaming\Python\Python313\site-packages\django\urls\resolvers.py", line 831, in _reverse_with_prefix
    raise NoReverseMatch(msg)
django.urls.exceptions.NoReverseMatch: Reverse for 'employee_login' not found. 'employee_login' is not a valid view function or pattern name.
ERROR 2025-10-13 19:05:52,099 basehttp "GET / HTTP/1.1" 500 124915
INFO 2025-10-13 19:06:09,698 basehttp "GET / HTTP/1.1" 200 31929
INFO 2025-10-13 19:40:23,901 autoreload Watching for file changes with StatReloader
INFO 2025-10-13 19:40:45,258 basehttp "GET / HTTP/1.1" 200 31929
WARNING 2025-10-13 19:40:46,071 log Not Found: /favicon.ico
WARNING 2025-10-13 19:40:46,072 basehttp "GET /favicon.ico HTTP/1.1" 404 9206
INFO 2025-10-13 19:41:09,175 basehttp "GET /login/ HTTP/1.1" 200 6917
INFO 2025-10-13 19:41:26,451 basehttp "GET /login/ HTTP/1.1" 200 6917
INFO 2025-10-13 19:41:31,203 basehttp "GET /signup/ HTTP/1.1" 200 8701
INFO 2025-10-13 19:41:33,126 basehttp "GET /login/ HTTP/1.1" 200 6917
INFO 2025-10-13 19:41:35,015 basehttp "GET /accounts/google/login/?process=login HTTP/1.1" 302 0
INFO 2025-10-13 19:41:44,543 basehttp "GET /accounts/google/login/callback/?state=jf2sy0wjW5j0vryg&code=4%2F0AVGzR1DX8AzXQUbXdK394-1KzTVLkmu7XUkxdD7VgTLd25mHr3JlG25cqiiLtDY96ftj2g&scope=email+profile+https%3A%2F%2Fwww.googleapis.com%2Fauth%2Fuserinfo.profile+https%3A%2F%2Fwww.googleapis.com%2Fauth%2Fuserinfo.email+openid&authuser=7&prompt=consent HTTP/1.1" 302 0
INFO 2025-10-13 19:41:45,265 basehttp "GET /owner/dashboard/ HTTP/1.1" 200 10163
INFO 2025-10-13 19:42:53,212 basehttp "GET /cafes/ HTTP/1.1" 200 8569
INFO 2025-10-13 19:42:55,106 basehttp "GET /cafes/add/ HTTP/1.1" 200 8220
INFO 2025-10-13 19:43:31,305 basehttp "POST /cafes/add/ HTTP/1.1" 302 0
INFO 2025-10-13 19:43:31,349 basehttp "GET /cafes/ HTTP/1.1" 200 10597
INFO 2025-10-13 19:43:33,505 basehttp "POST /cafes/toggle/2/ HTTP/1.1" 302 0
INFO 2025-10-13 19:43:33,538 basehttp "GET /cafes/ HTTP/1.1" 200 10604
INFO 2025-10-13 19:43:57,751 basehttp "GET /staff/ HTTP/1.1" 200 6535
INFO 2025-10-13 19:43:58,809 basehttp "GET /staff/add/ HTTP/1.1" 200 6705
INFO 2025-10-13 19:45:50,384 basehttp "POST /staff/add/ HTTP/1.1" 302 0
INFO 2025-10-13 19:45:50,435 basehttp "GET /staff/ HTTP/1.1" 200 8595
INFO 2025-10-13 19:46:43,974 basehttp "GET /menu/ HTTP/1.1" 200 6564
INFO 2025-10-13 19:46:47,599 basehttp "GET /menu/add/ HTTP/1.1" 200 8166
INFO 2025-10-13 19:46:52,678 basehttp "GET /reports/ HTTP/1.1" 200 7567
INFO 2025-10-13 19:47:01,976 basehttp "GET /menu/ HTTP/1.1" 200 6564
INFO 2025-10-13 20:07:22,698 basehttp "GET /owner/settings/ HTTP/1.1" 200 6653
INFO 2025-10-13 20:21:59,525 basehttp "GET /reports/ HTTP/1.1" 200 7567
INFO 2025-10-13 20:22:00,747 basehttp "GET /menu/ HTTP/1.1" 200 6564
INFO 2025-10-13 20:22:04,441 basehttp "GET /reports/ HTTP/1.1" 200 7567
INFO 2025-10-13 20:22:12,063 basehttp "GET /owner/settings/ HTTP/1.1" 200 6654
INFO 2025-10-13 20:22:20,848 basehttp "GET /cafes/ HTTP/1.1" 200 10393
INFO 2025-10-13 20:22:23,793 basehttp "GET /owner/dashboard/ HTTP/1.1" 200 10151
INFO 2025-10-13 20:22:59,500 basehttp "GET /staff/ HTTP/1.1" 200 8183
INFO 2025-10-13 20:23:18,249 basehttp "GET /logout/ HTTP/1.1" 302 0
INFO 2025-10-13 20:23:18,254 basehttp "GET /login/ HTTP/1.1" 200 7118
INFO 2025-10-13 20:23:27,733 basehttp "GET / HTTP/1.1" 200 31929
INFO 2025-10-13 20:23:32,963 basehttp "GET /manager/login/ HTTP/1.1" 200 4708
INFO 2025-10-13 20:24:19,833 basehttp "POST /accounts/login/ HTTP/1.1" 302 0
INFO 2025-10-13 20:24:19,916 basehttp "GET /manager/dashboard/ HTTP/1.1" 200 8629
INFO 2025-10-13 20:24:43,605 basehttp "GET /manager/staff/ HTTP/1.1" 200 5766
INFO 2025-10-13 20:24:46,082 basehttp "GET /manager/staff/add/ HTTP/1.1" 200 3953
INFO 2025-10-13 20:25:06,433 basehttp "POST /manager/staff/add/ HTTP/1.1" 302 0
INFO 2025-10-13 20:25:06,451 basehttp "GET /manager/staff/ HTTP/1.1" 200 7196
INFO 2025-10-13 20:26:07,085 basehttp "GET /manager/tables/ HTTP/1.1" 200 5621
INFO 2025-10-13 20:26:08,418 basehttp "GET /manager/tables/add/ HTTP/1.1" 200 4070
INFO 2025-10-13 20:26:23,470 basehttp "POST /manager/tables/add/ HTTP/1.1" 302 0
INFO 2025-10-13 20:26:23,486 basehttp "GET /manager/tables/ HTTP/1.1" 200 6968
INFO 2025-10-13 20:26:23,546 basehttp "GET /media/tables/qrcodes/table_AIQU4Q_qr.png HTTP/1.1" 200 647
WARNING 2025-10-13 20:27:29,218 log Not Found: /order/table/AIQU4Q/
WARNING 2025-10-13 20:27:29,270 basehttp "GET /order/table/AIQU4Q/ HTTP/1.1" 404 9230
INFO 2025-10-13 20:27:45,355 basehttp "GET /manager/tables/edit/1/ HTTP/1.1" 200 4085
INFO 2025-10-13 20:27:48,238 basehttp "POST /manager/tables/edit/1/ HTTP/1.1" 302 0
INFO 2025-10-13 20:27:48,254 basehttp "GET /manager/tables/ HTTP/1.1" 200 6965
INFO 2025-10-13 20:27:48,284 basehttp "GET /media/tables/qrcodes/table_AIQU4Q_qr.png HTTP/1.1" 304 0
INFO 2025-10-13 20:27:50,835 basehttp "GET /manager/tables/edit/1/ HTTP/1.1" 200 4085
INFO 2025-10-13 20:27:53,080 basehttp "POST /manager/tables/edit/1/ HTTP/1.1" 302 0
INFO 2025-10-13 20:27:53,096 basehttp "GET /manager/tables/ HTTP/1.1" 200 6961
INFO 2025-10-13 20:27:55,173 basehttp "GET /manager/tables/edit/1/ HTTP/1.1" 200 4085
INFO 2025-10-13 20:27:58,257 basehttp "POST /manager/tables/edit/1/ HTTP/1.1" 302 0
INFO 2025-10-13 20:27:58,275 basehttp "GET /manager/tables/ HTTP/1.1" 200 6957
INFO 2025-10-13 20:27:58,308 basehttp "GET /media/tables/qrcodes/table_AIQU4Q_qr.png HTTP/1.1" 304 0
INFO 2025-10-13 20:28:02,597 basehttp "GET /manager/tables/ HTTP/1.1" 200 6778
INFO 2025-10-13 20:28:13,231 basehttp "GET /manager/menu/ HTTP/1.1" 200 5265
ERROR 2025-10-13 20:28:14,986 log Internal Server Error: /manager/menu/add/
Traceback (most recent call last):
  File "C:\Users\FRIDAY\AppData\Roaming\Python\Python313\site-packages\django\core\handlers\exception.py", line 55, in inner
    response = get_response(request)
  File "C:\Users\FRIDAY\AppData\Roaming\Python\Python313\site-packages\django\core\handlers\base.py", line 197, in _get_response
    response = wrapped_callback(request, *callback_args, **callback_kwargs)
  File "C:\Users\FRIDAY\AppData\Roaming\Python\Python313\site-packages\django\contrib\auth\decorators.py", line 59, in _view_wrapper
    return view_func(request, *args, **kwargs)
  File "F:\cafenest\manager\views.py", line 36, in wrapper
    return view_func(request, *args, **kwargs)
  File "F:\cafenest\manager\views.py", line 309, in manager_add_menu_item
    return render(request, 'manager/add_menu_item.html', {'form': form, 'cafe': cafe})
  File "C:\Users\FRIDAY\AppData\Roaming\Python\Python313\site-packages\django\shortcuts.py", line 25, in render
    content = loader.render_to_string(template_name, context, request, using=using)
  File "C:\Users\FRIDAY\AppData\Roaming\Python\Python313\site-packages\django\template\loader.py", line 61, in render_to_string
    template = get_template(template_name, using=using)
  File "C:\Users\FRIDAY\AppData\Roaming\Python\Python313\site-packages\django\template\loader.py", line 19, in get_template
    raise TemplateDoesNotExist(template_name, chain=chain)
django.template.exceptions.TemplateDoesNotExist: manager/add_menu_item.html
ERROR 2025-10-13 20:28:14,990 basehttp "GET /manager/menu/add/ HTTP/1.1" 500 100279
INFO 2025-10-13 20:28:28,552 basehttp "GET /manager/orders/ HTTP/1.1" 200 4605
INFO 2025-10-13 20:28:34,294 basehttp "GET /manager/attendance/ HTTP/1.1" 200 8281
INFO 2025-10-13 20:29:06,799 basehttp "POST /manager/attendance/ HTTP/1.1" 302 0
INFO 2025-10-13 20:29:06,824 basehttp "GET /manager/attendance/ HTTP/1.1" 200 8540
INFO 2025-10-13 20:29:20,202 basehttp "GET /manager/reports/ HTTP/1.1" 200 6190
INFO 2025-10-13 20:29:26,953 basehttp "GET /manager/reports/?start_date=2025-10-01&end_date=2025-10-13 HTTP/1.1" 200 6190
INFO 2025-10-13 20:29:30,664 basehttp "GET /reports/export-pdf/?start_date=2025-10-01&end_date=2025-10-13 HTTP/1.1" 200 1891
INFO 2025-10-13 20:29:40,397 basehttp "GET /accounts/logout/ HTTP/1.1" 302 0
INFO 2025-10-13 20:29:40,404 basehttp "GET / HTTP/1.1" 200 31929
INFO 2025-10-13 20:29:50,889 basehttp "GET /login/ HTTP/1.1" 200 7213
INFO 2025-10-13 20:29:57,332 basehttp "GET / HTTP/1.1" 200 31929
INFO 2025-10-13 20:29:59,873 basehttp "GET /manager/login/ HTTP/1.1" 200 4708
INFO 2025-10-13 20:30:10,872 basehttp "GET /login/ HTTP/1.1" 200 6917
INFO 2025-10-13 20:30:12,181 basehttp "GET /accounts/google/login/?process=login HTTP/1.1" 302 0
INFO 2025-10-13 20:30:22,136 basehttp "GET /accounts/google/login/callback/?state=KREzH1KJjgE1IGaC&code=4%2F0AVGzR1CUfV870PYve0X_gvIq9XPazcDEsoDaXcf_HKkfxxo0n-JUnUupltFn1Mum-mI4tg&scope=email+profile+openid+https%3A%2F%2Fwww.googleapis.com%2Fauth%2Fuserinfo.profile+https%3A%2F%2Fwww.googleapis.com%2Fauth%2Fuserinfo.email&authuser=7&prompt=none HTTP/1.1" 302 0
INFO 2025-10-13 20:30:22,165 basehttp "GET /owner/dashboard/ HTTP/1.1" 200 10347
INFO 2025-10-13 20:30:25,818 basehttp "GET /staff/ HTTP/1.1" 200 10023
INFO 2025-10-13 20:31:02,096 basehttp "GET /menu/ HTTP/1.1" 200 6564
INFO 2025-10-13 20:31:02,998 basehttp "GET /reports/ HTTP/1.1" 200 7567
INFO 2025-10-13 20:31:03,843 basehttp "GET /menu/ HTTP/1.1" 200 6564
INFO 2025-10-13 20:31:10,446 basehttp "GET /owner/settings/ HTTP/1.1" 200 6654
INFO 2025-10-13 22:10:49,077 autoreload Watching for file changes with StatReloader
INFO 2025-10-13 22:12:16,165 autoreload Watching for file changes with StatReloader
INFO 2025-10-13 22:13:57,502 autoreload Watching for file changes with StatReloader
INFO 2025-10-13 22:15:40,812 autoreload F:\cafenest\owner\admin.py changed, reloading.
INFO 2025-10-13 22:15:41,884 autoreload Watching for file changes with StatReloader
INFO 2025-10-13 22:15:46,160 basehttp "GET / HTTP/1.1" 200 31929
WARNING 2025-10-13 22:15:46,383 log Not Found: /favicon.ico
WARNING 2025-10-13 22:15:46,385 basehttp "GET /favicon.ico HTTP/1.1" 404 9206
INFO 2025-10-13 22:16:01,103 basehttp "GET /manager/login/ HTTP/1.1" 200 4708
INFO 2025-10-13 22:16:41,471 basehttp "POST /accounts/login/ HTTP/1.1" 302 0
INFO 2025-10-13 22:16:41,488 basehttp "GET /manager/dashboard/ HTTP/1.1" 302 0
INFO 2025-10-13 22:16:41,503 basehttp "GET / HTTP/1.1" 200 31929
INFO 2025-10-13 22:16:56,371 basehttp "GET / HTTP/1.1" 200 31929
INFO 2025-10-13 22:17:04,947 basehttp "GET /manager/login/ HTTP/1.1" 200 4907
INFO 2025-10-13 22:17:21,388 basehttp "GET / HTTP/1.1" 200 31929
INFO 2025-10-13 22:17:24,022 basehttp "GET /login/ HTTP/1.1" 200 6917
INFO 2025-10-13 22:17:25,384 basehttp "GET /accounts/google/login/?process=login HTTP/1.1" 302 0
INFO 2025-10-13 22:17:31,383 basehttp "GET /accounts/google/login/callback/?state=c7AaWd70PD3PThpO&code=4%2F0AVGzR1CAzeF3Eim0SbaFcUX6xWNjsQytxXv6tiOz8y-9z_885nMOxTsM3C4XzAEfwwk_8g&scope=email+profile+https%3A%2F%2Fwww.googleapis.com%2Fauth%2Fuserinfo.email+https%3A%2F%2Fwww.googleapis.com%2Fauth%2Fuserinfo.profile+openid&authuser=7&prompt=none HTTP/1.1" 302 0
ERROR 2025-10-13 22:17:31,520 log Internal Server Error: /owner/dashboard/
Traceback (most recent call last):
  File "C:\Users\FRIDAY\AppData\Roaming\Python\Python313\site-packages\django\core\handlers\exception.py", line 55, in inner
    response = get_response(request)
  File "C:\Users\FRIDAY\AppData\Roaming\Python\Python313\site-packages\django\core\handlers\base.py", line 197, in _get_response
    response = wrapped_callback(request, *callback_args, **callback_kwargs)
  File "C:\Users\FRIDAY\AppData\Roaming\Python\Python313\site-packages\django\contrib\auth\decorators.py", line 59, in _view_wrapper
    return view_func(request, *args, **kwargs)
  File "F:\cafenest\owner\views.py", line 131, in owner_dashboard
    today_sales = today_orders.aggregate(total=Sum('total'))['total'] or 0
                  ~~~~~~~~~~~~~~~~~~~~~~^^^^^^^^^^^^^^^^^^^^
  File "C:\Users\FRIDAY\AppData\Roaming\Python\Python313\site-packages\django\db\models\query.py", line 588, in aggregate
    return self.query.chain().get_aggregation(self.db, kwargs)
           ~~~~~~~~~~~~~~~~~~~~~~~~~~~~~~~~~~^^^^^^^^^^^^^^^^^
  File "C:\Users\FRIDAY\AppData\Roaming\Python\Python313\site-packages\django\db\models\sql\query.py", line 460, in get_aggregation
    aggregate = aggregate_expr.resolve_expression(
        self, allow_joins=True, reuse=None, summarize=True
    )
  File "C:\Users\FRIDAY\AppData\Roaming\Python\Python313\site-packages\django\db\models\aggregates.py", line 63, in resolve_expression
    c = super().resolve_expression(query, allow_joins, reuse, summarize)
  File "C:\Users\FRIDAY\AppData\Roaming\Python\Python313\site-packages\django\db\models\expressions.py", line 300, in resolve_expression
    expr.resolve_expression(query, allow_joins, reuse, summarize, for_save)
    ~~~~~~~~~~~~~~~~~~~~~~~^^^^^^^^^^^^^^^^^^^^^^^^^^^^^^^^^^^^^^^^^^^^^^^^
  File "C:\Users\FRIDAY\AppData\Roaming\Python\Python313\site-packages\django\db\models\expressions.py", line 902, in resolve_expression
    return query.resolve_ref(self.name, allow_joins, reuse, summarize)
           ~~~~~~~~~~~~~~~~~^^^^^^^^^^^^^^^^^^^^^^^^^^^^^^^^^^^^^^^^^^
  File "C:\Users\FRIDAY\AppData\Roaming\Python\Python313\site-packages\django\db\models\sql\query.py", line 2050, in resolve_ref
    join_info = self.setup_joins(
        field_list, self.get_meta(), self.get_initial_alias(), can_reuse=reuse
    )
  File "C:\Users\FRIDAY\AppData\Roaming\Python\Python313\site-packages\django\db\models\sql\query.py", line 1901, in setup_joins
    path, final_field, targets, rest = self.names_to_path(
                                       ~~~~~~~~~~~~~~~~~~^
        names[:pivot],
        ^^^^^^^^^^^^^^
    ...<2 lines>...
        fail_on_missing=True,
        ^^^^^^^^^^^^^^^^^^^^^
    )
    ^
  File "C:\Users\FRIDAY\AppData\Roaming\Python\Python313\site-packages\django\db\models\sql\query.py", line 1806, in names_to_path
    raise FieldError(
    ...<2 lines>...
    )
django.core.exceptions.FieldError: Cannot resolve keyword 'total' into field. Choices are: cafe, cafe_id, created_at, id, order_number, status, table, table_id, tax_amount, total_amount, updated_at
ERROR 2025-10-13 22:17:31,525 basehttp "GET /owner/dashboard/ HTTP/1.1" 500 122312
INFO 2025-10-13 22:17:46,686 basehttp "GET /accounts/google/login/callback/?state=c7AaWd70PD3PThpO&code=4%2F0AVGzR1B9ir8uPWbPujuA7CZ0mW7_ige1GLM7sVRzW8YbKG0dlTVVUg1GHln1FVGUDZ__vA&scope=email+profile+https%3A%2F%2Fwww.googleapis.com%2Fauth%2Fuserinfo.profile+openid+https%3A%2F%2Fwww.googleapis.com%2Fauth%2Fuserinfo.email&authuser=4&prompt=none HTTP/1.1" 200 1166
INFO 2025-10-13 22:17:52,517 basehttp "GET /accounts/google/login/?process=login HTTP/1.1" 302 0
INFO 2025-10-13 22:17:57,548 basehttp "GET /accounts/google/login/callback/?state=lhUbu4QJJfZl30F1&code=4%2F0AVGzR1CkEmwvOhLzGZoPrUzvAeX0kt1BWw1mMhUjJk79m57hFEBAe9P1nE-RkWXUN_mX0A&scope=email+profile+https%3A%2F%2Fwww.googleapis.com%2Fauth%2Fuserinfo.email+openid+https%3A%2F%2Fwww.googleapis.com%2Fauth%2Fuserinfo.profile&authuser=7&prompt=none HTTP/1.1" 302 0
ERROR 2025-10-13 22:17:57,592 log Internal Server Error: /owner/dashboard/
Traceback (most recent call last):
  File "C:\Users\FRIDAY\AppData\Roaming\Python\Python313\site-packages\django\core\handlers\exception.py", line 55, in inner
    response = get_response(request)
  File "C:\Users\FRIDAY\AppData\Roaming\Python\Python313\site-packages\django\core\handlers\base.py", line 197, in _get_response
    response = wrapped_callback(request, *callback_args, **callback_kwargs)
  File "C:\Users\FRIDAY\AppData\Roaming\Python\Python313\site-packages\django\contrib\auth\decorators.py", line 59, in _view_wrapper
    return view_func(request, *args, **kwargs)
  File "F:\cafenest\owner\views.py", line 131, in owner_dashboard
    today_sales = today_orders.aggregate(total=Sum('total'))['total'] or 0
                  ~~~~~~~~~~~~~~~~~~~~~~^^^^^^^^^^^^^^^^^^^^
  File "C:\Users\FRIDAY\AppData\Roaming\Python\Python313\site-packages\django\db\models\query.py", line 588, in aggregate
    return self.query.chain().get_aggregation(self.db, kwargs)
           ~~~~~~~~~~~~~~~~~~~~~~~~~~~~~~~~~~^^^^^^^^^^^^^^^^^
  File "C:\Users\FRIDAY\AppData\Roaming\Python\Python313\site-packages\django\db\models\sql\query.py", line 460, in get_aggregation
    aggregate = aggregate_expr.resolve_expression(
        self, allow_joins=True, reuse=None, summarize=True
    )
  File "C:\Users\FRIDAY\AppData\Roaming\Python\Python313\site-packages\django\db\models\aggregates.py", line 63, in resolve_expression
    c = super().resolve_expression(query, allow_joins, reuse, summarize)
  File "C:\Users\FRIDAY\AppData\Roaming\Python\Python313\site-packages\django\db\models\expressions.py", line 300, in resolve_expression
    expr.resolve_expression(query, allow_joins, reuse, summarize, for_save)
    ~~~~~~~~~~~~~~~~~~~~~~~^^^^^^^^^^^^^^^^^^^^^^^^^^^^^^^^^^^^^^^^^^^^^^^^
  File "C:\Users\FRIDAY\AppData\Roaming\Python\Python313\site-packages\django\db\models\expressions.py", line 902, in resolve_expression
    return query.resolve_ref(self.name, allow_joins, reuse, summarize)
           ~~~~~~~~~~~~~~~~~^^^^^^^^^^^^^^^^^^^^^^^^^^^^^^^^^^^^^^^^^^
  File "C:\Users\FRIDAY\AppData\Roaming\Python\Python313\site-packages\django\db\models\sql\query.py", line 2050, in resolve_ref
    join_info = self.setup_joins(
        field_list, self.get_meta(), self.get_initial_alias(), can_reuse=reuse
    )
  File "C:\Users\FRIDAY\AppData\Roaming\Python\Python313\site-packages\django\db\models\sql\query.py", line 1901, in setup_joins
    path, final_field, targets, rest = self.names_to_path(
                                       ~~~~~~~~~~~~~~~~~~^
        names[:pivot],
        ^^^^^^^^^^^^^^
    ...<2 lines>...
        fail_on_missing=True,
        ^^^^^^^^^^^^^^^^^^^^^
    )
    ^
  File "C:\Users\FRIDAY\AppData\Roaming\Python\Python313\site-packages\django\db\models\sql\query.py", line 1806, in names_to_path
    raise FieldError(
    ...<2 lines>...
    )
django.core.exceptions.FieldError: Cannot resolve keyword 'total' into field. Choices are: cafe, cafe_id, created_at, id, order_number, status, table, table_id, tax_amount, total_amount, updated_at
ERROR 2025-10-13 22:17:57,600 basehttp "GET /owner/dashboard/ HTTP/1.1" 500 122312
INFO 2025-10-13 22:22:02,868 autoreload F:\cafenest\owner\views.py changed, reloading.
INFO 2025-10-13 22:22:03,798 autoreload Watching for file changes with StatReloader
INFO 2025-10-13 22:22:07,178 basehttp "GET / HTTP/1.1" 200 31929
INFO 2025-10-13 22:22:08,818 basehttp "GET /login/ HTTP/1.1" 200 7113
INFO 2025-10-13 22:22:10,518 basehttp "GET /accounts/google/login/?process=login HTTP/1.1" 302 0
INFO 2025-10-13 22:22:17,512 basehttp "GET /accounts/google/login/callback/?state=VOxDvuT0boGUVjn7&code=4%2F0AVGzR1AdXBvLJVsXFkiN3yeNNV6l6L8UNj2nck5P8auvDuftTq-Tr0XHQSm_TNSTOXP-RA&scope=email+profile+https%3A%2F%2Fwww.googleapis.com%2Fauth%2Fuserinfo.email+https%3A%2F%2Fwww.googleapis.com%2Fauth%2Fuserinfo.profile+openid&authuser=4&prompt=none HTTP/1.1" 302 0
ERROR 2025-10-13 22:22:17,665 log Internal Server Error: /owner/dashboard/
Traceback (most recent call last):
  File "C:\Users\FRIDAY\AppData\Roaming\Python\Python313\site-packages\django\db\backends\utils.py", line 105, in _execute
    return self.cursor.execute(sql, params)
           ~~~~~~~~~~~~~~~~~~~^^^^^^^^^^^^^
  File "C:\Users\FRIDAY\AppData\Roaming\Python\Python313\site-packages\django\db\backends\mysql\base.py", line 76, in execute
    return self.cursor.execute(query, args)
           ~~~~~~~~~~~~~~~~~~~^^^^^^^^^^^^^
  File "C:\Users\FRIDAY\AppData\Roaming\Python\Python313\site-packages\MySQLdb\cursors.py", line 179, in execute
    res = self._query(mogrified_query)
  File "C:\Users\FRIDAY\AppData\Roaming\Python\Python313\site-packages\MySQLdb\cursors.py", line 330, in _query
    db.query(q)
    ~~~~~~~~^^^
  File "C:\Users\FRIDAY\AppData\Roaming\Python\Python313\site-packages\MySQLdb\connections.py", line 280, in query
    _mysql.connection.query(self, query)
    ~~~~~~~~~~~~~~~~~~~~~~~^^^^^^^^^^^^^
MySQLdb.OperationalError: (1054, "Unknown column 'owner_order.total_amount' in 'field list'")

The above exception was the direct cause of the following exception:

Traceback (most recent call last):
  File "C:\Users\FRIDAY\AppData\Roaming\Python\Python313\site-packages\django\core\handlers\exception.py", line 55, in inner
    response = get_response(request)
  File "C:\Users\FRIDAY\AppData\Roaming\Python\Python313\site-packages\django\core\handlers\base.py", line 197, in _get_response
    response = wrapped_callback(request, *callback_args, **callback_kwargs)
  File "C:\Users\FRIDAY\AppData\Roaming\Python\Python313\site-packages\django\contrib\auth\decorators.py", line 59, in _view_wrapper
    return view_func(request, *args, **kwargs)
  File "F:\cafenest\owner\views.py", line 131, in owner_dashboard
    today_sales = today_orders.aggregate(total=Sum('total_amount'))['total'] or 0
                  ~~~~~~~~~~~~~~~~~~~~~~^^^^^^^^^^^^^^^^^^^^^^^^^^^
  File "C:\Users\FRIDAY\AppData\Roaming\Python\Python313\site-packages\django\db\models\query.py", line 588, in aggregate
    return self.query.chain().get_aggregation(self.db, kwargs)
           ~~~~~~~~~~~~~~~~~~~~~~~~~~~~~~~~~~^^^^^^^^^^^^^^^^^
  File "C:\Users\FRIDAY\AppData\Roaming\Python\Python313\site-packages\django\db\models\sql\query.py", line 626, in get_aggregation
    result = compiler.execute_sql(SINGLE)
  File "C:\Users\FRIDAY\AppData\Roaming\Python\Python313\site-packages\django\db\models\sql\compiler.py", line 1623, in execute_sql
    cursor.execute(sql, params)
    ~~~~~~~~~~~~~~^^^^^^^^^^^^^
  File "C:\Users\FRIDAY\AppData\Roaming\Python\Python313\site-packages\django\db\backends\utils.py", line 122, in execute
    return super().execute(sql, params)
           ~~~~~~~~~~~~~~~^^^^^^^^^^^^^
  File "C:\Users\FRIDAY\AppData\Roaming\Python\Python313\site-packages\django\db\backends\utils.py", line 79, in execute
    return self._execute_with_wrappers(
           ~~~~~~~~~~~~~~~~~~~~~~~~~~~^
        sql, params, many=False, executor=self._execute
        ^^^^^^^^^^^^^^^^^^^^^^^^^^^^^^^^^^^^^^^^^^^^^^^
    )
    ^
  File "C:\Users\FRIDAY\AppData\Roaming\Python\Python313\site-packages\django\db\backends\utils.py", line 92, in _execute_with_wrappers
    return executor(sql, params, many, context)
  File "C:\Users\FRIDAY\AppData\Roaming\Python\Python313\site-packages\django\db\backends\utils.py", line 100, in _execute
    with self.db.wrap_database_errors:
         ^^^^^^^^^^^^^^^^^^^^^^^^^^^^
  File "C:\Users\FRIDAY\AppData\Roaming\Python\Python313\site-packages\django\db\utils.py", line 91, in __exit__
    raise dj_exc_value.with_traceback(traceback) from exc_value
  File "C:\Users\FRIDAY\AppData\Roaming\Python\Python313\site-packages\django\db\backends\utils.py", line 105, in _execute
    return self.cursor.execute(sql, params)
           ~~~~~~~~~~~~~~~~~~~^^^^^^^^^^^^^
  File "C:\Users\FRIDAY\AppData\Roaming\Python\Python313\site-packages\django\db\backends\mysql\base.py", line 76, in execute
    return self.cursor.execute(query, args)
           ~~~~~~~~~~~~~~~~~~~^^^^^^^^^^^^^
  File "C:\Users\FRIDAY\AppData\Roaming\Python\Python313\site-packages\MySQLdb\cursors.py", line 179, in execute
    res = self._query(mogrified_query)
  File "C:\Users\FRIDAY\AppData\Roaming\Python\Python313\site-packages\MySQLdb\cursors.py", line 330, in _query
    db.query(q)
    ~~~~~~~~^^^
  File "C:\Users\FRIDAY\AppData\Roaming\Python\Python313\site-packages\MySQLdb\connections.py", line 280, in query
    _mysql.connection.query(self, query)
    ~~~~~~~~~~~~~~~~~~~~~~~^^^^^^^^^^^^^
django.db.utils.OperationalError: (1054, "Unknown column 'owner_order.total_amount' in 'field list'")
ERROR 2025-10-13 22:22:17,674 basehttp "GET /owner/dashboard/ HTTP/1.1" 500 169333
INFO 2025-10-13 22:23:25,822 autoreload Watching for file changes with StatReloader
INFO 2025-10-13 22:23:48,119 basehttp "GET / HTTP/1.1" 200 31929
INFO 2025-10-13 22:23:49,726 basehttp "GET /login/ HTTP/1.1" 200 7112
INFO 2025-10-13 22:23:50,635 basehttp "GET /accounts/google/login/?process=login HTTP/1.1" 302 0
INFO 2025-10-13 22:23:55,742 basehttp "GET /accounts/google/login/callback/?state=qpTiwCOhUGx7cKxv&code=4%2F0AVGzR1Aod_hQSofadeK9uInJWeDTbk3VF7JfjqBj4f-hlAaWHY3Bd8NuRBnCvtp3mwMsXA&scope=email+profile+https%3A%2F%2Fwww.googleapis.com%2Fauth%2Fuserinfo.profile+https%3A%2F%2Fwww.googleapis.com%2Fauth%2Fuserinfo.email+openid&authuser=4&prompt=none HTTP/1.1" 302 0
ERROR 2025-10-13 22:23:55,808 log Internal Server Error: /owner/dashboard/
Traceback (most recent call last):
  File "C:\Users\FRIDAY\AppData\Roaming\Python\Python313\site-packages\django\db\backends\utils.py", line 105, in _execute
    return self.cursor.execute(sql, params)
           ~~~~~~~~~~~~~~~~~~~^^^^^^^^^^^^^
  File "C:\Users\FRIDAY\AppData\Roaming\Python\Python313\site-packages\django\db\backends\mysql\base.py", line 76, in execute
    return self.cursor.execute(query, args)
           ~~~~~~~~~~~~~~~~~~~^^^^^^^^^^^^^
  File "C:\Users\FRIDAY\AppData\Roaming\Python\Python313\site-packages\MySQLdb\cursors.py", line 179, in execute
    res = self._query(mogrified_query)
  File "C:\Users\FRIDAY\AppData\Roaming\Python\Python313\site-packages\MySQLdb\cursors.py", line 330, in _query
    db.query(q)
    ~~~~~~~~^^^
  File "C:\Users\FRIDAY\AppData\Roaming\Python\Python313\site-packages\MySQLdb\connections.py", line 280, in query
    _mysql.connection.query(self, query)
    ~~~~~~~~~~~~~~~~~~~~~~~^^^^^^^^^^^^^
MySQLdb.OperationalError: (1054, "Unknown column 'owner_order.total_amount' in 'field list'")

The above exception was the direct cause of the following exception:

Traceback (most recent call last):
  File "C:\Users\FRIDAY\AppData\Roaming\Python\Python313\site-packages\django\core\handlers\exception.py", line 55, in inner
    response = get_response(request)
  File "C:\Users\FRIDAY\AppData\Roaming\Python\Python313\site-packages\django\core\handlers\base.py", line 197, in _get_response
    response = wrapped_callback(request, *callback_args, **callback_kwargs)
  File "C:\Users\FRIDAY\AppData\Roaming\Python\Python313\site-packages\django\contrib\auth\decorators.py", line 59, in _view_wrapper
    return view_func(request, *args, **kwargs)
  File "F:\cafenest\owner\views.py", line 131, in owner_dashboard
    today_sales = today_orders.aggregate(total=Sum('total_amount'))['total'] or 0
                  ~~~~~~~~~~~~~~~~~~~~~~^^^^^^^^^^^^^^^^^^^^^^^^^^^
  File "C:\Users\FRIDAY\AppData\Roaming\Python\Python313\site-packages\django\db\models\query.py", line 588, in aggregate
    return self.query.chain().get_aggregation(self.db, kwargs)
           ~~~~~~~~~~~~~~~~~~~~~~~~~~~~~~~~~~^^^^^^^^^^^^^^^^^
  File "C:\Users\FRIDAY\AppData\Roaming\Python\Python313\site-packages\django\db\models\sql\query.py", line 626, in get_aggregation
    result = compiler.execute_sql(SINGLE)
  File "C:\Users\FRIDAY\AppData\Roaming\Python\Python313\site-packages\django\db\models\sql\compiler.py", line 1623, in execute_sql
    cursor.execute(sql, params)
    ~~~~~~~~~~~~~~^^^^^^^^^^^^^
  File "C:\Users\FRIDAY\AppData\Roaming\Python\Python313\site-packages\django\db\backends\utils.py", line 122, in execute
    return super().execute(sql, params)
           ~~~~~~~~~~~~~~~^^^^^^^^^^^^^
  File "C:\Users\FRIDAY\AppData\Roaming\Python\Python313\site-packages\django\db\backends\utils.py", line 79, in execute
    return self._execute_with_wrappers(
           ~~~~~~~~~~~~~~~~~~~~~~~~~~~^
        sql, params, many=False, executor=self._execute
        ^^^^^^^^^^^^^^^^^^^^^^^^^^^^^^^^^^^^^^^^^^^^^^^
    )
    ^
  File "C:\Users\FRIDAY\AppData\Roaming\Python\Python313\site-packages\django\db\backends\utils.py", line 92, in _execute_with_wrappers
    return executor(sql, params, many, context)
  File "C:\Users\FRIDAY\AppData\Roaming\Python\Python313\site-packages\django\db\backends\utils.py", line 100, in _execute
    with self.db.wrap_database_errors:
         ^^^^^^^^^^^^^^^^^^^^^^^^^^^^
  File "C:\Users\FRIDAY\AppData\Roaming\Python\Python313\site-packages\django\db\utils.py", line 91, in __exit__
    raise dj_exc_value.with_traceback(traceback) from exc_value
  File "C:\Users\FRIDAY\AppData\Roaming\Python\Python313\site-packages\django\db\backends\utils.py", line 105, in _execute
    return self.cursor.execute(sql, params)
           ~~~~~~~~~~~~~~~~~~~^^^^^^^^^^^^^
  File "C:\Users\FRIDAY\AppData\Roaming\Python\Python313\site-packages\django\db\backends\mysql\base.py", line 76, in execute
    return self.cursor.execute(query, args)
           ~~~~~~~~~~~~~~~~~~~^^^^^^^^^^^^^
  File "C:\Users\FRIDAY\AppData\Roaming\Python\Python313\site-packages\MySQLdb\cursors.py", line 179, in execute
    res = self._query(mogrified_query)
  File "C:\Users\FRIDAY\AppData\Roaming\Python\Python313\site-packages\MySQLdb\cursors.py", line 330, in _query
    db.query(q)
    ~~~~~~~~^^^
  File "C:\Users\FRIDAY\AppData\Roaming\Python\Python313\site-packages\MySQLdb\connections.py", line 280, in query
    _mysql.connection.query(self, query)
    ~~~~~~~~~~~~~~~~~~~~~~~^^^^^^^^^^^^^
django.db.utils.OperationalError: (1054, "Unknown column 'owner_order.total_amount' in 'field list'")
ERROR 2025-10-13 22:23:55,816 basehttp "GET /owner/dashboard/ HTTP/1.1" 500 169333
INFO 2025-10-13 22:25:39,226 autoreload Watching for file changes with StatReloader
INFO 2025-10-13 22:25:42,317 basehttp "GET / HTTP/1.1" 200 31929
INFO 2025-10-13 22:25:47,857 basehttp "GET /login/ HTTP/1.1" 200 7112
INFO 2025-10-13 22:25:49,745 basehttp "GET /accounts/google/login/?process=login HTTP/1.1" 302 0
INFO 2025-10-13 22:25:55,563 basehttp "GET /accounts/google/login/callback/?state=fxZfqne44cotpxv8&code=4%2F0AVGzR1Bg7q92PchtNXDliM-pdaK_wgeEyCye59dLfna2F5jRDOJlEMycAemv8uk66ZaEtw&scope=email+profile+openid+https%3A%2F%2Fwww.googleapis.com%2Fauth%2Fuserinfo.profile+https%3A%2F%2Fwww.googleapis.com%2Fauth%2Fuserinfo.email&authuser=4&prompt=none HTTP/1.1" 302 0
ERROR 2025-10-13 22:25:55,619 log Internal Server Error: /owner/dashboard/
Traceback (most recent call last):
  File "C:\Users\FRIDAY\AppData\Roaming\Python\Python313\site-packages\django\db\backends\utils.py", line 105, in _execute
    return self.cursor.execute(sql, params)
           ~~~~~~~~~~~~~~~~~~~^^^^^^^^^^^^^
  File "C:\Users\FRIDAY\AppData\Roaming\Python\Python313\site-packages\django\db\backends\mysql\base.py", line 76, in execute
    return self.cursor.execute(query, args)
           ~~~~~~~~~~~~~~~~~~~^^^^^^^^^^^^^
  File "C:\Users\FRIDAY\AppData\Roaming\Python\Python313\site-packages\MySQLdb\cursors.py", line 179, in execute
    res = self._query(mogrified_query)
  File "C:\Users\FRIDAY\AppData\Roaming\Python\Python313\site-packages\MySQLdb\cursors.py", line 330, in _query
    db.query(q)
    ~~~~~~~~^^^
  File "C:\Users\FRIDAY\AppData\Roaming\Python\Python313\site-packages\MySQLdb\connections.py", line 280, in query
    _mysql.connection.query(self, query)
    ~~~~~~~~~~~~~~~~~~~~~~~^^^^^^^^^^^^^
MySQLdb.OperationalError: (1054, "Unknown column 'owner_order.total_amount' in 'field list'")

The above exception was the direct cause of the following exception:

Traceback (most recent call last):
  File "C:\Users\FRIDAY\AppData\Roaming\Python\Python313\site-packages\django\core\handlers\exception.py", line 55, in inner
    response = get_response(request)
  File "C:\Users\FRIDAY\AppData\Roaming\Python\Python313\site-packages\django\core\handlers\base.py", line 197, in _get_response
    response = wrapped_callback(request, *callback_args, **callback_kwargs)
  File "C:\Users\FRIDAY\AppData\Roaming\Python\Python313\site-packages\django\contrib\auth\decorators.py", line 59, in _view_wrapper
    return view_func(request, *args, **kwargs)
  File "F:\cafenest\owner\views.py", line 131, in owner_dashboard
    today_sales = today_orders.aggregate(total=Sum('total_amount'))['total'] or 0
                  ~~~~~~~~~~~~~~~~~~~~~~^^^^^^^^^^^^^^^^^^^^^^^^^^^
  File "C:\Users\FRIDAY\AppData\Roaming\Python\Python313\site-packages\django\db\models\query.py", line 588, in aggregate
    return self.query.chain().get_aggregation(self.db, kwargs)
           ~~~~~~~~~~~~~~~~~~~~~~~~~~~~~~~~~~^^^^^^^^^^^^^^^^^
  File "C:\Users\FRIDAY\AppData\Roaming\Python\Python313\site-packages\django\db\models\sql\query.py", line 626, in get_aggregation
    result = compiler.execute_sql(SINGLE)
  File "C:\Users\FRIDAY\AppData\Roaming\Python\Python313\site-packages\django\db\models\sql\compiler.py", line 1623, in execute_sql
    cursor.execute(sql, params)
    ~~~~~~~~~~~~~~^^^^^^^^^^^^^
  File "C:\Users\FRIDAY\AppData\Roaming\Python\Python313\site-packages\django\db\backends\utils.py", line 122, in execute
    return super().execute(sql, params)
           ~~~~~~~~~~~~~~~^^^^^^^^^^^^^
  File "C:\Users\FRIDAY\AppData\Roaming\Python\Python313\site-packages\django\db\backends\utils.py", line 79, in execute
    return self._execute_with_wrappers(
           ~~~~~~~~~~~~~~~~~~~~~~~~~~~^
        sql, params, many=False, executor=self._execute
        ^^^^^^^^^^^^^^^^^^^^^^^^^^^^^^^^^^^^^^^^^^^^^^^
    )
    ^
  File "C:\Users\FRIDAY\AppData\Roaming\Python\Python313\site-packages\django\db\backends\utils.py", line 92, in _execute_with_wrappers
    return executor(sql, params, many, context)
  File "C:\Users\FRIDAY\AppData\Roaming\Python\Python313\site-packages\django\db\backends\utils.py", line 100, in _execute
    with self.db.wrap_database_errors:
         ^^^^^^^^^^^^^^^^^^^^^^^^^^^^
  File "C:\Users\FRIDAY\AppData\Roaming\Python\Python313\site-packages\django\db\utils.py", line 91, in __exit__
    raise dj_exc_value.with_traceback(traceback) from exc_value
  File "C:\Users\FRIDAY\AppData\Roaming\Python\Python313\site-packages\django\db\backends\utils.py", line 105, in _execute
    return self.cursor.execute(sql, params)
           ~~~~~~~~~~~~~~~~~~~^^^^^^^^^^^^^
  File "C:\Users\FRIDAY\AppData\Roaming\Python\Python313\site-packages\django\db\backends\mysql\base.py", line 76, in execute
    return self.cursor.execute(query, args)
           ~~~~~~~~~~~~~~~~~~~^^^^^^^^^^^^^
  File "C:\Users\FRIDAY\AppData\Roaming\Python\Python313\site-packages\MySQLdb\cursors.py", line 179, in execute
    res = self._query(mogrified_query)
  File "C:\Users\FRIDAY\AppData\Roaming\Python\Python313\site-packages\MySQLdb\cursors.py", line 330, in _query
    db.query(q)
    ~~~~~~~~^^^
  File "C:\Users\FRIDAY\AppData\Roaming\Python\Python313\site-packages\MySQLdb\connections.py", line 280, in query
    _mysql.connection.query(self, query)
    ~~~~~~~~~~~~~~~~~~~~~~~^^^^^^^^^^^^^
django.db.utils.OperationalError: (1054, "Unknown column 'owner_order.total_amount' in 'field list'")
ERROR 2025-10-13 22:25:55,631 basehttp "GET /owner/dashboard/ HTTP/1.1" 500 169333
INFO 2025-10-13 22:27:28,135 autoreload Watching for file changes with StatReloader
INFO 2025-10-13 22:27:32,804 basehttp "GET / HTTP/1.1" 200 31929
INFO 2025-10-13 22:27:34,696 basehttp "GET /login/ HTTP/1.1" 200 7112
INFO 2025-10-13 22:27:35,911 basehttp "GET /accounts/google/login/?process=login HTTP/1.1" 302 0
INFO 2025-10-13 22:27:41,853 basehttp "GET /accounts/google/login/callback/?state=Q4bVXoGI5v6nT5Qn&code=4%2F0AVGzR1CaZiw3NlFPIDE0KgwnR5m89BLKx0kerEdi2KX2p6rAWAZAaI6iVDOBYmT-iZ_xNQ&scope=email+profile+https%3A%2F%2Fwww.googleapis.com%2Fauth%2Fuserinfo.email+https%3A%2F%2Fwww.googleapis.com%2Fauth%2Fuserinfo.profile+openid&authuser=4&prompt=none HTTP/1.1" 302 0
ERROR 2025-10-13 22:27:41,914 log Internal Server Error: /owner/dashboard/
Traceback (most recent call last):
  File "C:\Users\FRIDAY\AppData\Roaming\Python\Python313\site-packages\django\db\backends\utils.py", line 105, in _execute
    return self.cursor.execute(sql, params)
           ~~~~~~~~~~~~~~~~~~~^^^^^^^^^^^^^
  File "C:\Users\FRIDAY\AppData\Roaming\Python\Python313\site-packages\django\db\backends\mysql\base.py", line 76, in execute
    return self.cursor.execute(query, args)
           ~~~~~~~~~~~~~~~~~~~^^^^^^^^^^^^^
  File "C:\Users\FRIDAY\AppData\Roaming\Python\Python313\site-packages\MySQLdb\cursors.py", line 179, in execute
    res = self._query(mogrified_query)
  File "C:\Users\FRIDAY\AppData\Roaming\Python\Python313\site-packages\MySQLdb\cursors.py", line 330, in _query
    db.query(q)
    ~~~~~~~~^^^
  File "C:\Users\FRIDAY\AppData\Roaming\Python\Python313\site-packages\MySQLdb\connections.py", line 280, in query
    _mysql.connection.query(self, query)
    ~~~~~~~~~~~~~~~~~~~~~~~^^^^^^^^^^^^^
MySQLdb.OperationalError: (1054, "Unknown column 'owner_order.total_amount' in 'field list'")

The above exception was the direct cause of the following exception:

Traceback (most recent call last):
  File "C:\Users\FRIDAY\AppData\Roaming\Python\Python313\site-packages\django\core\handlers\exception.py", line 55, in inner
    response = get_response(request)
  File "C:\Users\FRIDAY\AppData\Roaming\Python\Python313\site-packages\django\core\handlers\base.py", line 197, in _get_response
    response = wrapped_callback(request, *callback_args, **callback_kwargs)
  File "C:\Users\FRIDAY\AppData\Roaming\Python\Python313\site-packages\django\contrib\auth\decorators.py", line 59, in _view_wrapper
    return view_func(request, *args, **kwargs)
  File "F:\cafenest\owner\views.py", line 131, in owner_dashboard
    today_sales = today_orders.aggregate(total=Sum('total_amount'))['total'] or 0
                  ~~~~~~~~~~~~~~~~~~~~~~^^^^^^^^^^^^^^^^^^^^^^^^^^^
  File "C:\Users\FRIDAY\AppData\Roaming\Python\Python313\site-packages\django\db\models\query.py", line 588, in aggregate
    return self.query.chain().get_aggregation(self.db, kwargs)
           ~~~~~~~~~~~~~~~~~~~~~~~~~~~~~~~~~~^^^^^^^^^^^^^^^^^
  File "C:\Users\FRIDAY\AppData\Roaming\Python\Python313\site-packages\django\db\models\sql\query.py", line 626, in get_aggregation
    result = compiler.execute_sql(SINGLE)
  File "C:\Users\FRIDAY\AppData\Roaming\Python\Python313\site-packages\django\db\models\sql\compiler.py", line 1623, in execute_sql
    cursor.execute(sql, params)
    ~~~~~~~~~~~~~~^^^^^^^^^^^^^
  File "C:\Users\FRIDAY\AppData\Roaming\Python\Python313\site-packages\django\db\backends\utils.py", line 122, in execute
    return super().execute(sql, params)
           ~~~~~~~~~~~~~~~^^^^^^^^^^^^^
  File "C:\Users\FRIDAY\AppData\Roaming\Python\Python313\site-packages\django\db\backends\utils.py", line 79, in execute
    return self._execute_with_wrappers(
           ~~~~~~~~~~~~~~~~~~~~~~~~~~~^
        sql, params, many=False, executor=self._execute
        ^^^^^^^^^^^^^^^^^^^^^^^^^^^^^^^^^^^^^^^^^^^^^^^
    )
    ^
  File "C:\Users\FRIDAY\AppData\Roaming\Python\Python313\site-packages\django\db\backends\utils.py", line 92, in _execute_with_wrappers
    return executor(sql, params, many, context)
  File "C:\Users\FRIDAY\AppData\Roaming\Python\Python313\site-packages\django\db\backends\utils.py", line 100, in _execute
    with self.db.wrap_database_errors:
         ^^^^^^^^^^^^^^^^^^^^^^^^^^^^
  File "C:\Users\FRIDAY\AppData\Roaming\Python\Python313\site-packages\django\db\utils.py", line 91, in __exit__
    raise dj_exc_value.with_traceback(traceback) from exc_value
  File "C:\Users\FRIDAY\AppData\Roaming\Python\Python313\site-packages\django\db\backends\utils.py", line 105, in _execute
    return self.cursor.execute(sql, params)
           ~~~~~~~~~~~~~~~~~~~^^^^^^^^^^^^^
  File "C:\Users\FRIDAY\AppData\Roaming\Python\Python313\site-packages\django\db\backends\mysql\base.py", line 76, in execute
    return self.cursor.execute(query, args)
           ~~~~~~~~~~~~~~~~~~~^^^^^^^^^^^^^
  File "C:\Users\FRIDAY\AppData\Roaming\Python\Python313\site-packages\MySQLdb\cursors.py", line 179, in execute
    res = self._query(mogrified_query)
  File "C:\Users\FRIDAY\AppData\Roaming\Python\Python313\site-packages\MySQLdb\cursors.py", line 330, in _query
    db.query(q)
    ~~~~~~~~^^^
  File "C:\Users\FRIDAY\AppData\Roaming\Python\Python313\site-packages\MySQLdb\connections.py", line 280, in query
    _mysql.connection.query(self, query)
    ~~~~~~~~~~~~~~~~~~~~~~~^^^^^^^^^^^^^
django.db.utils.OperationalError: (1054, "Unknown column 'owner_order.total_amount' in 'field list'")
ERROR 2025-10-13 22:27:41,922 basehttp "GET /owner/dashboard/ HTTP/1.1" 500 169333
INFO 2025-10-13 22:27:51,836 autoreload F:\cafenest\owner\views.py changed, reloading.
INFO 2025-10-13 22:27:52,829 autoreload Watching for file changes with StatReloader
ERROR 2025-10-13 22:27:54,596 log Internal Server Error: /owner/dashboard/
Traceback (most recent call last):
  File "C:\Users\FRIDAY\AppData\Roaming\Python\Python313\site-packages\django\core\handlers\exception.py", line 55, in inner
    response = get_response(request)
  File "C:\Users\FRIDAY\AppData\Roaming\Python\Python313\site-packages\django\core\handlers\base.py", line 197, in _get_response
    response = wrapped_callback(request, *callback_args, **callback_kwargs)
  File "C:\Users\FRIDAY\AppData\Roaming\Python\Python313\site-packages\django\contrib\auth\decorators.py", line 59, in _view_wrapper
    return view_func(request, *args, **kwargs)
  File "F:\cafenest\owner\views.py", line 131, in owner_dashboard
    today_sales = today_orders.aggregate(total=Sum('total'))['total'] or 0
                  ~~~~~~~~~~~~~~~~~~~~~~^^^^^^^^^^^^^^^^^^^^
  File "C:\Users\FRIDAY\AppData\Roaming\Python\Python313\site-packages\django\db\models\query.py", line 588, in aggregate
    return self.query.chain().get_aggregation(self.db, kwargs)
           ~~~~~~~~~~~~~~~~~~~~~~~~~~~~~~~~~~^^^^^^^^^^^^^^^^^
  File "C:\Users\FRIDAY\AppData\Roaming\Python\Python313\site-packages\django\db\models\sql\query.py", line 460, in get_aggregation
    aggregate = aggregate_expr.resolve_expression(
        self, allow_joins=True, reuse=None, summarize=True
    )
  File "C:\Users\FRIDAY\AppData\Roaming\Python\Python313\site-packages\django\db\models\aggregates.py", line 63, in resolve_expression
    c = super().resolve_expression(query, allow_joins, reuse, summarize)
  File "C:\Users\FRIDAY\AppData\Roaming\Python\Python313\site-packages\django\db\models\expressions.py", line 300, in resolve_expression
    expr.resolve_expression(query, allow_joins, reuse, summarize, for_save)
    ~~~~~~~~~~~~~~~~~~~~~~~^^^^^^^^^^^^^^^^^^^^^^^^^^^^^^^^^^^^^^^^^^^^^^^^
  File "C:\Users\FRIDAY\AppData\Roaming\Python\Python313\site-packages\django\db\models\expressions.py", line 902, in resolve_expression
    return query.resolve_ref(self.name, allow_joins, reuse, summarize)
           ~~~~~~~~~~~~~~~~~^^^^^^^^^^^^^^^^^^^^^^^^^^^^^^^^^^^^^^^^^^
  File "C:\Users\FRIDAY\AppData\Roaming\Python\Python313\site-packages\django\db\models\sql\query.py", line 2050, in resolve_ref
    join_info = self.setup_joins(
        field_list, self.get_meta(), self.get_initial_alias(), can_reuse=reuse
    )
  File "C:\Users\FRIDAY\AppData\Roaming\Python\Python313\site-packages\django\db\models\sql\query.py", line 1901, in setup_joins
    path, final_field, targets, rest = self.names_to_path(
                                       ~~~~~~~~~~~~~~~~~~^
        names[:pivot],
        ^^^^^^^^^^^^^^
    ...<2 lines>...
        fail_on_missing=True,
        ^^^^^^^^^^^^^^^^^^^^^
    )
    ^
  File "C:\Users\FRIDAY\AppData\Roaming\Python\Python313\site-packages\django\db\models\sql\query.py", line 1806, in names_to_path
    raise FieldError(
    ...<2 lines>...
    )
django.core.exceptions.FieldError: Cannot resolve keyword 'total' into field. Choices are: cafe, cafe_id, created_at, id, order_number, status, table, table_id, tax_amount, total_amount, updated_at
ERROR 2025-10-13 22:27:54,609 basehttp "GET /owner/dashboard/ HTTP/1.1" 500 122425
ERROR 2025-10-13 22:27:55,501 log Internal Server Error: /owner/dashboard/
Traceback (most recent call last):
  File "C:\Users\FRIDAY\AppData\Roaming\Python\Python313\site-packages\django\core\handlers\exception.py", line 55, in inner
    response = get_response(request)
  File "C:\Users\FRIDAY\AppData\Roaming\Python\Python313\site-packages\django\core\handlers\base.py", line 197, in _get_response
    response = wrapped_callback(request, *callback_args, **callback_kwargs)
  File "C:\Users\FRIDAY\AppData\Roaming\Python\Python313\site-packages\django\contrib\auth\decorators.py", line 59, in _view_wrapper
    return view_func(request, *args, **kwargs)
  File "F:\cafenest\owner\views.py", line 131, in owner_dashboard
    today_sales = today_orders.aggregate(total=Sum('total'))['total'] or 0
                  ~~~~~~~~~~~~~~~~~~~~~~^^^^^^^^^^^^^^^^^^^^
  File "C:\Users\FRIDAY\AppData\Roaming\Python\Python313\site-packages\django\db\models\query.py", line 588, in aggregate
    return self.query.chain().get_aggregation(self.db, kwargs)
           ~~~~~~~~~~~~~~~~~~~~~~~~~~~~~~~~~~^^^^^^^^^^^^^^^^^
  File "C:\Users\FRIDAY\AppData\Roaming\Python\Python313\site-packages\django\db\models\sql\query.py", line 460, in get_aggregation
    aggregate = aggregate_expr.resolve_expression(
        self, allow_joins=True, reuse=None, summarize=True
    )
  File "C:\Users\FRIDAY\AppData\Roaming\Python\Python313\site-packages\django\db\models\aggregates.py", line 63, in resolve_expression
    c = super().resolve_expression(query, allow_joins, reuse, summarize)
  File "C:\Users\FRIDAY\AppData\Roaming\Python\Python313\site-packages\django\db\models\expressions.py", line 300, in resolve_expression
    expr.resolve_expression(query, allow_joins, reuse, summarize, for_save)
    ~~~~~~~~~~~~~~~~~~~~~~~^^^^^^^^^^^^^^^^^^^^^^^^^^^^^^^^^^^^^^^^^^^^^^^^
  File "C:\Users\FRIDAY\AppData\Roaming\Python\Python313\site-packages\django\db\models\expressions.py", line 902, in resolve_expression
    return query.resolve_ref(self.name, allow_joins, reuse, summarize)
           ~~~~~~~~~~~~~~~~~^^^^^^^^^^^^^^^^^^^^^^^^^^^^^^^^^^^^^^^^^^
  File "C:\Users\FRIDAY\AppData\Roaming\Python\Python313\site-packages\django\db\models\sql\query.py", line 2050, in resolve_ref
    join_info = self.setup_joins(
        field_list, self.get_meta(), self.get_initial_alias(), can_reuse=reuse
    )
  File "C:\Users\FRIDAY\AppData\Roaming\Python\Python313\site-packages\django\db\models\sql\query.py", line 1901, in setup_joins
    path, final_field, targets, rest = self.names_to_path(
                                       ~~~~~~~~~~~~~~~~~~^
        names[:pivot],
        ^^^^^^^^^^^^^^
    ...<2 lines>...
        fail_on_missing=True,
        ^^^^^^^^^^^^^^^^^^^^^
    )
    ^
  File "C:\Users\FRIDAY\AppData\Roaming\Python\Python313\site-packages\django\db\models\sql\query.py", line 1806, in names_to_path
    raise FieldError(
    ...<2 lines>...
    )
django.core.exceptions.FieldError: Cannot resolve keyword 'total' into field. Choices are: cafe, cafe_id, created_at, id, order_number, status, table, table_id, tax_amount, total_amount, updated_at
ERROR 2025-10-13 22:27:55,504 basehttp "GET /owner/dashboard/ HTTP/1.1" 500 122425
INFO 2025-10-13 22:27:58,762 basehttp "GET /accounts/google/login/?process=login HTTP/1.1" 302 0
INFO 2025-10-13 22:28:03,858 basehttp "GET /accounts/google/login/callback/?state=BqFKIyJ6Tnczi739&code=4%2F0AVGzR1DY60FLRYGgI0tARhVRz5yLG5dRdz9jXKYsy99IxxZBJuCAu5FIMNFKAhN6-qgYrg&scope=email+profile+https%3A%2F%2Fwww.googleapis.com%2Fauth%2Fuserinfo.email+https%3A%2F%2Fwww.googleapis.com%2Fauth%2Fuserinfo.profile+openid&authuser=4&prompt=none HTTP/1.1" 302 0
ERROR 2025-10-13 22:28:03,895 log Internal Server Error: /owner/dashboard/
Traceback (most recent call last):
  File "C:\Users\FRIDAY\AppData\Roaming\Python\Python313\site-packages\django\core\handlers\exception.py", line 55, in inner
    response = get_response(request)
  File "C:\Users\FRIDAY\AppData\Roaming\Python\Python313\site-packages\django\core\handlers\base.py", line 197, in _get_response
    response = wrapped_callback(request, *callback_args, **callback_kwargs)
  File "C:\Users\FRIDAY\AppData\Roaming\Python\Python313\site-packages\django\contrib\auth\decorators.py", line 59, in _view_wrapper
    return view_func(request, *args, **kwargs)
  File "F:\cafenest\owner\views.py", line 131, in owner_dashboard
    today_sales = today_orders.aggregate(total=Sum('total'))['total'] or 0
                  ~~~~~~~~~~~~~~~~~~~~~~^^^^^^^^^^^^^^^^^^^^
  File "C:\Users\FRIDAY\AppData\Roaming\Python\Python313\site-packages\django\db\models\query.py", line 588, in aggregate
    return self.query.chain().get_aggregation(self.db, kwargs)
           ~~~~~~~~~~~~~~~~~~~~~~~~~~~~~~~~~~^^^^^^^^^^^^^^^^^
  File "C:\Users\FRIDAY\AppData\Roaming\Python\Python313\site-packages\django\db\models\sql\query.py", line 460, in get_aggregation
    aggregate = aggregate_expr.resolve_expression(
        self, allow_joins=True, reuse=None, summarize=True
    )
  File "C:\Users\FRIDAY\AppData\Roaming\Python\Python313\site-packages\django\db\models\aggregates.py", line 63, in resolve_expression
    c = super().resolve_expression(query, allow_joins, reuse, summarize)
  File "C:\Users\FRIDAY\AppData\Roaming\Python\Python313\site-packages\django\db\models\expressions.py", line 300, in resolve_expression
    expr.resolve_expression(query, allow_joins, reuse, summarize, for_save)
    ~~~~~~~~~~~~~~~~~~~~~~~^^^^^^^^^^^^^^^^^^^^^^^^^^^^^^^^^^^^^^^^^^^^^^^^
  File "C:\Users\FRIDAY\AppData\Roaming\Python\Python313\site-packages\django\db\models\expressions.py", line 902, in resolve_expression
    return query.resolve_ref(self.name, allow_joins, reuse, summarize)
           ~~~~~~~~~~~~~~~~~^^^^^^^^^^^^^^^^^^^^^^^^^^^^^^^^^^^^^^^^^^
  File "C:\Users\FRIDAY\AppData\Roaming\Python\Python313\site-packages\django\db\models\sql\query.py", line 2050, in resolve_ref
    join_info = self.setup_joins(
        field_list, self.get_meta(), self.get_initial_alias(), can_reuse=reuse
    )
  File "C:\Users\FRIDAY\AppData\Roaming\Python\Python313\site-packages\django\db\models\sql\query.py", line 1901, in setup_joins
    path, final_field, targets, rest = self.names_to_path(
                                       ~~~~~~~~~~~~~~~~~~^
        names[:pivot],
        ^^^^^^^^^^^^^^
    ...<2 lines>...
        fail_on_missing=True,
        ^^^^^^^^^^^^^^^^^^^^^
    )
    ^
  File "C:\Users\FRIDAY\AppData\Roaming\Python\Python313\site-packages\django\db\models\sql\query.py", line 1806, in names_to_path
    raise FieldError(
    ...<2 lines>...
    )
django.core.exceptions.FieldError: Cannot resolve keyword 'total' into field. Choices are: cafe, cafe_id, created_at, id, order_number, status, table, table_id, tax_amount, total_amount, updated_at
ERROR 2025-10-13 22:28:03,904 basehttp "GET /owner/dashboard/ HTTP/1.1" 500 122303
INFO 2025-10-13 22:28:24,110 autoreload F:\cafenest\owner\models.py changed, reloading.
INFO 2025-10-13 22:28:25,136 autoreload Watching for file changes with StatReloader
INFO 2025-10-13 22:29:03,405 autoreload F:\cafenest\owner\admin.py changed, reloading.
INFO 2025-10-13 22:29:04,420 autoreload Watching for file changes with StatReloader
INFO 2025-10-13 22:29:06,772 autoreload F:\cafenest\owner\views.py changed, reloading.
INFO 2025-10-13 22:29:07,777 autoreload Watching for file changes with StatReloader
INFO 2025-10-13 22:29:19,543 basehttp "GET / HTTP/1.1" 200 31929
INFO 2025-10-13 22:29:21,145 basehttp "GET /login/ HTTP/1.1" 200 7239
INFO 2025-10-13 22:29:22,555 basehttp "GET /accounts/google/login/?process=login HTTP/1.1" 302 0
INFO 2025-10-13 22:29:27,767 basehttp "GET /accounts/google/login/callback/?state=jLgnpDiX7qNlRpYe&code=4%2F0AVGzR1AVv0wFJApkUelakwQHLW4RTw0VNzms4p6AZ7ahSJn-w7JRmDtDNpHGV8K4yccsKA&scope=email+profile+openid+https%3A%2F%2Fwww.googleapis.com%2Fauth%2Fuserinfo.email+https%3A%2F%2Fwww.googleapis.com%2Fauth%2Fuserinfo.profile&authuser=4&prompt=none HTTP/1.1" 302 0
INFO 2025-10-13 22:29:27,837 basehttp "GET /owner/dashboard/ HTTP/1.1" 200 10162
INFO 2025-10-13 22:33:34,171 autoreload F:\cafenest\owner\views.py changed, reloading.
INFO 2025-10-13 22:33:35,034 autoreload Watching for file changes with StatReloader
INFO 2025-10-13 22:34:09,527 autoreload F:\cafenest\owner\urls.py changed, reloading.
INFO 2025-10-13 22:34:10,343 autoreload Watching for file changes with StatReloader
INFO 2025-10-13 22:34:39,550 basehttp "GET /logout/ HTTP/1.1" 302 0
INFO 2025-10-13 22:34:39,565 basehttp "GET /login/ HTTP/1.1" 200 7118
INFO 2025-10-13 22:34:41,186 basehttp "GET /accounts/google/login/?process=login HTTP/1.1" 302 0
INFO 2025-10-13 22:34:46,579 basehttp "GET /accounts/google/login/callback/?state=c9z4lsEnFT2KmBdP&code=4%2F0AVGzR1BooV0qCHpz4HrkcAAhuUC4kJSJx2thP97SRDJbWS9rHip9R4u-lHfO88dHI8928Q&scope=email+profile+https%3A%2F%2Fwww.googleapis.com%2Fauth%2Fuserinfo.email+https%3A%2F%2Fwww.googleapis.com%2Fauth%2Fuserinfo.profile+openid&authuser=4&prompt=none HTTP/1.1" 302 0
INFO 2025-10-13 22:34:46,620 basehttp "GET /owner/dashboard/ HTTP/1.1" 200 10162
INFO 2025-10-13 22:34:51,530 basehttp "GET /logout/ HTTP/1.1" 302 0
INFO 2025-10-13 22:34:51,535 basehttp "GET /login/ HTTP/1.1" 200 7118
INFO 2025-10-13 22:35:25,677 basehttp "GET /manager/login/ HTTP/1.1" 200 4708
INFO 2025-10-13 22:35:53,583 basehttp "POST /accounts/login/ HTTP/1.1" 200 2491
INFO 2025-10-13 22:36:04,857 basehttp "POST /accounts/login/ HTTP/1.1" 200 2491
INFO 2025-10-13 22:36:09,566 basehttp "POST /accounts/login/ HTTP/1.1" 200 2491
INFO 2025-10-13 22:36:30,757 basehttp "POST /accounts/login/ HTTP/1.1" 200 2491
INFO 2025-10-13 22:40:23,360 autoreload F:\cafenest\manager\views.py changed, reloading.
INFO 2025-10-13 22:40:24,304 autoreload Watching for file changes with StatReloader
INFO 2025-10-13 22:41:59,029 autoreload Watching for file changes with StatReloader
INFO 2025-10-13 22:42:01,421 basehttp "GET / HTTP/1.1" 200 31929
INFO 2025-10-13 22:42:06,378 basehttp "GET /manager/login/ HTTP/1.1" 200 4983
INFO 2025-10-13 22:42:34,701 basehttp "POST /manager/login/ HTTP/1.1" 200 5141
INFO 2025-10-13 22:42:41,032 basehttp "GET / HTTP/1.1" 200 31929
INFO 2025-10-13 22:42:42,790 basehttp "GET /login/ HTTP/1.1" 200 6917
INFO 2025-10-13 22:43:00,792 basehttp "GET /accounts/google/login/?process=login HTTP/1.1" 302 0
INFO 2025-10-13 22:43:30,430 basehttp "GET /accounts/google/login/callback/?state=vGKcng8pfWU8pLCx&code=4%2F0AVGzR1BH6xg1tSz4eA8pYGawq8gTYykuauC9oBsW83LgYxaNO5G-EMcZYgyIau44gtk3pw&scope=email+profile+https%3A%2F%2Fwww.googleapis.com%2Fauth%2Fuserinfo.profile+https%3A%2F%2Fwww.googleapis.com%2Fauth%2Fuserinfo.email+openid&authuser=3&prompt=consent HTTP/1.1" 302 0
INFO 2025-10-13 22:43:30,461 basehttp "GET /owner/dashboard/ HTTP/1.1" 200 10158
INFO 2025-10-13 22:43:39,608 basehttp "GET /cafes/ HTTP/1.1" 200 8569
INFO 2025-10-13 22:43:40,744 basehttp "GET /cafes/add/ HTTP/1.1" 200 8220
INFO 2025-10-13 22:45:48,742 basehttp "POST /cafes/add/ HTTP/1.1" 302 0
INFO 2025-10-13 22:45:48,756 basehttp "GET /cafes/ HTTP/1.1" 200 10627
INFO 2025-10-13 22:45:51,552 basehttp "POST /cafes/toggle/1/ HTTP/1.1" 302 0
INFO 2025-10-13 22:45:51,563 basehttp "GET /cafes/ HTTP/1.1" 200 10634
INFO 2025-10-13 22:45:56,343 basehttp "GET /staff/ HTTP/1.1" 200 6535
INFO 2025-10-13 22:45:58,156 basehttp "GET /cafes/ HTTP/1.1" 200 10414
INFO 2025-10-13 22:45:59,462 basehttp "GET /cafes/add/ HTTP/1.1" 200 8220
INFO 2025-10-13 22:46:53,182 basehttp "POST /cafes/add/ HTTP/1.1" 302 0
INFO 2025-10-13 22:46:53,197 basehttp "GET /cafes/ HTTP/1.1" 200 12623
INFO 2025-10-13 22:46:55,331 basehttp "POST /cafes/toggle/2/ HTTP/1.1" 302 0
INFO 2025-10-13 22:46:55,343 basehttp "GET /cafes/ HTTP/1.1" 200 12630
INFO 2025-10-13 22:46:57,146 basehttp "GET /cafes/add/ HTTP/1.1" 200 8220
INFO 2025-10-13 22:47:07,525 basehttp "GET /staff/ HTTP/1.1" 200 6535
INFO 2025-10-13 22:47:08,755 basehttp "GET /staff/add/ HTTP/1.1" 200 6751
INFO 2025-10-13 22:47:46,818 basehttp "POST /staff/add/ HTTP/1.1" 302 0
INFO 2025-10-13 22:47:46,833 basehttp "GET /staff/ HTTP/1.1" 200 8615
INFO 2025-10-13 22:48:30,909 basehttp "GET /menu/ HTTP/1.1" 200 6564
INFO 2025-10-13 22:48:31,879 basehttp "GET /menu/add/ HTTP/1.1" 200 8212
INFO 2025-10-13 22:49:04,786 basehttp "POST /menu/add/ HTTP/1.1" 302 0
INFO 2025-10-13 22:49:04,803 basehttp "GET /menu/ HTTP/1.1" 200 8160
INFO 2025-10-13 22:49:21,231 basehttp "GET /reports/ HTTP/1.1" 200 7567
INFO 2025-10-13 22:49:29,940 basehttp "GET /owner/settings/ HTTP/1.1" 200 6653
INFO 2025-10-13 22:49:31,312 basehttp "GET /logout/ HTTP/1.1" 302 0
INFO 2025-10-13 22:49:31,319 basehttp "GET /login/ HTTP/1.1" 200 7118
INFO 2025-10-13 22:49:37,482 basehttp "GET /owner/settings/ HTTP/1.1" 302 0
INFO 2025-10-13 22:49:37,491 basehttp "GET /owner/login/?next=/owner/settings/ HTTP/1.1" 200 6917
INFO 2025-10-13 22:49:38,325 basehttp "GET /reports/ HTTP/1.1" 302 0
INFO 2025-10-13 22:49:38,331 basehttp "GET /owner/login/?next=/reports/ HTTP/1.1" 200 6917
INFO 2025-10-13 22:49:38,589 basehttp "GET /menu/ HTTP/1.1" 302 0
INFO 2025-10-13 22:49:38,595 basehttp "GET /owner/login/?next=/menu/ HTTP/1.1" 200 6917
INFO 2025-10-13 22:49:39,439 basehttp "GET /menu/add/ HTTP/1.1" 302 0
INFO 2025-10-13 22:49:39,445 basehttp "GET /owner/login/?next=/menu/add/ HTTP/1.1" 200 6917
INFO 2025-10-13 22:49:40,586 basehttp "GET /staff/ HTTP/1.1" 302 0
INFO 2025-10-13 22:49:40,604 basehttp "GET /owner/login/?next=/staff/ HTTP/1.1" 200 6917
INFO 2025-10-13 22:49:40,924 basehttp "GET /staff/add/ HTTP/1.1" 302 0
INFO 2025-10-13 22:49:40,931 basehttp "GET /owner/login/?next=/staff/add/ HTTP/1.1" 200 6917
INFO 2025-10-13 22:49:41,622 basehttp "GET /cafes/add/ HTTP/1.1" 302 0
INFO 2025-10-13 22:49:41,632 basehttp "GET /owner/login/?next=/cafes/add/ HTTP/1.1" 200 6917
INFO 2025-10-13 22:49:41,992 basehttp "GET /cafes/ HTTP/1.1" 302 0
INFO 2025-10-13 22:49:41,999 basehttp "GET /owner/login/?next=/cafes/ HTTP/1.1" 200 6917
INFO 2025-10-13 22:49:45,447 basehttp "GET /owner/login/?next=/cafes/ HTTP/1.1" 200 6917
INFO 2025-10-13 22:49:54,910 basehttp "GET / HTTP/1.1" 200 31929
INFO 2025-10-13 22:49:58,349 basehttp "GET /manager/login/ HTTP/1.1" 200 4983
INFO 2025-10-13 22:50:14,793 basehttp "POST /manager/login/ HTTP/1.1" 302 0
INFO 2025-10-13 22:50:14,860 basehttp "GET /manager/dashboard/ HTTP/1.1" 200 8611
INFO 2025-10-13 22:50:30,172 basehttp "GET /manager/staff/ HTTP/1.1" 200 5766
INFO 2025-10-13 22:50:32,361 basehttp "GET /manager/dashboard/ HTTP/1.1" 200 8424
INFO 2025-10-13 22:50:33,621 basehttp "GET /manager/staff/ HTTP/1.1" 200 5766
INFO 2025-10-13 22:50:34,978 basehttp "GET /manager/dashboard/ HTTP/1.1" 200 8424
INFO 2025-10-13 22:50:36,988 basehttp "GET /manager/staff/ HTTP/1.1" 200 5766
INFO 2025-10-13 22:50:38,470 basehttp "GET /manager/dashboard/ HTTP/1.1" 200 8424
INFO 2025-10-13 22:50:39,641 basehttp "GET /manager/staff/ HTTP/1.1" 200 5766
INFO 2025-10-13 22:50:40,906 basehttp "GET /manager/staff/ HTTP/1.1" 200 5766
INFO 2025-10-13 22:50:41,960 basehttp "GET /manager/tables/ HTTP/1.1" 200 8213
INFO 2025-10-13 22:50:43,236 basehttp "GET /staff/ HTTP/1.1" 200 6535
INFO 2025-10-13 22:50:44,895 basehttp "GET /owner/dashboard/ HTTP/1.1" 200 9967
INFO 2025-10-13 22:50:57,425 basehttp "GET /owner/dashboard/ HTTP/1.1" 200 9967
INFO 2025-10-13 22:50:58,156 basehttp "GET /owner/dashboard/ HTTP/1.1" 200 9967
INFO 2025-10-13 22:50:59,027 basehttp "GET /cafes/ HTTP/1.1" 200 8569
INFO 2025-10-13 22:51:01,924 basehttp "GET /staff/ HTTP/1.1" 200 6535
INFO 2025-10-13 22:51:04,900 basehttp "GET /menu/ HTTP/1.1" 200 6564
INFO 2025-10-13 22:51:06,011 basehttp "GET /reports/ HTTP/1.1" 200 7567
INFO 2025-10-13 22:51:07,965 basehttp "GET /owner/settings/ HTTP/1.1" 200 6653
INFO 2025-10-13 22:51:09,678 basehttp "GET /staff/ HTTP/1.1" 200 6535
INFO 2025-10-13 22:51:10,218 basehttp "GET /cafes/ HTTP/1.1" 200 8569
INFO 2025-10-13 22:51:10,927 basehttp "GET /owner/dashboard/ HTTP/1.1" 200 9967
INFO 2025-10-13 22:51:11,968 basehttp "GET /staff/ HTTP/1.1" 200 6535
INFO 2025-10-13 22:51:13,440 basehttp "GET /owner/dashboard/ HTTP/1.1" 200 9967
INFO 2025-10-13 22:51:14,110 basehttp "GET /cafes/ HTTP/1.1" 200 8569
INFO 2025-10-13 22:51:15,132 basehttp "GET /owner/dashboard/ HTTP/1.1" 200 9967
INFO 2025-10-13 22:51:26,384 basehttp "GET /logout/ HTTP/1.1" 302 0
INFO 2025-10-13 22:51:26,389 basehttp "GET /login/ HTTP/1.1" 200 7118
INFO 2025-10-13 22:51:34,612 basehttp "GET /staff/ HTTP/1.1" 302 0
INFO 2025-10-13 22:51:34,621 basehttp "GET /owner/login/?next=/staff/ HTTP/1.1" 200 6917
INFO 2025-10-13 22:51:34,954 basehttp "GET /owner/settings/ HTTP/1.1" 302 0
INFO 2025-10-13 22:51:34,966 basehttp "GET /owner/login/?next=/owner/settings/ HTTP/1.1" 200 6917
INFO 2025-10-13 22:51:35,751 basehttp "GET /reports/ HTTP/1.1" 302 0
INFO 2025-10-13 22:51:35,758 basehttp "GET /owner/login/?next=/reports/ HTTP/1.1" 200 6917
INFO 2025-10-13 22:51:36,392 basehttp "GET /menu/ HTTP/1.1" 302 0
INFO 2025-10-13 22:51:36,397 basehttp "GET /owner/login/?next=/menu/ HTTP/1.1" 200 6917
INFO 2025-10-13 22:51:37,133 basehttp "GET /cafes/ HTTP/1.1" 302 0
INFO 2025-10-13 22:51:37,140 basehttp "GET /owner/login/?next=/cafes/ HTTP/1.1" 200 6917
INFO 2025-10-13 22:51:37,357 basehttp "GET /owner/dashboard/ HTTP/1.1" 302 0
INFO 2025-10-13 22:51:37,366 basehttp "GET /owner/login/?next=/owner/dashboard/ HTTP/1.1" 200 6917
INFO 2025-10-13 22:51:37,780 basehttp "GET /manager/tables/ HTTP/1.1" 302 0
INFO 2025-10-13 22:51:37,787 basehttp "GET /owner/login/?next=/manager/tables/ HTTP/1.1" 200 6917
INFO 2025-10-13 22:51:37,997 basehttp "GET /manager/staff/ HTTP/1.1" 302 0
INFO 2025-10-13 22:51:38,004 basehttp "GET /owner/login/?next=/manager/staff/ HTTP/1.1" 200 6917
INFO 2025-10-13 22:51:38,205 basehttp "GET /manager/dashboard/ HTTP/1.1" 302 0
INFO 2025-10-13 22:51:38,211 basehttp "GET /owner/login/?next=/manager/dashboard/ HTTP/1.1" 200 6917
INFO 2025-10-13 22:51:43,956 basehttp "GET / HTTP/1.1" 200 31929
INFO 2025-10-13 22:51:46,791 basehttp "GET /manager/login/ HTTP/1.1" 200 4983
INFO 2025-10-13 22:52:03,331 basehttp "POST /manager/login/ HTTP/1.1" 302 0
INFO 2025-10-13 22:52:03,358 basehttp "GET /manager/dashboard/ HTTP/1.1" 200 8611
INFO 2025-10-13 22:52:07,713 basehttp "GET /manager/staff/ HTTP/1.1" 200 5766
INFO 2025-10-13 22:52:10,533 basehttp "GET /manager/dashboard/ HTTP/1.1" 200 8424
INFO 2025-10-13 22:52:15,849 basehttp "GET /manager/staff/ HTTP/1.1" 200 5766
INFO 2025-10-13 22:52:18,523 basehttp "GET /manager/tables/ HTTP/1.1" 200 8213
INFO 2025-10-13 22:52:24,590 basehttp "GET /staff/ HTTP/1.1" 200 6535
INFO 2025-10-13 22:52:26,269 basehttp "GET /cafes/ HTTP/1.1" 200 8569
INFO 2025-10-13 22:52:27,693 basehttp "GET /owner/dashboard/ HTTP/1.1" 200 9967
INFO 2025-10-13 22:52:29,196 basehttp "GET /cafes/ HTTP/1.1" 200 8569
INFO 2025-10-13 22:52:29,840 basehttp "GET /staff/ HTTP/1.1" 200 6535
INFO 2025-10-13 22:52:30,425 basehttp "GET /menu/ HTTP/1.1" 200 6564
INFO 2025-10-13 22:52:30,970 basehttp "GET /reports/ HTTP/1.1" 200 7567
INFO 2025-10-13 22:52:31,977 basehttp "GET /owner/settings/ HTTP/1.1" 200 6654
INFO 2025-10-13 22:52:32,920 basehttp "GET /logout/ HTTP/1.1" 302 0
INFO 2025-10-13 22:52:32,926 basehttp "GET /login/ HTTP/1.1" 200 7118
INFO 2025-10-13 23:04:33,582 autoreload F:\cafenest\owner\views.py changed, reloading.
INFO 2025-10-13 23:04:34,776 autoreload Watching for file changes with StatReloader
INFO 2025-10-13 23:06:03,331 autoreload F:\cafenest\owner\models.py changed, reloading.
INFO 2025-10-13 23:06:04,274 autoreload Watching for file changes with StatReloader
INFO 2025-10-13 23:07:07,474 autoreload F:\cafenest\owner\models.py changed, reloading.
INFO 2025-10-13 23:07:08,682 autoreload Watching for file changes with StatReloader
INFO 2025-10-13 23:08:21,107 autoreload F:\cafenest\owner\models.py changed, reloading.
INFO 2025-10-13 23:08:22,222 autoreload Watching for file changes with StatReloader
INFO 2025-10-13 23:22:59,984 autoreload Watching for file changes with StatReloader
INFO 2025-10-13 23:23:52,113 autoreload Watching for file changes with StatReloader
INFO 2025-10-13 23:24:22,376 autoreload Watching for file changes with StatReloader
INFO 2025-10-13 23:24:46,049 autoreload Watching for file changes with StatReloader
INFO 2025-10-13 23:26:15,062 autoreload Watching for file changes with StatReloader
INFO 2025-10-13 23:27:13,506 autoreload F:\cafenest\manager\urls.py changed, reloading.
INFO 2025-10-13 23:27:14,457 autoreload Watching for file changes with StatReloader
INFO 2025-10-13 23:27:32,658 autoreload Watching for file changes with StatReloader
INFO 2025-10-13 23:28:47,368 autoreload F:\cafenest\manager\forms.py changed, reloading.
INFO 2025-10-13 23:28:48,397 autoreload Watching for file changes with StatReloader
INFO 2025-10-13 23:29:03,175 autoreload Watching for file changes with StatReloader
INFO 2025-10-13 23:30:17,499 autoreload Watching for file changes with StatReloader
INFO 2025-10-13 23:32:07,689 autoreload F:\cafenest\manager\forms.py changed, reloading.
INFO 2025-10-13 23:32:08,705 autoreload Watching for file changes with StatReloader
INFO 2025-10-13 23:33:44,305 autoreload Watching for file changes with StatReloader
INFO 2025-10-13 23:34:43,869 autoreload F:\cafenest\owner\admin.py changed, reloading.
INFO 2025-10-13 23:34:45,052 autoreload Watching for file changes with StatReloader
INFO 2025-10-13 23:35:04,407 autoreload Watching for file changes with StatReloader
INFO 2025-10-13 23:35:11,069 basehttp "GET / HTTP/1.1" 200 31929
INFO 2025-10-13 23:35:13,143 basehttp "GET /login/ HTTP/1.1" 200 6917
INFO 2025-10-13 23:35:14,357 basehttp "GET /accounts/google/login/?process=login HTTP/1.1" 302 0
INFO 2025-10-13 23:35:30,414 basehttp "GET /accounts/google/login/callback/?state=N1GJREOdH2Pkagb3&code=4%2F0AVGzR1D6rh-XowSaOd6Htm_dQlEQcyX6DQC6yzPryKHTI2_vTl7SlavWWFtoYwz2O_plYQ&scope=email+profile+https%3A%2F%2Fwww.googleapis.com%2Fauth%2Fuserinfo.profile+openid+https%3A%2F%2Fwww.googleapis.com%2Fauth%2Fuserinfo.email&authuser=4&prompt=none HTTP/1.1" 302 0
ERROR 2025-10-13 23:35:30,466 log Internal Server Error: /owner/dashboard/
Traceback (most recent call last):
  File "C:\Users\FRIDAY\AppData\Roaming\Python\Python313\site-packages\django\core\handlers\exception.py", line 55, in inner
    response = get_response(request)
  File "C:\Users\FRIDAY\AppData\Roaming\Python\Python313\site-packages\django\core\handlers\base.py", line 197, in _get_response
    response = wrapped_callback(request, *callback_args, **callback_kwargs)
  File "C:\Users\FRIDAY\AppData\Roaming\Python\Python313\site-packages\django\contrib\auth\decorators.py", line 59, in _view_wrapper
    return view_func(request, *args, **kwargs)
  File "F:\cafenest\owner\views.py", line 289, in owner_dashboard
    today_sales = today_orders.aggregate(total=Sum('total'))['total'] or 0
                  ~~~~~~~~~~~~~~~~~~~~~~^^^^^^^^^^^^^^^^^^^^
  File "C:\Users\FRIDAY\AppData\Roaming\Python\Python313\site-packages\django\db\models\query.py", line 588, in aggregate
    return self.query.chain().get_aggregation(self.db, kwargs)
           ~~~~~~~~~~~~~~~~~~~~~~~~~~~~~~~~~~^^^^^^^^^^^^^^^^^
  File "C:\Users\FRIDAY\AppData\Roaming\Python\Python313\site-packages\django\db\models\sql\query.py", line 460, in get_aggregation
    aggregate = aggregate_expr.resolve_expression(
        self, allow_joins=True, reuse=None, summarize=True
    )
  File "C:\Users\FRIDAY\AppData\Roaming\Python\Python313\site-packages\django\db\models\aggregates.py", line 63, in resolve_expression
    c = super().resolve_expression(query, allow_joins, reuse, summarize)
  File "C:\Users\FRIDAY\AppData\Roaming\Python\Python313\site-packages\django\db\models\expressions.py", line 300, in resolve_expression
    expr.resolve_expression(query, allow_joins, reuse, summarize, for_save)
    ~~~~~~~~~~~~~~~~~~~~~~~^^^^^^^^^^^^^^^^^^^^^^^^^^^^^^^^^^^^^^^^^^^^^^^^
  File "C:\Users\FRIDAY\AppData\Roaming\Python\Python313\site-packages\django\db\models\expressions.py", line 902, in resolve_expression
    return query.resolve_ref(self.name, allow_joins, reuse, summarize)
           ~~~~~~~~~~~~~~~~~^^^^^^^^^^^^^^^^^^^^^^^^^^^^^^^^^^^^^^^^^^
  File "C:\Users\FRIDAY\AppData\Roaming\Python\Python313\site-packages\django\db\models\sql\query.py", line 2050, in resolve_ref
    join_info = self.setup_joins(
        field_list, self.get_meta(), self.get_initial_alias(), can_reuse=reuse
    )
  File "C:\Users\FRIDAY\AppData\Roaming\Python\Python313\site-packages\django\db\models\sql\query.py", line 1901, in setup_joins
    path, final_field, targets, rest = self.names_to_path(
                                       ~~~~~~~~~~~~~~~~~~^
        names[:pivot],
        ^^^^^^^^^^^^^^
    ...<2 lines>...
        fail_on_missing=True,
        ^^^^^^^^^^^^^^^^^^^^^
    )
    ^
  File "C:\Users\FRIDAY\AppData\Roaming\Python\Python313\site-packages\django\db\models\sql\query.py", line 1806, in names_to_path
    raise FieldError(
    ...<2 lines>...
    )
django.core.exceptions.FieldError: Cannot resolve keyword 'total' into field. Choices are: cafe, cafe_id, created_at, id, items, order_number, status, table, table_id, tax_amount, total_amount, updated_at
ERROR 2025-10-13 23:35:30,477 basehttp "GET /owner/dashboard/ HTTP/1.1" 500 122102
INFO 2025-10-13 23:37:05,055 autoreload F:\cafenest\owner\views.py changed, reloading.
INFO 2025-10-13 23:37:05,979 autoreload Watching for file changes with StatReloader
INFO 2025-10-13 23:42:54,955 autoreload F:\cafenest\owner\views.py changed, reloading.
INFO 2025-10-13 23:42:55,798 autoreload Watching for file changes with StatReloader
INFO 2025-10-13 23:42:58,574 basehttp "GET / HTTP/1.1" 200 31929
INFO 2025-10-13 23:43:00,280 basehttp "GET /login/ HTTP/1.1" 200 7112
INFO 2025-10-13 23:43:01,313 basehttp "GET /accounts/google/login/?process=login HTTP/1.1" 302 0
INFO 2025-10-13 23:43:06,837 basehttp "GET /accounts/google/login/callback/?state=F0IfdZ1mEE731CTS&code=4%2F0AVGzR1CBtJXGmFqLlsAzvDuUCiEAyAgMNjYxANwfINMhckXXXlMAeDoNZtKPYt44KQonkA&scope=email+profile+https%3A%2F%2Fwww.googleapis.com%2Fauth%2Fuserinfo.profile+openid+https%3A%2F%2Fwww.googleapis.com%2Fauth%2Fuserinfo.email&authuser=4&prompt=none HTTP/1.1" 302 0
INFO 2025-10-13 23:43:06,874 basehttp "GET /owner/dashboard/ HTTP/1.1" 200 10162
INFO 2025-10-13 23:43:12,333 basehttp "GET /cafes/ HTTP/1.1" 200 8569
INFO 2025-10-13 23:43:13,884 basehttp "GET /cafes/add/ HTTP/1.1" 200 8220
INFO 2025-10-13 23:43:23,633 basehttp "POST /cafes/add/ HTTP/1.1" 302 0
INFO 2025-10-13 23:43:23,647 basehttp "GET /cafes/ HTTP/1.1" 200 10627
INFO 2025-10-13 23:43:25,641 basehttp "POST /cafes/toggle/1/ HTTP/1.1" 302 0
INFO 2025-10-13 23:43:25,653 basehttp "GET /cafes/ HTTP/1.1" 200 10634
INFO 2025-10-13 23:43:28,036 basehttp "GET /staff/ HTTP/1.1" 200 6535
INFO 2025-10-13 23:43:29,598 basehttp "GET /staff/add/ HTTP/1.1" 200 6720
INFO 2025-10-13 23:43:39,964 basehttp "POST /staff/add/ HTTP/1.1" 302 0
INFO 2025-10-13 23:43:39,979 basehttp "GET /staff/ HTTP/1.1" 200 8585
INFO 2025-10-13 23:43:42,774 basehttp "GET /staff/toggle/1/ HTTP/1.1" 302 0
INFO 2025-10-13 23:43:42,786 basehttp "GET /staff/ HTTP/1.1" 200 8391
INFO 2025-10-13 23:43:47,899 basehttp "GET /logout/ HTTP/1.1" 302 0
INFO 2025-10-13 23:43:47,907 basehttp "GET /login/ HTTP/1.1" 200 7118
INFO 2025-10-13 23:43:50,223 basehttp "GET /accounts/google/login/?process=login HTTP/1.1" 302 0
INFO 2025-10-13 23:43:56,985 basehttp "GET /accounts/google/login/callback/?state=ePFeWwOnoxlntDqX&code=4%2F0AVGzR1ANY9BlwDu688j1U2wf-EwwfC6EJb7o_DAnEWOWd8ezk_5paAK8DzYaoaKb1sF6xg&scope=email+profile+https%3A%2F%2Fwww.googleapis.com%2Fauth%2Fuserinfo.profile+https%3A%2F%2Fwww.googleapis.com%2Fauth%2Fuserinfo.email+openid&authuser=4&prompt=none HTTP/1.1" 302 0
INFO 2025-10-13 23:43:57,011 basehttp "GET /owner/dashboard/ HTTP/1.1" 200 10355
INFO 2025-10-13 23:43:59,284 basehttp "GET /menu/ HTTP/1.1" 200 6564
INFO 2025-10-13 23:44:00,192 basehttp "GET /reports/ HTTP/1.1" 200 7567
INFO 2025-10-13 23:44:01,059 basehttp "GET /menu/ HTTP/1.1" 200 6564
INFO 2025-10-13 23:44:01,760 basehttp "GET /staff/ HTTP/1.1" 200 8190
INFO 2025-10-13 23:44:02,351 basehttp "GET /cafes/ HTTP/1.1" 200 10414
INFO 2025-10-13 23:44:03,163 basehttp "GET /owner/dashboard/ HTTP/1.1" 200 10160
INFO 2025-10-13 23:44:04,639 basehttp "GET /reports/ HTTP/1.1" 200 7567
INFO 2025-10-13 23:44:05,658 basehttp "GET /logout/ HTTP/1.1" 302 0
INFO 2025-10-13 23:44:05,665 basehttp "GET /login/ HTTP/1.1" 200 7118
INFO 2025-10-13 23:44:20,303 basehttp "GET /accounts/google/login/?process=login HTTP/1.1" 302 0
INFO 2025-10-13 23:44:25,822 basehttp "GET /accounts/google/login/callback/?state=whiwADEJVbMOyhXU&code=4%2F0AVGzR1BDEd1fZYso5GdAEg2UZ08OtdLCwyYesDT0YRV8yrEK7TmUbo6xKd6-7FrxaUXmew&scope=email+profile+https%3A%2F%2Fwww.googleapis.com%2Fauth%2Fuserinfo.profile+https%3A%2F%2Fwww.googleapis.com%2Fauth%2Fuserinfo.email+openid&authuser=4&prompt=none HTTP/1.1" 302 0
INFO 2025-10-13 23:44:25,846 basehttp "GET /owner/dashboard/ HTTP/1.1" 200 10355
INFO 2025-10-13 23:44:42,891 basehttp "GET /logout/ HTTP/1.1" 302 0
INFO 2025-10-13 23:44:42,898 basehttp "GET /login/ HTTP/1.1" 200 7118
INFO 2025-10-13 23:44:44,669 basehttp "GET /signup/ HTTP/1.1" 200 8701
INFO 2025-10-13 23:44:51,549 basehttp "GET / HTTP/1.1" 200 31929
INFO 2025-10-13 23:44:54,257 basehttp "GET /manager/login/ HTTP/1.1" 200 4983
INFO 2025-10-13 23:45:22,109 basehttp "POST /manager/login/ HTTP/1.1" 200 5141
INFO 2025-10-13 23:45:41,295 basehttp "POST /manager/login/ HTTP/1.1" 302 0
ERROR 2025-10-13 23:45:41,350 log Internal Server Error: /manager/dashboard/
Traceback (most recent call last):
  File "C:\Users\FRIDAY\AppData\Roaming\Python\Python313\site-packages\django\core\handlers\exception.py", line 55, in inner
    response = get_response(request)
  File "C:\Users\FRIDAY\AppData\Roaming\Python\Python313\site-packages\django\core\handlers\base.py", line 197, in _get_response
    response = wrapped_callback(request, *callback_args, **callback_kwargs)
  File "F:\cafenest\manager\views.py", line 33, in wrapper
    return view_func(request, *args, **kwargs)
  File "F:\cafenest\manager\views.py", line 143, in manager_dashboard
    return render(request, 'manager/dashboard.html', context)
  File "C:\Users\FRIDAY\AppData\Roaming\Python\Python313\site-packages\django\shortcuts.py", line 25, in render
    content = loader.render_to_string(template_name, context, request, using=using)
  File "C:\Users\FRIDAY\AppData\Roaming\Python\Python313\site-packages\django\template\loader.py", line 61, in render_to_string
    template = get_template(template_name, using=using)
  File "C:\Users\FRIDAY\AppData\Roaming\Python\Python313\site-packages\django\template\loader.py", line 19, in get_template
    raise TemplateDoesNotExist(template_name, chain=chain)
django.template.exceptions.TemplateDoesNotExist: manager/dashboard.html
ERROR 2025-10-13 23:45:41,352 basehttp "GET /manager/dashboard/ HTTP/1.1" 500 100519
INFO 2025-10-13 23:47:51,311 autoreload Watching for file changes with StatReloader
INFO 2025-10-13 23:47:55,842 basehttp "GET / HTTP/1.1" 302 0
ERROR 2025-10-13 23:47:55,923 log Internal Server Error: /manager/dashboard/
Traceback (most recent call last):
  File "C:\Users\FRIDAY\AppData\Roaming\Python\Python313\site-packages\django\core\handlers\exception.py", line 55, in inner
    response = get_response(request)
  File "C:\Users\FRIDAY\AppData\Roaming\Python\Python313\site-packages\django\core\handlers\base.py", line 197, in _get_response
    response = wrapped_callback(request, *callback_args, **callback_kwargs)
  File "F:\cafenest\manager\views.py", line 33, in wrapper
    return view_func(request, *args, **kwargs)
  File "F:\cafenest\manager\views.py", line 143, in manager_dashboard
    return render(request, 'manager/dashboard.html', context)
  File "C:\Users\FRIDAY\AppData\Roaming\Python\Python313\site-packages\django\shortcuts.py", line 25, in render
    content = loader.render_to_string(template_name, context, request, using=using)
  File "C:\Users\FRIDAY\AppData\Roaming\Python\Python313\site-packages\django\template\loader.py", line 61, in render_to_string
    template = get_template(template_name, using=using)
  File "C:\Users\FRIDAY\AppData\Roaming\Python\Python313\site-packages\django\template\loader.py", line 19, in get_template
    raise TemplateDoesNotExist(template_name, chain=chain)
django.template.exceptions.TemplateDoesNotExist: manager/dashboard.html
ERROR 2025-10-13 23:47:55,925 basehttp "GET /manager/dashboard/ HTTP/1.1" 500 100217
INFO 2025-10-13 23:48:42,154 autoreload Watching for file changes with StatReloader
INFO 2025-10-13 23:48:44,199 basehttp "GET / HTTP/1.1" 302 0
INFO 2025-10-13 23:48:44,250 basehttp "GET /manager/dashboard/ HTTP/1.1" 200 9355
INFO 2025-10-13 23:50:16,524 basehttp "GET /manager/dashboard/ HTTP/1.1" 200 9198
INFO 2025-10-13 23:50:17,189 basehttp "GET /manager/tables/ HTTP/1.1" 200 8267
INFO 2025-10-13 23:50:20,158 basehttp "GET /manager/dashboard/ HTTP/1.1" 200 9198
ERROR 2025-10-13 23:50:23,300 log Internal Server Error: /manager/staff/
Traceback (most recent call last):
  File "C:\Users\FRIDAY\AppData\Roaming\Python\Python313\site-packages\django\core\handlers\exception.py", line 55, in inner
    response = get_response(request)
  File "C:\Users\FRIDAY\AppData\Roaming\Python\Python313\site-packages\django\core\handlers\base.py", line 197, in _get_response
    response = wrapped_callback(request, *callback_args, **callback_kwargs)
  File "F:\cafenest\manager\views.py", line 33, in wrapper
    return view_func(request, *args, **kwargs)
  File "F:\cafenest\manager\views.py", line 161, in manager_staff_list
    return render(request, 'manager/staff_list.html', context)
  File "C:\Users\FRIDAY\AppData\Roaming\Python\Python313\site-packages\django\shortcuts.py", line 25, in render
    content = loader.render_to_string(template_name, context, request, using=using)
  File "C:\Users\FRIDAY\AppData\Roaming\Python\Python313\site-packages\django\template\loader.py", line 62, in render_to_string
    return template.render(context, request)
           ~~~~~~~~~~~~~~~^^^^^^^^^^^^^^^^^^
  File "C:\Users\FRIDAY\AppData\Roaming\Python\Python313\site-packages\django\template\backends\django.py", line 107, in render
    return self.template.render(context)
           ~~~~~~~~~~~~~~~~~~~~^^^^^^^^^
  File "C:\Users\FRIDAY\AppData\Roaming\Python\Python313\site-packages\django\template\base.py", line 171, in render
    return self._render(context)
           ~~~~~~~~~~~~^^^^^^^^^
  File "C:\Users\FRIDAY\AppData\Roaming\Python\Python313\site-packages\django\template\base.py", line 163, in _render
    return self.nodelist.render(context)
           ~~~~~~~~~~~~~~~~~~~~^^^^^^^^^
  File "C:\Users\FRIDAY\AppData\Roaming\Python\Python313\site-packages\django\template\base.py", line 1016, in render
    return SafeString("".join([node.render_annotated(context) for node in self]))
                               ~~~~~~~~~~~~~~~~~~~~~^^^^^^^^^
  File "C:\Users\FRIDAY\AppData\Roaming\Python\Python313\site-packages\django\template\base.py", line 977, in render_annotated
    return self.render(context)
           ~~~~~~~~~~~^^^^^^^^^
  File "C:\Users\FRIDAY\AppData\Roaming\Python\Python313\site-packages\django\template\defaulttags.py", line 480, in render
    url = reverse(view_name, args=args, kwargs=kwargs, current_app=current_app)
  File "C:\Users\FRIDAY\AppData\Roaming\Python\Python313\site-packages\django\urls\base.py", line 98, in reverse
    resolved_url = resolver._reverse_with_prefix(view, prefix, *args, **kwargs)
  File "C:\Users\FRIDAY\AppData\Roaming\Python\Python313\site-packages\django\urls\resolvers.py", line 831, in _reverse_with_prefix
    raise NoReverseMatch(msg)
django.urls.exceptions.NoReverseMatch: Reverse for 'manager_attendance' not found. 'manager_attendance' is not a valid view function or pattern name.
ERROR 2025-10-13 23:50:23,307 basehttp "GET /manager/staff/ HTTP/1.1" 500 132903
ERROR 2025-10-13 23:50:28,245 log Internal Server Error: /manager/staff/
Traceback (most recent call last):
  File "C:\Users\FRIDAY\AppData\Roaming\Python\Python313\site-packages\django\core\handlers\exception.py", line 55, in inner
    response = get_response(request)
  File "C:\Users\FRIDAY\AppData\Roaming\Python\Python313\site-packages\django\core\handlers\base.py", line 197, in _get_response
    response = wrapped_callback(request, *callback_args, **callback_kwargs)
  File "F:\cafenest\manager\views.py", line 33, in wrapper
    return view_func(request, *args, **kwargs)
  File "F:\cafenest\manager\views.py", line 161, in manager_staff_list
    return render(request, 'manager/staff_list.html', context)
  File "C:\Users\FRIDAY\AppData\Roaming\Python\Python313\site-packages\django\shortcuts.py", line 25, in render
    content = loader.render_to_string(template_name, context, request, using=using)
  File "C:\Users\FRIDAY\AppData\Roaming\Python\Python313\site-packages\django\template\loader.py", line 62, in render_to_string
    return template.render(context, request)
           ~~~~~~~~~~~~~~~^^^^^^^^^^^^^^^^^^
  File "C:\Users\FRIDAY\AppData\Roaming\Python\Python313\site-packages\django\template\backends\django.py", line 107, in render
    return self.template.render(context)
           ~~~~~~~~~~~~~~~~~~~~^^^^^^^^^
  File "C:\Users\FRIDAY\AppData\Roaming\Python\Python313\site-packages\django\template\base.py", line 171, in render
    return self._render(context)
           ~~~~~~~~~~~~^^^^^^^^^
  File "C:\Users\FRIDAY\AppData\Roaming\Python\Python313\site-packages\django\template\base.py", line 163, in _render
    return self.nodelist.render(context)
           ~~~~~~~~~~~~~~~~~~~~^^^^^^^^^
  File "C:\Users\FRIDAY\AppData\Roaming\Python\Python313\site-packages\django\template\base.py", line 1016, in render
    return SafeString("".join([node.render_annotated(context) for node in self]))
                               ~~~~~~~~~~~~~~~~~~~~~^^^^^^^^^
  File "C:\Users\FRIDAY\AppData\Roaming\Python\Python313\site-packages\django\template\base.py", line 977, in render_annotated
    return self.render(context)
           ~~~~~~~~~~~^^^^^^^^^
  File "C:\Users\FRIDAY\AppData\Roaming\Python\Python313\site-packages\django\template\defaulttags.py", line 480, in render
    url = reverse(view_name, args=args, kwargs=kwargs, current_app=current_app)
  File "C:\Users\FRIDAY\AppData\Roaming\Python\Python313\site-packages\django\urls\base.py", line 98, in reverse
    resolved_url = resolver._reverse_with_prefix(view, prefix, *args, **kwargs)
  File "C:\Users\FRIDAY\AppData\Roaming\Python\Python313\site-packages\django\urls\resolvers.py", line 831, in _reverse_with_prefix
    raise NoReverseMatch(msg)
django.urls.exceptions.NoReverseMatch: Reverse for 'manager_attendance' not found. 'manager_attendance' is not a valid view function or pattern name.
ERROR 2025-10-13 23:50:28,253 basehttp "GET /manager/staff/ HTTP/1.1" 500 132903
ERROR 2025-10-13 23:51:04,896 log Internal Server Error: /manager/staff/
Traceback (most recent call last):
  File "C:\Users\FRIDAY\AppData\Roaming\Python\Python313\site-packages\django\core\handlers\exception.py", line 55, in inner
    response = get_response(request)
  File "C:\Users\FRIDAY\AppData\Roaming\Python\Python313\site-packages\django\core\handlers\base.py", line 197, in _get_response
    response = wrapped_callback(request, *callback_args, **callback_kwargs)
  File "F:\cafenest\manager\views.py", line 33, in wrapper
    return view_func(request, *args, **kwargs)
  File "F:\cafenest\manager\views.py", line 161, in manager_staff_list
    return render(request, 'manager/staff_list.html', context)
  File "C:\Users\FRIDAY\AppData\Roaming\Python\Python313\site-packages\django\shortcuts.py", line 25, in render
    content = loader.render_to_string(template_name, context, request, using=using)
  File "C:\Users\FRIDAY\AppData\Roaming\Python\Python313\site-packages\django\template\loader.py", line 61, in render_to_string
    template = get_template(template_name, using=using)
  File "C:\Users\FRIDAY\AppData\Roaming\Python\Python313\site-packages\django\template\loader.py", line 19, in get_template
    raise TemplateDoesNotExist(template_name, chain=chain)
django.template.exceptions.TemplateDoesNotExist: manager/staff_list.html
ERROR 2025-10-13 23:51:04,899 basehttp "GET /manager/staff/ HTTP/1.1" 500 95631
ERROR 2025-10-13 23:51:06,389 log Internal Server Error: /manager/staff/
Traceback (most recent call last):
  File "C:\Users\FRIDAY\AppData\Roaming\Python\Python313\site-packages\django\core\handlers\exception.py", line 55, in inner
    response = get_response(request)
  File "C:\Users\FRIDAY\AppData\Roaming\Python\Python313\site-packages\django\core\handlers\base.py", line 197, in _get_response
    response = wrapped_callback(request, *callback_args, **callback_kwargs)
  File "F:\cafenest\manager\views.py", line 33, in wrapper
    return view_func(request, *args, **kwargs)
  File "F:\cafenest\manager\views.py", line 161, in manager_staff_list
    return render(request, 'manager/staff_list.html', context)
  File "C:\Users\FRIDAY\AppData\Roaming\Python\Python313\site-packages\django\shortcuts.py", line 25, in render
    content = loader.render_to_string(template_name, context, request, using=using)
  File "C:\Users\FRIDAY\AppData\Roaming\Python\Python313\site-packages\django\template\loader.py", line 61, in render_to_string
    template = get_template(template_name, using=using)
  File "C:\Users\FRIDAY\AppData\Roaming\Python\Python313\site-packages\django\template\loader.py", line 19, in get_template
    raise TemplateDoesNotExist(template_name, chain=chain)
django.template.exceptions.TemplateDoesNotExist: manager/staff_list.html
ERROR 2025-10-13 23:51:06,391 basehttp "GET /manager/staff/ HTTP/1.1" 500 95631
ERROR 2025-10-13 23:51:07,394 log Internal Server Error: /manager/staff/
Traceback (most recent call last):
  File "C:\Users\FRIDAY\AppData\Roaming\Python\Python313\site-packages\django\core\handlers\exception.py", line 55, in inner
    response = get_response(request)
  File "C:\Users\FRIDAY\AppData\Roaming\Python\Python313\site-packages\django\core\handlers\base.py", line 197, in _get_response
    response = wrapped_callback(request, *callback_args, **callback_kwargs)
  File "F:\cafenest\manager\views.py", line 33, in wrapper
    return view_func(request, *args, **kwargs)
  File "F:\cafenest\manager\views.py", line 161, in manager_staff_list
    return render(request, 'manager/staff_list.html', context)
  File "C:\Users\FRIDAY\AppData\Roaming\Python\Python313\site-packages\django\shortcuts.py", line 25, in render
    content = loader.render_to_string(template_name, context, request, using=using)
  File "C:\Users\FRIDAY\AppData\Roaming\Python\Python313\site-packages\django\template\loader.py", line 61, in render_to_string
    template = get_template(template_name, using=using)
  File "C:\Users\FRIDAY\AppData\Roaming\Python\Python313\site-packages\django\template\loader.py", line 19, in get_template
    raise TemplateDoesNotExist(template_name, chain=chain)
django.template.exceptions.TemplateDoesNotExist: manager/staff_list.html
ERROR 2025-10-13 23:51:07,396 basehttp "GET /manager/staff/ HTTP/1.1" 500 95631
ERROR 2025-10-13 23:51:08,105 log Internal Server Error: /manager/staff/
Traceback (most recent call last):
  File "C:\Users\FRIDAY\AppData\Roaming\Python\Python313\site-packages\django\core\handlers\exception.py", line 55, in inner
    response = get_response(request)
  File "C:\Users\FRIDAY\AppData\Roaming\Python\Python313\site-packages\django\core\handlers\base.py", line 197, in _get_response
    response = wrapped_callback(request, *callback_args, **callback_kwargs)
  File "F:\cafenest\manager\views.py", line 33, in wrapper
    return view_func(request, *args, **kwargs)
  File "F:\cafenest\manager\views.py", line 161, in manager_staff_list
    return render(request, 'manager/staff_list.html', context)
  File "C:\Users\FRIDAY\AppData\Roaming\Python\Python313\site-packages\django\shortcuts.py", line 25, in render
    content = loader.render_to_string(template_name, context, request, using=using)
  File "C:\Users\FRIDAY\AppData\Roaming\Python\Python313\site-packages\django\template\loader.py", line 61, in render_to_string
    template = get_template(template_name, using=using)
  File "C:\Users\FRIDAY\AppData\Roaming\Python\Python313\site-packages\django\template\loader.py", line 19, in get_template
    raise TemplateDoesNotExist(template_name, chain=chain)
django.template.exceptions.TemplateDoesNotExist: manager/staff_list.html
ERROR 2025-10-13 23:51:08,107 basehttp "GET /manager/staff/ HTTP/1.1" 500 95631
ERROR 2025-10-13 23:53:09,095 log Internal Server Error: /manager/staff/
Traceback (most recent call last):
  File "C:\Users\FRIDAY\AppData\Roaming\Python\Python313\site-packages\django\core\handlers\exception.py", line 55, in inner
    response = get_response(request)
  File "C:\Users\FRIDAY\AppData\Roaming\Python\Python313\site-packages\django\core\handlers\base.py", line 197, in _get_response
    response = wrapped_callback(request, *callback_args, **callback_kwargs)
  File "F:\cafenest\manager\views.py", line 33, in wrapper
    return view_func(request, *args, **kwargs)
  File "F:\cafenest\manager\views.py", line 161, in manager_staff_list
    return render(request, 'manager/staff_list.html', context)
  File "C:\Users\FRIDAY\AppData\Roaming\Python\Python313\site-packages\django\shortcuts.py", line 25, in render
    content = loader.render_to_string(template_name, context, request, using=using)
  File "C:\Users\FRIDAY\AppData\Roaming\Python\Python313\site-packages\django\template\loader.py", line 62, in render_to_string
    return template.render(context, request)
           ~~~~~~~~~~~~~~~^^^^^^^^^^^^^^^^^^
  File "C:\Users\FRIDAY\AppData\Roaming\Python\Python313\site-packages\django\template\backends\django.py", line 107, in render
    return self.template.render(context)
           ~~~~~~~~~~~~~~~~~~~~^^^^^^^^^
  File "C:\Users\FRIDAY\AppData\Roaming\Python\Python313\site-packages\django\template\base.py", line 171, in render
    return self._render(context)
           ~~~~~~~~~~~~^^^^^^^^^
  File "C:\Users\FRIDAY\AppData\Roaming\Python\Python313\site-packages\django\template\base.py", line 163, in _render
    return self.nodelist.render(context)
           ~~~~~~~~~~~~~~~~~~~~^^^^^^^^^
  File "C:\Users\FRIDAY\AppData\Roaming\Python\Python313\site-packages\django\template\base.py", line 1016, in render
    return SafeString("".join([node.render_annotated(context) for node in self]))
                               ~~~~~~~~~~~~~~~~~~~~~^^^^^^^^^
  File "C:\Users\FRIDAY\AppData\Roaming\Python\Python313\site-packages\django\template\base.py", line 977, in render_annotated
    return self.render(context)
           ~~~~~~~~~~~^^^^^^^^^
  File "C:\Users\FRIDAY\AppData\Roaming\Python\Python313\site-packages\django\template\defaulttags.py", line 480, in render
    url = reverse(view_name, args=args, kwargs=kwargs, current_app=current_app)
  File "C:\Users\FRIDAY\AppData\Roaming\Python\Python313\site-packages\django\urls\base.py", line 98, in reverse
    resolved_url = resolver._reverse_with_prefix(view, prefix, *args, **kwargs)
  File "C:\Users\FRIDAY\AppData\Roaming\Python\Python313\site-packages\django\urls\resolvers.py", line 831, in _reverse_with_prefix
    raise NoReverseMatch(msg)
django.urls.exceptions.NoReverseMatch: Reverse for 'manager_attendance' not found. 'manager_attendance' is not a valid view function or pattern name.
ERROR 2025-10-13 23:53:09,099 basehttp "GET /manager/staff/ HTTP/1.1" 500 133040
ERROR 2025-10-13 23:53:10,649 log Internal Server Error: /manager/staff/
Traceback (most recent call last):
  File "C:\Users\FRIDAY\AppData\Roaming\Python\Python313\site-packages\django\core\handlers\exception.py", line 55, in inner
    response = get_response(request)
  File "C:\Users\FRIDAY\AppData\Roaming\Python\Python313\site-packages\django\core\handlers\base.py", line 197, in _get_response
    response = wrapped_callback(request, *callback_args, **callback_kwargs)
  File "F:\cafenest\manager\views.py", line 33, in wrapper
    return view_func(request, *args, **kwargs)
  File "F:\cafenest\manager\views.py", line 161, in manager_staff_list
    return render(request, 'manager/staff_list.html', context)
  File "C:\Users\FRIDAY\AppData\Roaming\Python\Python313\site-packages\django\shortcuts.py", line 25, in render
    content = loader.render_to_string(template_name, context, request, using=using)
  File "C:\Users\FRIDAY\AppData\Roaming\Python\Python313\site-packages\django\template\loader.py", line 62, in render_to_string
    return template.render(context, request)
           ~~~~~~~~~~~~~~~^^^^^^^^^^^^^^^^^^
  File "C:\Users\FRIDAY\AppData\Roaming\Python\Python313\site-packages\django\template\backends\django.py", line 107, in render
    return self.template.render(context)
           ~~~~~~~~~~~~~~~~~~~~^^^^^^^^^
  File "C:\Users\FRIDAY\AppData\Roaming\Python\Python313\site-packages\django\template\base.py", line 171, in render
    return self._render(context)
           ~~~~~~~~~~~~^^^^^^^^^
  File "C:\Users\FRIDAY\AppData\Roaming\Python\Python313\site-packages\django\template\base.py", line 163, in _render
    return self.nodelist.render(context)
           ~~~~~~~~~~~~~~~~~~~~^^^^^^^^^
  File "C:\Users\FRIDAY\AppData\Roaming\Python\Python313\site-packages\django\template\base.py", line 1016, in render
    return SafeString("".join([node.render_annotated(context) for node in self]))
                               ~~~~~~~~~~~~~~~~~~~~~^^^^^^^^^
  File "C:\Users\FRIDAY\AppData\Roaming\Python\Python313\site-packages\django\template\base.py", line 977, in render_annotated
    return self.render(context)
           ~~~~~~~~~~~^^^^^^^^^
  File "C:\Users\FRIDAY\AppData\Roaming\Python\Python313\site-packages\django\template\defaulttags.py", line 480, in render
    url = reverse(view_name, args=args, kwargs=kwargs, current_app=current_app)
  File "C:\Users\FRIDAY\AppData\Roaming\Python\Python313\site-packages\django\urls\base.py", line 98, in reverse
    resolved_url = resolver._reverse_with_prefix(view, prefix, *args, **kwargs)
  File "C:\Users\FRIDAY\AppData\Roaming\Python\Python313\site-packages\django\urls\resolvers.py", line 831, in _reverse_with_prefix
    raise NoReverseMatch(msg)
django.urls.exceptions.NoReverseMatch: Reverse for 'manager_attendance' not found. 'manager_attendance' is not a valid view function or pattern name.
ERROR 2025-10-13 23:53:10,651 basehttp "GET /manager/staff/ HTTP/1.1" 500 133040
ERROR 2025-10-13 23:54:24,148 log Internal Server Error: /manager/staff/
Traceback (most recent call last):
  File "C:\Users\FRIDAY\AppData\Roaming\Python\Python313\site-packages\django\core\handlers\exception.py", line 55, in inner
    response = get_response(request)
  File "C:\Users\FRIDAY\AppData\Roaming\Python\Python313\site-packages\django\core\handlers\base.py", line 197, in _get_response
    response = wrapped_callback(request, *callback_args, **callback_kwargs)
  File "F:\cafenest\manager\views.py", line 33, in wrapper
    return view_func(request, *args, **kwargs)
  File "F:\cafenest\manager\views.py", line 161, in manager_staff_list
    return render(request, 'manager/staff_list.html', context)
  File "C:\Users\FRIDAY\AppData\Roaming\Python\Python313\site-packages\django\shortcuts.py", line 25, in render
    content = loader.render_to_string(template_name, context, request, using=using)
  File "C:\Users\FRIDAY\AppData\Roaming\Python\Python313\site-packages\django\template\loader.py", line 62, in render_to_string
    return template.render(context, request)
           ~~~~~~~~~~~~~~~^^^^^^^^^^^^^^^^^^
  File "C:\Users\FRIDAY\AppData\Roaming\Python\Python313\site-packages\django\template\backends\django.py", line 107, in render
    return self.template.render(context)
           ~~~~~~~~~~~~~~~~~~~~^^^^^^^^^
  File "C:\Users\FRIDAY\AppData\Roaming\Python\Python313\site-packages\django\template\base.py", line 171, in render
    return self._render(context)
           ~~~~~~~~~~~~^^^^^^^^^
  File "C:\Users\FRIDAY\AppData\Roaming\Python\Python313\site-packages\django\template\base.py", line 163, in _render
    return self.nodelist.render(context)
           ~~~~~~~~~~~~~~~~~~~~^^^^^^^^^
  File "C:\Users\FRIDAY\AppData\Roaming\Python\Python313\site-packages\django\template\base.py", line 1016, in render
    return SafeString("".join([node.render_annotated(context) for node in self]))
                               ~~~~~~~~~~~~~~~~~~~~~^^^^^^^^^
  File "C:\Users\FRIDAY\AppData\Roaming\Python\Python313\site-packages\django\template\base.py", line 977, in render_annotated
    return self.render(context)
           ~~~~~~~~~~~^^^^^^^^^
  File "C:\Users\FRIDAY\AppData\Roaming\Python\Python313\site-packages\django\template\defaulttags.py", line 480, in render
    url = reverse(view_name, args=args, kwargs=kwargs, current_app=current_app)
  File "C:\Users\FRIDAY\AppData\Roaming\Python\Python313\site-packages\django\urls\base.py", line 98, in reverse
    resolved_url = resolver._reverse_with_prefix(view, prefix, *args, **kwargs)
  File "C:\Users\FRIDAY\AppData\Roaming\Python\Python313\site-packages\django\urls\resolvers.py", line 831, in _reverse_with_prefix
    raise NoReverseMatch(msg)
django.urls.exceptions.NoReverseMatch: Reverse for 'dashboard' not found. 'dashboard' is not a valid view function or pattern name.
ERROR 2025-10-13 23:54:24,151 basehttp "GET /manager/staff/ HTTP/1.1" 500 132315
ERROR 2025-10-13 23:56:07,099 log Internal Server Error: /manager/staff/
Traceback (most recent call last):
  File "C:\Users\FRIDAY\AppData\Roaming\Python\Python313\site-packages\django\core\handlers\exception.py", line 55, in inner
    response = get_response(request)
  File "C:\Users\FRIDAY\AppData\Roaming\Python\Python313\site-packages\django\core\handlers\base.py", line 197, in _get_response
    response = wrapped_callback(request, *callback_args, **callback_kwargs)
  File "F:\cafenest\manager\views.py", line 33, in wrapper
    return view_func(request, *args, **kwargs)
  File "F:\cafenest\manager\views.py", line 161, in manager_staff_list
    return render(request, 'manager/staff_list.html', context)
  File "C:\Users\FRIDAY\AppData\Roaming\Python\Python313\site-packages\django\shortcuts.py", line 25, in render
    content = loader.render_to_string(template_name, context, request, using=using)
  File "C:\Users\FRIDAY\AppData\Roaming\Python\Python313\site-packages\django\template\loader.py", line 62, in render_to_string
    return template.render(context, request)
           ~~~~~~~~~~~~~~~^^^^^^^^^^^^^^^^^^
  File "C:\Users\FRIDAY\AppData\Roaming\Python\Python313\site-packages\django\template\backends\django.py", line 107, in render
    return self.template.render(context)
           ~~~~~~~~~~~~~~~~~~~~^^^^^^^^^
  File "C:\Users\FRIDAY\AppData\Roaming\Python\Python313\site-packages\django\template\base.py", line 171, in render
    return self._render(context)
           ~~~~~~~~~~~~^^^^^^^^^
  File "C:\Users\FRIDAY\AppData\Roaming\Python\Python313\site-packages\django\template\base.py", line 163, in _render
    return self.nodelist.render(context)
           ~~~~~~~~~~~~~~~~~~~~^^^^^^^^^
  File "C:\Users\FRIDAY\AppData\Roaming\Python\Python313\site-packages\django\template\base.py", line 1016, in render
    return SafeString("".join([node.render_annotated(context) for node in self]))
                               ~~~~~~~~~~~~~~~~~~~~~^^^^^^^^^
  File "C:\Users\FRIDAY\AppData\Roaming\Python\Python313\site-packages\django\template\base.py", line 977, in render_annotated
    return self.render(context)
           ~~~~~~~~~~~^^^^^^^^^
  File "C:\Users\FRIDAY\AppData\Roaming\Python\Python313\site-packages\django\template\defaulttags.py", line 480, in render
    url = reverse(view_name, args=args, kwargs=kwargs, current_app=current_app)
  File "C:\Users\FRIDAY\AppData\Roaming\Python\Python313\site-packages\django\urls\base.py", line 98, in reverse
    resolved_url = resolver._reverse_with_prefix(view, prefix, *args, **kwargs)
  File "C:\Users\FRIDAY\AppData\Roaming\Python\Python313\site-packages\django\urls\resolvers.py", line 831, in _reverse_with_prefix
    raise NoReverseMatch(msg)
django.urls.exceptions.NoReverseMatch: Reverse for 'dashboard' not found. 'dashboard' is not a valid view function or pattern name.
ERROR 2025-10-13 23:56:07,107 basehttp "GET /manager/staff/ HTTP/1.1" 500 132315
ERROR 2025-10-13 23:56:10,281 log Internal Server Error: /manager/staff/
Traceback (most recent call last):
  File "C:\Users\FRIDAY\AppData\Roaming\Python\Python313\site-packages\django\core\handlers\exception.py", line 55, in inner
    response = get_response(request)
  File "C:\Users\FRIDAY\AppData\Roaming\Python\Python313\site-packages\django\core\handlers\base.py", line 197, in _get_response
    response = wrapped_callback(request, *callback_args, **callback_kwargs)
  File "F:\cafenest\manager\views.py", line 33, in wrapper
    return view_func(request, *args, **kwargs)
  File "F:\cafenest\manager\views.py", line 161, in manager_staff_list
    return render(request, 'manager/staff_list.html', context)
  File "C:\Users\FRIDAY\AppData\Roaming\Python\Python313\site-packages\django\shortcuts.py", line 25, in render
    content = loader.render_to_string(template_name, context, request, using=using)
  File "C:\Users\FRIDAY\AppData\Roaming\Python\Python313\site-packages\django\template\loader.py", line 62, in render_to_string
    return template.render(context, request)
           ~~~~~~~~~~~~~~~^^^^^^^^^^^^^^^^^^
  File "C:\Users\FRIDAY\AppData\Roaming\Python\Python313\site-packages\django\template\backends\django.py", line 107, in render
    return self.template.render(context)
           ~~~~~~~~~~~~~~~~~~~~^^^^^^^^^
  File "C:\Users\FRIDAY\AppData\Roaming\Python\Python313\site-packages\django\template\base.py", line 171, in render
    return self._render(context)
           ~~~~~~~~~~~~^^^^^^^^^
  File "C:\Users\FRIDAY\AppData\Roaming\Python\Python313\site-packages\django\template\base.py", line 163, in _render
    return self.nodelist.render(context)
           ~~~~~~~~~~~~~~~~~~~~^^^^^^^^^
  File "C:\Users\FRIDAY\AppData\Roaming\Python\Python313\site-packages\django\template\base.py", line 1016, in render
    return SafeString("".join([node.render_annotated(context) for node in self]))
                               ~~~~~~~~~~~~~~~~~~~~~^^^^^^^^^
  File "C:\Users\FRIDAY\AppData\Roaming\Python\Python313\site-packages\django\template\base.py", line 977, in render_annotated
    return self.render(context)
           ~~~~~~~~~~~^^^^^^^^^
  File "C:\Users\FRIDAY\AppData\Roaming\Python\Python313\site-packages\django\template\defaulttags.py", line 480, in render
    url = reverse(view_name, args=args, kwargs=kwargs, current_app=current_app)
  File "C:\Users\FRIDAY\AppData\Roaming\Python\Python313\site-packages\django\urls\base.py", line 98, in reverse
    resolved_url = resolver._reverse_with_prefix(view, prefix, *args, **kwargs)
  File "C:\Users\FRIDAY\AppData\Roaming\Python\Python313\site-packages\django\urls\resolvers.py", line 831, in _reverse_with_prefix
    raise NoReverseMatch(msg)
django.urls.exceptions.NoReverseMatch: Reverse for 'dashboard' not found. 'dashboard' is not a valid view function or pattern name.
ERROR 2025-10-13 23:56:10,284 basehttp "GET /manager/staff/ HTTP/1.1" 500 132315
ERROR 2025-10-13 23:56:10,774 log Internal Server Error: /manager/staff/
Traceback (most recent call last):
  File "C:\Users\FRIDAY\AppData\Roaming\Python\Python313\site-packages\django\core\handlers\exception.py", line 55, in inner
    response = get_response(request)
  File "C:\Users\FRIDAY\AppData\Roaming\Python\Python313\site-packages\django\core\handlers\base.py", line 197, in _get_response
    response = wrapped_callback(request, *callback_args, **callback_kwargs)
  File "F:\cafenest\manager\views.py", line 33, in wrapper
    return view_func(request, *args, **kwargs)
  File "F:\cafenest\manager\views.py", line 161, in manager_staff_list
    return render(request, 'manager/staff_list.html', context)
  File "C:\Users\FRIDAY\AppData\Roaming\Python\Python313\site-packages\django\shortcuts.py", line 25, in render
    content = loader.render_to_string(template_name, context, request, using=using)
  File "C:\Users\FRIDAY\AppData\Roaming\Python\Python313\site-packages\django\template\loader.py", line 62, in render_to_string
    return template.render(context, request)
           ~~~~~~~~~~~~~~~^^^^^^^^^^^^^^^^^^
  File "C:\Users\FRIDAY\AppData\Roaming\Python\Python313\site-packages\django\template\backends\django.py", line 107, in render
    return self.template.render(context)
           ~~~~~~~~~~~~~~~~~~~~^^^^^^^^^
  File "C:\Users\FRIDAY\AppData\Roaming\Python\Python313\site-packages\django\template\base.py", line 171, in render
    return self._render(context)
           ~~~~~~~~~~~~^^^^^^^^^
  File "C:\Users\FRIDAY\AppData\Roaming\Python\Python313\site-packages\django\template\base.py", line 163, in _render
    return self.nodelist.render(context)
           ~~~~~~~~~~~~~~~~~~~~^^^^^^^^^
  File "C:\Users\FRIDAY\AppData\Roaming\Python\Python313\site-packages\django\template\base.py", line 1016, in render
    return SafeString("".join([node.render_annotated(context) for node in self]))
                               ~~~~~~~~~~~~~~~~~~~~~^^^^^^^^^
  File "C:\Users\FRIDAY\AppData\Roaming\Python\Python313\site-packages\django\template\base.py", line 977, in render_annotated
    return self.render(context)
           ~~~~~~~~~~~^^^^^^^^^
  File "C:\Users\FRIDAY\AppData\Roaming\Python\Python313\site-packages\django\template\defaulttags.py", line 480, in render
    url = reverse(view_name, args=args, kwargs=kwargs, current_app=current_app)
  File "C:\Users\FRIDAY\AppData\Roaming\Python\Python313\site-packages\django\urls\base.py", line 98, in reverse
    resolved_url = resolver._reverse_with_prefix(view, prefix, *args, **kwargs)
  File "C:\Users\FRIDAY\AppData\Roaming\Python\Python313\site-packages\django\urls\resolvers.py", line 831, in _reverse_with_prefix
    raise NoReverseMatch(msg)
django.urls.exceptions.NoReverseMatch: Reverse for 'dashboard' not found. 'dashboard' is not a valid view function or pattern name.
ERROR 2025-10-13 23:56:10,777 basehttp "GET /manager/staff/ HTTP/1.1" 500 132315
ERROR 2025-10-13 23:56:44,120 log Internal Server Error: /manager/staff/
Traceback (most recent call last):
  File "C:\Users\FRIDAY\AppData\Roaming\Python\Python313\site-packages\django\core\handlers\exception.py", line 55, in inner
    response = get_response(request)
  File "C:\Users\FRIDAY\AppData\Roaming\Python\Python313\site-packages\django\core\handlers\base.py", line 197, in _get_response
    response = wrapped_callback(request, *callback_args, **callback_kwargs)
  File "F:\cafenest\manager\views.py", line 33, in wrapper
    return view_func(request, *args, **kwargs)
  File "F:\cafenest\manager\views.py", line 161, in manager_staff_list
    return render(request, 'manager/staff_list.html', context)
  File "C:\Users\FRIDAY\AppData\Roaming\Python\Python313\site-packages\django\shortcuts.py", line 25, in render
    content = loader.render_to_string(template_name, context, request, using=using)
  File "C:\Users\FRIDAY\AppData\Roaming\Python\Python313\site-packages\django\template\loader.py", line 62, in render_to_string
    return template.render(context, request)
           ~~~~~~~~~~~~~~~^^^^^^^^^^^^^^^^^^
  File "C:\Users\FRIDAY\AppData\Roaming\Python\Python313\site-packages\django\template\backends\django.py", line 107, in render
    return self.template.render(context)
           ~~~~~~~~~~~~~~~~~~~~^^^^^^^^^
  File "C:\Users\FRIDAY\AppData\Roaming\Python\Python313\site-packages\django\template\base.py", line 171, in render
    return self._render(context)
           ~~~~~~~~~~~~^^^^^^^^^
  File "C:\Users\FRIDAY\AppData\Roaming\Python\Python313\site-packages\django\template\base.py", line 163, in _render
    return self.nodelist.render(context)
           ~~~~~~~~~~~~~~~~~~~~^^^^^^^^^
  File "C:\Users\FRIDAY\AppData\Roaming\Python\Python313\site-packages\django\template\base.py", line 1016, in render
    return SafeString("".join([node.render_annotated(context) for node in self]))
                               ~~~~~~~~~~~~~~~~~~~~~^^^^^^^^^
  File "C:\Users\FRIDAY\AppData\Roaming\Python\Python313\site-packages\django\template\base.py", line 977, in render_annotated
    return self.render(context)
           ~~~~~~~~~~~^^^^^^^^^
  File "C:\Users\FRIDAY\AppData\Roaming\Python\Python313\site-packages\django\template\defaulttags.py", line 480, in render
    url = reverse(view_name, args=args, kwargs=kwargs, current_app=current_app)
  File "C:\Users\FRIDAY\AppData\Roaming\Python\Python313\site-packages\django\urls\base.py", line 98, in reverse
    resolved_url = resolver._reverse_with_prefix(view, prefix, *args, **kwargs)
  File "C:\Users\FRIDAY\AppData\Roaming\Python\Python313\site-packages\django\urls\resolvers.py", line 831, in _reverse_with_prefix
    raise NoReverseMatch(msg)
django.urls.exceptions.NoReverseMatch: Reverse for 'table_list' not found. 'table_list' is not a valid view function or pattern name.
ERROR 2025-10-13 23:56:44,123 basehttp "GET /manager/staff/ HTTP/1.1" 500 132432
ERROR 2025-10-13 23:59:10,677 log Internal Server Error: /manager/staff/
Traceback (most recent call last):
  File "C:\Users\FRIDAY\AppData\Roaming\Python\Python313\site-packages\django\core\handlers\exception.py", line 55, in inner
    response = get_response(request)
  File "C:\Users\FRIDAY\AppData\Roaming\Python\Python313\site-packages\django\core\handlers\base.py", line 197, in _get_response
    response = wrapped_callback(request, *callback_args, **callback_kwargs)
  File "F:\cafenest\manager\views.py", line 33, in wrapper
    return view_func(request, *args, **kwargs)
  File "F:\cafenest\manager\views.py", line 161, in manager_staff_list
    return render(request, 'manager/staff_list.html', context)
  File "C:\Users\FRIDAY\AppData\Roaming\Python\Python313\site-packages\django\shortcuts.py", line 25, in render
    content = loader.render_to_string(template_name, context, request, using=using)
  File "C:\Users\FRIDAY\AppData\Roaming\Python\Python313\site-packages\django\template\loader.py", line 61, in render_to_string
    template = get_template(template_name, using=using)
  File "C:\Users\FRIDAY\AppData\Roaming\Python\Python313\site-packages\django\template\loader.py", line 19, in get_template
    raise TemplateDoesNotExist(template_name, chain=chain)
django.template.exceptions.TemplateDoesNotExist: manager/staff_list.html
ERROR 2025-10-13 23:59:10,679 basehttp "GET /manager/staff/ HTTP/1.1" 500 95631
ERROR 2025-10-13 23:59:15,042 log Internal Server Error: /manager/staff/
Traceback (most recent call last):
  File "C:\Users\FRIDAY\AppData\Roaming\Python\Python313\site-packages\django\core\handlers\exception.py", line 55, in inner
    response = get_response(request)
  File "C:\Users\FRIDAY\AppData\Roaming\Python\Python313\site-packages\django\core\handlers\base.py", line 197, in _get_response
    response = wrapped_callback(request, *callback_args, **callback_kwargs)
  File "F:\cafenest\manager\views.py", line 33, in wrapper
    return view_func(request, *args, **kwargs)
  File "F:\cafenest\manager\views.py", line 161, in manager_staff_list
    return render(request, 'manager/staff_list.html', context)
  File "C:\Users\FRIDAY\AppData\Roaming\Python\Python313\site-packages\django\shortcuts.py", line 25, in render
    content = loader.render_to_string(template_name, context, request, using=using)
  File "C:\Users\FRIDAY\AppData\Roaming\Python\Python313\site-packages\django\template\loader.py", line 61, in render_to_string
    template = get_template(template_name, using=using)
  File "C:\Users\FRIDAY\AppData\Roaming\Python\Python313\site-packages\django\template\loader.py", line 19, in get_template
    raise TemplateDoesNotExist(template_name, chain=chain)
django.template.exceptions.TemplateDoesNotExist: manager/staff_list.html
ERROR 2025-10-13 23:59:15,044 basehttp "GET /manager/staff/ HTTP/1.1" 500 95631
ERROR 2025-10-13 23:59:16,059 log Internal Server Error: /manager/staff/
Traceback (most recent call last):
  File "C:\Users\FRIDAY\AppData\Roaming\Python\Python313\site-packages\django\core\handlers\exception.py", line 55, in inner
    response = get_response(request)
  File "C:\Users\FRIDAY\AppData\Roaming\Python\Python313\site-packages\django\core\handlers\base.py", line 197, in _get_response
    response = wrapped_callback(request, *callback_args, **callback_kwargs)
  File "F:\cafenest\manager\views.py", line 33, in wrapper
    return view_func(request, *args, **kwargs)
  File "F:\cafenest\manager\views.py", line 161, in manager_staff_list
    return render(request, 'manager/staff_list.html', context)
  File "C:\Users\FRIDAY\AppData\Roaming\Python\Python313\site-packages\django\shortcuts.py", line 25, in render
    content = loader.render_to_string(template_name, context, request, using=using)
  File "C:\Users\FRIDAY\AppData\Roaming\Python\Python313\site-packages\django\template\loader.py", line 61, in render_to_string
    template = get_template(template_name, using=using)
  File "C:\Users\FRIDAY\AppData\Roaming\Python\Python313\site-packages\django\template\loader.py", line 19, in get_template
    raise TemplateDoesNotExist(template_name, chain=chain)
django.template.exceptions.TemplateDoesNotExist: manager/staff_list.html
ERROR 2025-10-13 23:59:16,061 basehttp "GET /manager/staff/ HTTP/1.1" 500 95631
INFO 2025-10-13 23:59:47,611 autoreload Watching for file changes with StatReloader
INFO 2025-10-13 23:59:51,942 basehttp "GET / HTTP/1.1" 302 0
ERROR 2025-10-13 23:59:52,009 log Internal Server Error: /manager/dashboard/
Traceback (most recent call last):
  File "C:\Users\FRIDAY\AppData\Roaming\Python\Python313\site-packages\django\core\handlers\exception.py", line 55, in inner
    response = get_response(request)
  File "C:\Users\FRIDAY\AppData\Roaming\Python\Python313\site-packages\django\core\handlers\base.py", line 197, in _get_response
    response = wrapped_callback(request, *callback_args, **callback_kwargs)
  File "F:\cafenest\manager\views.py", line 33, in wrapper
    return view_func(request, *args, **kwargs)
  File "F:\cafenest\manager\views.py", line 143, in manager_dashboard
    return render(request, 'manager/dashboard.html', context)
  File "C:\Users\FRIDAY\AppData\Roaming\Python\Python313\site-packages\django\shortcuts.py", line 25, in render
    content = loader.render_to_string(template_name, context, request, using=using)
  File "C:\Users\FRIDAY\AppData\Roaming\Python\Python313\site-packages\django\template\loader.py", line 61, in render_to_string
    template = get_template(template_name, using=using)
  File "C:\Users\FRIDAY\AppData\Roaming\Python\Python313\site-packages\django\template\loader.py", line 19, in get_template
    raise TemplateDoesNotExist(template_name, chain=chain)
django.template.exceptions.TemplateDoesNotExist: manager/dashboard.html
ERROR 2025-10-13 23:59:52,012 basehttp "GET /manager/dashboard/ HTTP/1.1" 500 99964
INFO 2025-10-14 00:04:23,875 autoreload F:\cafenest\manager\views.py changed, reloading.
INFO 2025-10-14 00:04:24,908 autoreload Watching for file changes with StatReloader
INFO 2025-10-14 00:04:32,267 autoreload F:\cafenest\manager\views.py changed, reloading.
INFO 2025-10-14 00:04:33,199 autoreload Watching for file changes with StatReloader
INFO 2025-10-14 00:04:39,519 autoreload F:\cafenest\manager\views.py changed, reloading.
INFO 2025-10-14 00:04:40,376 autoreload Watching for file changes with StatReloader
INFO 2025-10-14 00:05:32,646 autoreload F:\cafenest\manager\views.py changed, reloading.
INFO 2025-10-14 00:05:33,596 autoreload Watching for file changes with StatReloader
INFO 2025-10-14 00:05:44,435 autoreload F:\cafenest\manager\views.py changed, reloading.
INFO 2025-10-14 00:05:45,353 autoreload Watching for file changes with StatReloader
INFO 2025-10-14 00:05:58,990 autoreload F:\cafenest\manager\views.py changed, reloading.
INFO 2025-10-14 00:05:59,874 autoreload Watching for file changes with StatReloader
INFO 2025-10-14 00:06:06,174 autoreload F:\cafenest\manager\views.py changed, reloading.
INFO 2025-10-14 00:06:07,258 autoreload Watching for file changes with StatReloader
INFO 2025-10-14 00:06:11,514 autoreload F:\cafenest\manager\views.py changed, reloading.
INFO 2025-10-14 00:06:12,474 autoreload Watching for file changes with StatReloader
INFO 2025-10-14 00:06:20,794 basehttp "GET / HTTP/1.1" 302 0
ERROR 2025-10-14 00:06:20,986 log Internal Server Error: /manager/dashboard/
Traceback (most recent call last):
  File "C:\Users\FRIDAY\AppData\Roaming\Python\Python313\site-packages\django\core\handlers\exception.py", line 55, in inner
    response = get_response(request)
  File "C:\Users\FRIDAY\AppData\Roaming\Python\Python313\site-packages\django\core\handlers\base.py", line 197, in _get_response
    response = wrapped_callback(request, *callback_args, **callback_kwargs)
  File "F:\cafenest\manager\views.py", line 33, in wrapper
    return view_func(request, *args, **kwargs)
  File "F:\cafenest\manager\views.py", line 143, in manager_dashboard
    return render(request, 'manager/manager_dashboard.html', context)
  File "C:\Users\FRIDAY\AppData\Roaming\Python\Python313\site-packages\django\shortcuts.py", line 25, in render
    content = loader.render_to_string(template_name, context, request, using=using)
  File "C:\Users\FRIDAY\AppData\Roaming\Python\Python313\site-packages\django\template\loader.py", line 62, in render_to_string
    return template.render(context, request)
           ~~~~~~~~~~~~~~~^^^^^^^^^^^^^^^^^^
  File "C:\Users\FRIDAY\AppData\Roaming\Python\Python313\site-packages\django\template\backends\django.py", line 107, in render
    return self.template.render(context)
           ~~~~~~~~~~~~~~~~~~~~^^^^^^^^^
  File "C:\Users\FRIDAY\AppData\Roaming\Python\Python313\site-packages\django\template\base.py", line 171, in render
    return self._render(context)
           ~~~~~~~~~~~~^^^^^^^^^
  File "C:\Users\FRIDAY\AppData\Roaming\Python\Python313\site-packages\django\template\base.py", line 163, in _render
    return self.nodelist.render(context)
           ~~~~~~~~~~~~~~~~~~~~^^^^^^^^^
  File "C:\Users\FRIDAY\AppData\Roaming\Python\Python313\site-packages\django\template\base.py", line 1016, in render
    return SafeString("".join([node.render_annotated(context) for node in self]))
                               ~~~~~~~~~~~~~~~~~~~~~^^^^^^^^^
  File "C:\Users\FRIDAY\AppData\Roaming\Python\Python313\site-packages\django\template\base.py", line 977, in render_annotated
    return self.render(context)
           ~~~~~~~~~~~^^^^^^^^^
  File "C:\Users\FRIDAY\AppData\Roaming\Python\Python313\site-packages\django\template\defaulttags.py", line 480, in render
    url = reverse(view_name, args=args, kwargs=kwargs, current_app=current_app)
  File "C:\Users\FRIDAY\AppData\Roaming\Python\Python313\site-packages\django\urls\base.py", line 98, in reverse
    resolved_url = resolver._reverse_with_prefix(view, prefix, *args, **kwargs)
  File "C:\Users\FRIDAY\AppData\Roaming\Python\Python313\site-packages\django\urls\resolvers.py", line 831, in _reverse_with_prefix
    raise NoReverseMatch(msg)
django.urls.exceptions.NoReverseMatch: Reverse for 'table_list' not found. 'table_list' is not a valid view function or pattern name.
ERROR 2025-10-14 00:06:21,009 basehttp "GET /manager/dashboard/ HTTP/1.1" 500 141177
INFO 2025-10-14 00:07:07,462 autoreload Watching for file changes with StatReloader
INFO 2025-10-14 00:07:10,078 basehttp "GET / HTTP/1.1" 302 0
ERROR 2025-10-14 00:07:10,207 log Internal Server Error: /manager/dashboard/
Traceback (most recent call last):
  File "C:\Users\FRIDAY\AppData\Roaming\Python\Python313\site-packages\django\core\handlers\exception.py", line 55, in inner
    response = get_response(request)
  File "C:\Users\FRIDAY\AppData\Roaming\Python\Python313\site-packages\django\core\handlers\base.py", line 197, in _get_response
    response = wrapped_callback(request, *callback_args, **callback_kwargs)
  File "F:\cafenest\manager\views.py", line 33, in wrapper
    return view_func(request, *args, **kwargs)
  File "F:\cafenest\manager\views.py", line 143, in manager_dashboard
    return render(request, 'manager/manager_dashboard.html', context)
  File "C:\Users\FRIDAY\AppData\Roaming\Python\Python313\site-packages\django\shortcuts.py", line 25, in render
    content = loader.render_to_string(template_name, context, request, using=using)
  File "C:\Users\FRIDAY\AppData\Roaming\Python\Python313\site-packages\django\template\loader.py", line 62, in render_to_string
    return template.render(context, request)
           ~~~~~~~~~~~~~~~^^^^^^^^^^^^^^^^^^
  File "C:\Users\FRIDAY\AppData\Roaming\Python\Python313\site-packages\django\template\backends\django.py", line 107, in render
    return self.template.render(context)
           ~~~~~~~~~~~~~~~~~~~~^^^^^^^^^
  File "C:\Users\FRIDAY\AppData\Roaming\Python\Python313\site-packages\django\template\base.py", line 171, in render
    return self._render(context)
           ~~~~~~~~~~~~^^^^^^^^^
  File "C:\Users\FRIDAY\AppData\Roaming\Python\Python313\site-packages\django\template\base.py", line 163, in _render
    return self.nodelist.render(context)
           ~~~~~~~~~~~~~~~~~~~~^^^^^^^^^
  File "C:\Users\FRIDAY\AppData\Roaming\Python\Python313\site-packages\django\template\base.py", line 1016, in render
    return SafeString("".join([node.render_annotated(context) for node in self]))
                               ~~~~~~~~~~~~~~~~~~~~~^^^^^^^^^
  File "C:\Users\FRIDAY\AppData\Roaming\Python\Python313\site-packages\django\template\base.py", line 977, in render_annotated
    return self.render(context)
           ~~~~~~~~~~~^^^^^^^^^
  File "C:\Users\FRIDAY\AppData\Roaming\Python\Python313\site-packages\django\template\defaulttags.py", line 480, in render
    url = reverse(view_name, args=args, kwargs=kwargs, current_app=current_app)
  File "C:\Users\FRIDAY\AppData\Roaming\Python\Python313\site-packages\django\urls\base.py", line 98, in reverse
    resolved_url = resolver._reverse_with_prefix(view, prefix, *args, **kwargs)
  File "C:\Users\FRIDAY\AppData\Roaming\Python\Python313\site-packages\django\urls\resolvers.py", line 831, in _reverse_with_prefix
    raise NoReverseMatch(msg)
django.urls.exceptions.NoReverseMatch: Reverse for 'logout' not found. 'logout' is not a valid view function or pattern name.
ERROR 2025-10-14 00:07:10,211 basehttp "GET /manager/dashboard/ HTTP/1.1" 500 141471
INFO 2025-10-14 00:07:20,409 basehttp "GET /manager/dashboard/ HTTP/1.1" 200 9198
INFO 2025-10-14 00:07:24,232 basehttp "GET /manager/dashboard/ HTTP/1.1" 200 9198
INFO 2025-10-14 00:07:26,561 basehttp "GET /manager/tables/ HTTP/1.1" 200 8267
ERROR 2025-10-14 00:07:29,370 log Internal Server Error: /manager/menu/
Traceback (most recent call last):
  File "C:\Users\FRIDAY\AppData\Roaming\Python\Python313\site-packages\django\core\handlers\exception.py", line 55, in inner
    response = get_response(request)
  File "C:\Users\FRIDAY\AppData\Roaming\Python\Python313\site-packages\django\core\handlers\base.py", line 197, in _get_response
    response = wrapped_callback(request, *callback_args, **callback_kwargs)
  File "F:\cafenest\manager\views.py", line 33, in wrapper
    return view_func(request, *args, **kwargs)
  File "F:\cafenest\manager\views.py", line 370, in manager_menu_list
    return render(request, 'manager/manager_menu_list.html', {
        'menu_items': menu_items,
        'cafe': cafe,
        'is_manager': True,
    })
  File "C:\Users\FRIDAY\AppData\Roaming\Python\Python313\site-packages\django\shortcuts.py", line 25, in render
    content = loader.render_to_string(template_name, context, request, using=using)
  File "C:\Users\FRIDAY\AppData\Roaming\Python\Python313\site-packages\django\template\loader.py", line 62, in render_to_string
    return template.render(context, request)
           ~~~~~~~~~~~~~~~^^^^^^^^^^^^^^^^^^
  File "C:\Users\FRIDAY\AppData\Roaming\Python\Python313\site-packages\django\template\backends\django.py", line 107, in render
    return self.template.render(context)
           ~~~~~~~~~~~~~~~~~~~~^^^^^^^^^
  File "C:\Users\FRIDAY\AppData\Roaming\Python\Python313\site-packages\django\template\base.py", line 171, in render
    return self._render(context)
           ~~~~~~~~~~~~^^^^^^^^^
  File "C:\Users\FRIDAY\AppData\Roaming\Python\Python313\site-packages\django\template\base.py", line 163, in _render
    return self.nodelist.render(context)
           ~~~~~~~~~~~~~~~~~~~~^^^^^^^^^
  File "C:\Users\FRIDAY\AppData\Roaming\Python\Python313\site-packages\django\template\base.py", line 1016, in render
    return SafeString("".join([node.render_annotated(context) for node in self]))
                               ~~~~~~~~~~~~~~~~~~~~~^^^^^^^^^
  File "C:\Users\FRIDAY\AppData\Roaming\Python\Python313\site-packages\django\template\base.py", line 977, in render_annotated
    return self.render(context)
           ~~~~~~~~~~~^^^^^^^^^
  File "C:\Users\FRIDAY\AppData\Roaming\Python\Python313\site-packages\django\template\defaulttags.py", line 480, in render
    url = reverse(view_name, args=args, kwargs=kwargs, current_app=current_app)
  File "C:\Users\FRIDAY\AppData\Roaming\Python\Python313\site-packages\django\urls\base.py", line 98, in reverse
    resolved_url = resolver._reverse_with_prefix(view, prefix, *args, **kwargs)
  File "C:\Users\FRIDAY\AppData\Roaming\Python\Python313\site-packages\django\urls\resolvers.py", line 831, in _reverse_with_prefix
    raise NoReverseMatch(msg)
django.urls.exceptions.NoReverseMatch: Reverse for 'manager_attendance' not found. 'manager_attendance' is not a valid view function or pattern name.
ERROR 2025-10-14 00:07:29,373 basehttp "GET /manager/menu/ HTTP/1.1" 500 132516
INFO 2025-10-14 00:12:18,392 autoreload F:\cafenest\manager\views.py changed, reloading.
INFO 2025-10-14 00:12:19,460 autoreload Watching for file changes with StatReloader
ERROR 2025-10-14 00:12:22,583 log Internal Server Error: /manager/menu/
Traceback (most recent call last):
  File "C:\Users\FRIDAY\AppData\Roaming\Python\Python313\site-packages\django\core\handlers\exception.py", line 55, in inner
    response = get_response(request)
  File "C:\Users\FRIDAY\AppData\Roaming\Python\Python313\site-packages\django\core\handlers\base.py", line 197, in _get_response
    response = wrapped_callback(request, *callback_args, **callback_kwargs)
  File "F:\cafenest\manager\views.py", line 33, in wrapper
    return view_func(request, *args, **kwargs)
  File "F:\cafenest\manager\views.py", line 371, in manager_menu_list
    return render(request, 'manager/manager_menu_list.html', {
        'menu_items': menu_items,
        'cafe': cafe,
        'is_manager': True,
    })
  File "C:\Users\FRIDAY\AppData\Roaming\Python\Python313\site-packages\django\shortcuts.py", line 25, in render
    content = loader.render_to_string(template_name, context, request, using=using)
  File "C:\Users\FRIDAY\AppData\Roaming\Python\Python313\site-packages\django\template\loader.py", line 62, in render_to_string
    return template.render(context, request)
           ~~~~~~~~~~~~~~~^^^^^^^^^^^^^^^^^^
  File "C:\Users\FRIDAY\AppData\Roaming\Python\Python313\site-packages\django\template\backends\django.py", line 107, in render
    return self.template.render(context)
           ~~~~~~~~~~~~~~~~~~~~^^^^^^^^^
  File "C:\Users\FRIDAY\AppData\Roaming\Python\Python313\site-packages\django\template\base.py", line 171, in render
    return self._render(context)
           ~~~~~~~~~~~~^^^^^^^^^
  File "C:\Users\FRIDAY\AppData\Roaming\Python\Python313\site-packages\django\template\base.py", line 163, in _render
    return self.nodelist.render(context)
           ~~~~~~~~~~~~~~~~~~~~^^^^^^^^^
  File "C:\Users\FRIDAY\AppData\Roaming\Python\Python313\site-packages\django\template\base.py", line 1016, in render
    return SafeString("".join([node.render_annotated(context) for node in self]))
                               ~~~~~~~~~~~~~~~~~~~~~^^^^^^^^^
  File "C:\Users\FRIDAY\AppData\Roaming\Python\Python313\site-packages\django\template\base.py", line 977, in render_annotated
    return self.render(context)
           ~~~~~~~~~~~^^^^^^^^^
  File "C:\Users\FRIDAY\AppData\Roaming\Python\Python313\site-packages\django\template\defaulttags.py", line 480, in render
    url = reverse(view_name, args=args, kwargs=kwargs, current_app=current_app)
  File "C:\Users\FRIDAY\AppData\Roaming\Python\Python313\site-packages\django\urls\base.py", line 98, in reverse
    resolved_url = resolver._reverse_with_prefix(view, prefix, *args, **kwargs)
  File "C:\Users\FRIDAY\AppData\Roaming\Python\Python313\site-packages\django\urls\resolvers.py", line 831, in _reverse_with_prefix
    raise NoReverseMatch(msg)
django.urls.exceptions.NoReverseMatch: Reverse for 'manager_attendance' not found. 'manager_attendance' is not a valid view function or pattern name.
ERROR 2025-10-14 00:12:22,593 basehttp "GET /manager/menu/ HTTP/1.1" 500 132653
ERROR 2025-10-14 00:12:24,605 log Internal Server Error: /manager/menu/
Traceback (most recent call last):
  File "C:\Users\FRIDAY\AppData\Roaming\Python\Python313\site-packages\django\core\handlers\exception.py", line 55, in inner
    response = get_response(request)
  File "C:\Users\FRIDAY\AppData\Roaming\Python\Python313\site-packages\django\core\handlers\base.py", line 197, in _get_response
    response = wrapped_callback(request, *callback_args, **callback_kwargs)
  File "F:\cafenest\manager\views.py", line 33, in wrapper
    return view_func(request, *args, **kwargs)
  File "F:\cafenest\manager\views.py", line 371, in manager_menu_list
    return render(request, 'manager/manager_menu_list.html', {
        'menu_items': menu_items,
        'cafe': cafe,
        'is_manager': True,
    })
  File "C:\Users\FRIDAY\AppData\Roaming\Python\Python313\site-packages\django\shortcuts.py", line 25, in render
    content = loader.render_to_string(template_name, context, request, using=using)
  File "C:\Users\FRIDAY\AppData\Roaming\Python\Python313\site-packages\django\template\loader.py", line 62, in render_to_string
    return template.render(context, request)
           ~~~~~~~~~~~~~~~^^^^^^^^^^^^^^^^^^
  File "C:\Users\FRIDAY\AppData\Roaming\Python\Python313\site-packages\django\template\backends\django.py", line 107, in render
    return self.template.render(context)
           ~~~~~~~~~~~~~~~~~~~~^^^^^^^^^
  File "C:\Users\FRIDAY\AppData\Roaming\Python\Python313\site-packages\django\template\base.py", line 171, in render
    return self._render(context)
           ~~~~~~~~~~~~^^^^^^^^^
  File "C:\Users\FRIDAY\AppData\Roaming\Python\Python313\site-packages\django\template\base.py", line 163, in _render
    return self.nodelist.render(context)
           ~~~~~~~~~~~~~~~~~~~~^^^^^^^^^
  File "C:\Users\FRIDAY\AppData\Roaming\Python\Python313\site-packages\django\template\base.py", line 1016, in render
    return SafeString("".join([node.render_annotated(context) for node in self]))
                               ~~~~~~~~~~~~~~~~~~~~~^^^^^^^^^
  File "C:\Users\FRIDAY\AppData\Roaming\Python\Python313\site-packages\django\template\base.py", line 977, in render_annotated
    return self.render(context)
           ~~~~~~~~~~~^^^^^^^^^
  File "C:\Users\FRIDAY\AppData\Roaming\Python\Python313\site-packages\django\template\defaulttags.py", line 480, in render
    url = reverse(view_name, args=args, kwargs=kwargs, current_app=current_app)
  File "C:\Users\FRIDAY\AppData\Roaming\Python\Python313\site-packages\django\urls\base.py", line 98, in reverse
    resolved_url = resolver._reverse_with_prefix(view, prefix, *args, **kwargs)
  File "C:\Users\FRIDAY\AppData\Roaming\Python\Python313\site-packages\django\urls\resolvers.py", line 831, in _reverse_with_prefix
    raise NoReverseMatch(msg)
django.urls.exceptions.NoReverseMatch: Reverse for 'manager_attendance' not found. 'manager_attendance' is not a valid view function or pattern name.
ERROR 2025-10-14 00:12:24,613 basehttp "GET /manager/menu/ HTTP/1.1" 500 132653
INFO 2025-10-14 00:14:01,040 basehttp "GET /manager/menu/ HTTP/1.1" 200 6667
ERROR 2025-10-14 00:14:03,286 log Internal Server Error: /manager/menu/add/
Traceback (most recent call last):
  File "C:\Users\FRIDAY\AppData\Roaming\Python\Python313\site-packages\django\core\handlers\exception.py", line 55, in inner
    response = get_response(request)
  File "C:\Users\FRIDAY\AppData\Roaming\Python\Python313\site-packages\django\core\handlers\base.py", line 197, in _get_response
    response = wrapped_callback(request, *callback_args, **callback_kwargs)
  File "F:\cafenest\manager\views.py", line 33, in wrapper
    return view_func(request, *args, **kwargs)
  File "F:\cafenest\manager\views.py", line 394, in manager_add_menu_item
    return render(request, 'manager/manager_add_menu_item.html', {'form': form, 'cafe': cafe})
  File "C:\Users\FRIDAY\AppData\Roaming\Python\Python313\site-packages\django\shortcuts.py", line 25, in render
    content = loader.render_to_string(template_name, context, request, using=using)
  File "C:\Users\FRIDAY\AppData\Roaming\Python\Python313\site-packages\django\template\loader.py", line 61, in render_to_string
    template = get_template(template_name, using=using)
  File "C:\Users\FRIDAY\AppData\Roaming\Python\Python313\site-packages\django\template\loader.py", line 19, in get_template
    raise TemplateDoesNotExist(template_name, chain=chain)
django.template.exceptions.TemplateDoesNotExist: manager/manager_add_menu_item.html
ERROR 2025-10-14 00:14:03,288 basehttp "GET /manager/menu/add/ HTTP/1.1" 500 96046
INFO 2025-10-14 00:15:48,799 basehttp "GET /manager/menu/add/ HTTP/1.1" 200 8078
INFO 2025-10-14 00:19:39,534 basehttp "GET /manager/menu/add/ HTTP/1.1" 200 8078
INFO 2025-10-14 00:19:42,732 basehttp "GET /manager/menu/add/ HTTP/1.1" 200 8078
INFO 2025-10-14 00:19:42,965 basehttp "GET /manager/menu/add/ HTTP/1.1" 200 8078
INFO 2025-10-14 00:19:43,172 basehttp "GET /manager/menu/add/ HTTP/1.1" 200 8078
INFO 2025-10-14 00:19:44,384 basehttp "GET /manager/menu/add/ HTTP/1.1" 200 8078
INFO 2025-10-14 00:20:02,318 basehttp "GET /manager/menu/add/ HTTP/1.1" 200 7853
INFO 2025-10-14 00:24:34,822 autoreload Watching for file changes with StatReloader
INFO 2025-10-14 00:24:36,639 basehttp "GET / HTTP/1.1" 302 0
INFO 2025-10-14 00:24:36,707 basehttp "GET /manager/dashboard/ HTTP/1.1" 200 9198
INFO 2025-10-14 00:24:41,999 basehttp "GET /manager/dashboard/ HTTP/1.1" 200 9198
INFO 2025-10-14 00:24:43,359 basehttp "GET /manager/tables/ HTTP/1.1" 200 8267
INFO 2025-10-14 00:24:46,178 basehttp "GET /manager/dashboard/ HTTP/1.1" 200 9198
INFO 2025-10-14 00:24:48,567 basehttp "GET /manager/dashboard/ HTTP/1.1" 200 9198
INFO 2025-10-14 00:24:49,924 basehttp "GET /manager/tables/ HTTP/1.1" 200 8267
INFO 2025-10-14 00:24:53,210 basehttp "GET /manager/menu/ HTTP/1.1" 200 6667
INFO 2025-10-14 00:24:56,074 basehttp "GET /manager/dashboard/ HTTP/1.1" 200 9198
INFO 2025-10-14 00:24:56,957 basehttp "GET /manager/tables/ HTTP/1.1" 200 8267
INFO 2025-10-14 00:25:04,935 basehttp "GET /manager/menu/ HTTP/1.1" 200 6667
ERROR 2025-10-14 00:25:06,756 log Internal Server Error: /manager/staff/
Traceback (most recent call last):
  File "C:\Users\FRIDAY\AppData\Roaming\Python\Python313\site-packages\django\core\handlers\exception.py", line 55, in inner
    response = get_response(request)
  File "C:\Users\FRIDAY\AppData\Roaming\Python\Python313\site-packages\django\core\handlers\base.py", line 197, in _get_response
    response = wrapped_callback(request, *callback_args, **callback_kwargs)
  File "F:\cafenest\manager\views.py", line 33, in wrapper
    return view_func(request, *args, **kwargs)
  File "F:\cafenest\manager\views.py", line 162, in manager_staff_list
    return render(request, 'manager/staff_list.html', context)
  File "C:\Users\FRIDAY\AppData\Roaming\Python\Python313\site-packages\django\shortcuts.py", line 25, in render
    content = loader.render_to_string(template_name, context, request, using=using)
  File "C:\Users\FRIDAY\AppData\Roaming\Python\Python313\site-packages\django\template\loader.py", line 61, in render_to_string
    template = get_template(template_name, using=using)
  File "C:\Users\FRIDAY\AppData\Roaming\Python\Python313\site-packages\django\template\loader.py", line 19, in get_template
    raise TemplateDoesNotExist(template_name, chain=chain)
django.template.exceptions.TemplateDoesNotExist: manager/staff_list.html
ERROR 2025-10-14 00:25:06,759 basehttp "GET /manager/staff/ HTTP/1.1" 500 95489
INFO 2025-10-14 00:25:49,258 basehttp "GET /manager/tables/ HTTP/1.1" 200 8267
INFO 2025-10-14 00:25:53,153 basehttp "GET /manager/menu/ HTTP/1.1" 200 6667
INFO 2025-10-14 00:26:00,985 basehttp "GET /manager/tables/ HTTP/1.1" 200 8267
INFO 2025-10-14 00:26:11,093 basehttp "GET /manager/dashboard/ HTTP/1.1" 200 9198
INFO 2025-10-14 00:28:53,995 autoreload Watching for file changes with StatReloader
INFO 2025-10-14 00:28:58,277 basehttp "GET / HTTP/1.1" 302 0
INFO 2025-10-14 00:28:58,349 basehttp "GET /manager/dashboard/ HTTP/1.1" 200 9198
INFO 2025-10-14 00:29:01,051 basehttp "GET /manager/dashboard/ HTTP/1.1" 200 9198
INFO 2025-10-14 00:29:02,018 basehttp "GET /manager/tables/ HTTP/1.1" 200 8267
INFO 2025-10-14 00:29:30,397 basehttp "GET /manager/tables/ HTTP/1.1" 200 8622
INFO 2025-10-14 00:29:35,260 basehttp "GET /manager/menu/ HTTP/1.1" 200 6667
ERROR 2025-10-14 00:29:36,417 log Internal Server Error: /manager/staff/
Traceback (most recent call last):
  File "C:\Users\FRIDAY\AppData\Roaming\Python\Python313\site-packages\django\core\handlers\exception.py", line 55, in inner
    response = get_response(request)
  File "C:\Users\FRIDAY\AppData\Roaming\Python\Python313\site-packages\django\core\handlers\base.py", line 197, in _get_response
    response = wrapped_callback(request, *callback_args, **callback_kwargs)
  File "F:\cafenest\manager\views.py", line 33, in wrapper
    return view_func(request, *args, **kwargs)
  File "F:\cafenest\manager\views.py", line 162, in manager_staff_list
    return render(request, 'manager/staff_list.html', context)
  File "C:\Users\FRIDAY\AppData\Roaming\Python\Python313\site-packages\django\shortcuts.py", line 25, in render
    content = loader.render_to_string(template_name, context, request, using=using)
  File "C:\Users\FRIDAY\AppData\Roaming\Python\Python313\site-packages\django\template\loader.py", line 61, in render_to_string
    template = get_template(template_name, using=using)
  File "C:\Users\FRIDAY\AppData\Roaming\Python\Python313\site-packages\django\template\loader.py", line 19, in get_template
    raise TemplateDoesNotExist(template_name, chain=chain)
django.template.exceptions.TemplateDoesNotExist: manager/staff_list.html
ERROR 2025-10-14 00:29:36,418 basehttp "GET /manager/staff/ HTTP/1.1" 500 95489
ERROR 2025-10-14 00:30:56,098 log Internal Server Error: /manager/staff/
Traceback (most recent call last):
  File "C:\Users\FRIDAY\AppData\Roaming\Python\Python313\site-packages\django\core\handlers\exception.py", line 55, in inner
    response = get_response(request)
  File "C:\Users\FRIDAY\AppData\Roaming\Python\Python313\site-packages\django\core\handlers\base.py", line 197, in _get_response
    response = wrapped_callback(request, *callback_args, **callback_kwargs)
  File "F:\cafenest\manager\views.py", line 33, in wrapper
    return view_func(request, *args, **kwargs)
  File "F:\cafenest\manager\views.py", line 162, in manager_staff_list
    return render(request, 'manager/staff_list.html', context)
  File "C:\Users\FRIDAY\AppData\Roaming\Python\Python313\site-packages\django\shortcuts.py", line 25, in render
    content = loader.render_to_string(template_name, context, request, using=using)
  File "C:\Users\FRIDAY\AppData\Roaming\Python\Python313\site-packages\django\template\loader.py", line 61, in render_to_string
    template = get_template(template_name, using=using)
  File "C:\Users\FRIDAY\AppData\Roaming\Python\Python313\site-packages\django\template\loader.py", line 19, in get_template
    raise TemplateDoesNotExist(template_name, chain=chain)
django.template.exceptions.TemplateDoesNotExist: manager/staff_list.html
ERROR 2025-10-14 00:30:56,101 basehttp "GET /manager/staff/ HTTP/1.1" 500 95626
ERROR 2025-10-14 00:30:57,514 log Internal Server Error: /manager/staff/
Traceback (most recent call last):
  File "C:\Users\FRIDAY\AppData\Roaming\Python\Python313\site-packages\django\core\handlers\exception.py", line 55, in inner
    response = get_response(request)
  File "C:\Users\FRIDAY\AppData\Roaming\Python\Python313\site-packages\django\core\handlers\base.py", line 197, in _get_response
    response = wrapped_callback(request, *callback_args, **callback_kwargs)
  File "F:\cafenest\manager\views.py", line 33, in wrapper
    return view_func(request, *args, **kwargs)
  File "F:\cafenest\manager\views.py", line 162, in manager_staff_list
    return render(request, 'manager/staff_list.html', context)
  File "C:\Users\FRIDAY\AppData\Roaming\Python\Python313\site-packages\django\shortcuts.py", line 25, in render
    content = loader.render_to_string(template_name, context, request, using=using)
  File "C:\Users\FRIDAY\AppData\Roaming\Python\Python313\site-packages\django\template\loader.py", line 61, in render_to_string
    template = get_template(template_name, using=using)
  File "C:\Users\FRIDAY\AppData\Roaming\Python\Python313\site-packages\django\template\loader.py", line 19, in get_template
    raise TemplateDoesNotExist(template_name, chain=chain)
django.template.exceptions.TemplateDoesNotExist: manager/staff_list.html
ERROR 2025-10-14 00:30:57,515 basehttp "GET /manager/staff/ HTTP/1.1" 500 95626
ERROR 2025-10-14 00:30:58,529 log Internal Server Error: /manager/staff/
Traceback (most recent call last):
  File "C:\Users\FRIDAY\AppData\Roaming\Python\Python313\site-packages\django\core\handlers\exception.py", line 55, in inner
    response = get_response(request)
  File "C:\Users\FRIDAY\AppData\Roaming\Python\Python313\site-packages\django\core\handlers\base.py", line 197, in _get_response
    response = wrapped_callback(request, *callback_args, **callback_kwargs)
  File "F:\cafenest\manager\views.py", line 33, in wrapper
    return view_func(request, *args, **kwargs)
  File "F:\cafenest\manager\views.py", line 162, in manager_staff_list
    return render(request, 'manager/staff_list.html', context)
  File "C:\Users\FRIDAY\AppData\Roaming\Python\Python313\site-packages\django\shortcuts.py", line 25, in render
    content = loader.render_to_string(template_name, context, request, using=using)
  File "C:\Users\FRIDAY\AppData\Roaming\Python\Python313\site-packages\django\template\loader.py", line 61, in render_to_string
    template = get_template(template_name, using=using)
  File "C:\Users\FRIDAY\AppData\Roaming\Python\Python313\site-packages\django\template\loader.py", line 19, in get_template
    raise TemplateDoesNotExist(template_name, chain=chain)
django.template.exceptions.TemplateDoesNotExist: manager/staff_list.html
ERROR 2025-10-14 00:30:58,531 basehttp "GET /manager/staff/ HTTP/1.1" 500 95626
INFO 2025-10-14 00:31:03,262 basehttp "GET / HTTP/1.1" 302 0
INFO 2025-10-14 00:31:03,301 basehttp "GET /manager/dashboard/ HTTP/1.1" 200 9198
ERROR 2025-10-14 00:31:09,323 log Internal Server Error: /manager/staff/
Traceback (most recent call last):
  File "C:\Users\FRIDAY\AppData\Roaming\Python\Python313\site-packages\django\core\handlers\exception.py", line 55, in inner
    response = get_response(request)
  File "C:\Users\FRIDAY\AppData\Roaming\Python\Python313\site-packages\django\core\handlers\base.py", line 197, in _get_response
    response = wrapped_callback(request, *callback_args, **callback_kwargs)
  File "F:\cafenest\manager\views.py", line 33, in wrapper
    return view_func(request, *args, **kwargs)
  File "F:\cafenest\manager\views.py", line 162, in manager_staff_list
    return render(request, 'manager/staff_list.html', context)
  File "C:\Users\FRIDAY\AppData\Roaming\Python\Python313\site-packages\django\shortcuts.py", line 25, in render
    content = loader.render_to_string(template_name, context, request, using=using)
  File "C:\Users\FRIDAY\AppData\Roaming\Python\Python313\site-packages\django\template\loader.py", line 61, in render_to_string
    template = get_template(template_name, using=using)
  File "C:\Users\FRIDAY\AppData\Roaming\Python\Python313\site-packages\django\template\loader.py", line 19, in get_template
    raise TemplateDoesNotExist(template_name, chain=chain)
django.template.exceptions.TemplateDoesNotExist: manager/staff_list.html
ERROR 2025-10-14 00:31:09,325 basehttp "GET /manager/staff/ HTTP/1.1" 500 95494
INFO 2025-10-14 00:33:01,057 autoreload F:\cafenest\manager\views.py changed, reloading.
INFO 2025-10-14 00:33:01,486 autoreload F:\cafenest\manager\views.py changed, reloading.
INFO 2025-10-14 00:33:02,149 autoreload Watching for file changes with StatReloader
INFO 2025-10-14 00:33:02,530 autoreload Watching for file changes with StatReloader
INFO 2025-10-14 00:33:03,958 basehttp "GET /manager/staff/ HTTP/1.1" 200 7912
INFO 2025-10-14 00:33:05,667 basehttp "GET /manager/staff/add/ HTTP/1.1" 200 4053
INFO 2025-10-14 00:33:40,407 basehttp "GET /manager/staff/ HTTP/1.1" 200 7912
ERROR 2025-10-14 00:33:45,440 log Internal Server Error: /manager/orders/
Traceback (most recent call last):
  File "C:\Users\FRIDAY\AppData\Roaming\Python\Python313\site-packages\django\core\handlers\exception.py", line 55, in inner
    response = get_response(request)
  File "C:\Users\FRIDAY\AppData\Roaming\Python\Python313\site-packages\django\core\handlers\base.py", line 197, in _get_response
    response = wrapped_callback(request, *callback_args, **callback_kwargs)
  File "F:\cafenest\manager\views.py", line 33, in wrapper
    return view_func(request, *args, **kwargs)
  File "F:\cafenest\manager\views.py", line 444, in manager_order_list
    return render(request, 'manager/manager_order_list.html', {
        'orders': orders,
        'cafe': cafe,
    })
  File "C:\Users\FRIDAY\AppData\Roaming\Python\Python313\site-packages\django\shortcuts.py", line 25, in render
    content = loader.render_to_string(template_name, context, request, using=using)
  File "C:\Users\FRIDAY\AppData\Roaming\Python\Python313\site-packages\django\template\loader.py", line 62, in render_to_string
    return template.render(context, request)
           ~~~~~~~~~~~~~~~^^^^^^^^^^^^^^^^^^
  File "C:\Users\FRIDAY\AppData\Roaming\Python\Python313\site-packages\django\template\backends\django.py", line 107, in render
    return self.template.render(context)
           ~~~~~~~~~~~~~~~~~~~~^^^^^^^^^
  File "C:\Users\FRIDAY\AppData\Roaming\Python\Python313\site-packages\django\template\base.py", line 171, in render
    return self._render(context)
           ~~~~~~~~~~~~^^^^^^^^^
  File "C:\Users\FRIDAY\AppData\Roaming\Python\Python313\site-packages\django\template\base.py", line 163, in _render
    return self.nodelist.render(context)
           ~~~~~~~~~~~~~~~~~~~~^^^^^^^^^
  File "C:\Users\FRIDAY\AppData\Roaming\Python\Python313\site-packages\django\template\base.py", line 1016, in render
    return SafeString("".join([node.render_annotated(context) for node in self]))
                               ~~~~~~~~~~~~~~~~~~~~~^^^^^^^^^
  File "C:\Users\FRIDAY\AppData\Roaming\Python\Python313\site-packages\django\template\base.py", line 977, in render_annotated
    return self.render(context)
           ~~~~~~~~~~~^^^^^^^^^
  File "C:\Users\FRIDAY\AppData\Roaming\Python\Python313\site-packages\django\template\defaulttags.py", line 480, in render
    url = reverse(view_name, args=args, kwargs=kwargs, current_app=current_app)
  File "C:\Users\FRIDAY\AppData\Roaming\Python\Python313\site-packages\django\urls\base.py", line 98, in reverse
    resolved_url = resolver._reverse_with_prefix(view, prefix, *args, **kwargs)
  File "C:\Users\FRIDAY\AppData\Roaming\Python\Python313\site-packages\django\urls\resolvers.py", line 831, in _reverse_with_prefix
    raise NoReverseMatch(msg)
django.urls.exceptions.NoReverseMatch: Reverse for 'manager_attendance' not found. 'manager_attendance' is not a valid view function or pattern name.
ERROR 2025-10-14 00:33:45,452 basehttp "GET /manager/orders/ HTTP/1.1" 500 131826
INFO 2025-10-14 00:34:59,745 basehttp "GET /manager/orders/ HTTP/1.1" 200 6183
ERROR 2025-10-14 00:35:01,771 log Internal Server Error: /manager/reports/
Traceback (most recent call last):
  File "C:\Users\FRIDAY\AppData\Roaming\Python\Python313\site-packages\django\core\handlers\exception.py", line 55, in inner
    response = get_response(request)
  File "C:\Users\FRIDAY\AppData\Roaming\Python\Python313\site-packages\django\core\handlers\base.py", line 197, in _get_response
    response = wrapped_callback(request, *callback_args, **callback_kwargs)
  File "F:\cafenest\manager\views.py", line 33, in wrapper
    return view_func(request, *args, **kwargs)
  File "F:\cafenest\manager\views.py", line 516, in manager_reports
    return render(request, 'manager/manager_reports.html', context)
  File "C:\Users\FRIDAY\AppData\Roaming\Python\Python313\site-packages\django\shortcuts.py", line 25, in render
    content = loader.render_to_string(template_name, context, request, using=using)
  File "C:\Users\FRIDAY\AppData\Roaming\Python\Python313\site-packages\django\template\loader.py", line 62, in render_to_string
    return template.render(context, request)
           ~~~~~~~~~~~~~~~^^^^^^^^^^^^^^^^^^
  File "C:\Users\FRIDAY\AppData\Roaming\Python\Python313\site-packages\django\template\backends\django.py", line 107, in render
    return self.template.render(context)
           ~~~~~~~~~~~~~~~~~~~~^^^^^^^^^
  File "C:\Users\FRIDAY\AppData\Roaming\Python\Python313\site-packages\django\template\base.py", line 171, in render
    return self._render(context)
           ~~~~~~~~~~~~^^^^^^^^^
  File "C:\Users\FRIDAY\AppData\Roaming\Python\Python313\site-packages\django\template\base.py", line 163, in _render
    return self.nodelist.render(context)
           ~~~~~~~~~~~~~~~~~~~~^^^^^^^^^
  File "C:\Users\FRIDAY\AppData\Roaming\Python\Python313\site-packages\django\template\base.py", line 1016, in render
    return SafeString("".join([node.render_annotated(context) for node in self]))
                               ~~~~~~~~~~~~~~~~~~~~~^^^^^^^^^
  File "C:\Users\FRIDAY\AppData\Roaming\Python\Python313\site-packages\django\template\base.py", line 977, in render_annotated
    return self.render(context)
           ~~~~~~~~~~~^^^^^^^^^
  File "C:\Users\FRIDAY\AppData\Roaming\Python\Python313\site-packages\django\template\defaulttags.py", line 480, in render
    url = reverse(view_name, args=args, kwargs=kwargs, current_app=current_app)
  File "C:\Users\FRIDAY\AppData\Roaming\Python\Python313\site-packages\django\urls\base.py", line 98, in reverse
    resolved_url = resolver._reverse_with_prefix(view, prefix, *args, **kwargs)
  File "C:\Users\FRIDAY\AppData\Roaming\Python\Python313\site-packages\django\urls\resolvers.py", line 831, in _reverse_with_prefix
    raise NoReverseMatch(msg)
django.urls.exceptions.NoReverseMatch: Reverse for 'manager_attendance' not found. 'manager_attendance' is not a valid view function or pattern name.
ERROR 2025-10-14 00:35:01,774 basehttp "GET /manager/reports/ HTTP/1.1" 500 136768
INFO 2025-10-14 00:36:09,283 basehttp "GET /manager/reports/ HTTP/1.1" 200 8634
INFO 2025-10-14 00:36:13,746 basehttp "GET /manager/logout/ HTTP/1.1" 302 0
INFO 2025-10-14 00:36:13,768 basehttp "GET /manager/login/ HTTP/1.1" 200 5140
INFO 2025-10-14 00:41:52,000 basehttp "GET /manager/reports/ HTTP/1.1" 302 0
INFO 2025-10-14 00:41:52,045 basehttp "GET /manager/login/ HTTP/1.1" 200 5672
INFO 2025-10-14 00:42:08,891 basehttp "GET / HTTP/1.1" 200 31929
INFO 2025-10-14 00:42:12,076 basehttp "GET /manager/login/ HTTP/1.1" 200 5515
INFO 2025-10-14 00:42:16,292 basehttp "GET /login/ HTTP/1.1" 200 8236
INFO 2025-10-14 00:42:17,477 basehttp "GET /accounts/google/login/?process=login HTTP/1.1" 302 0
INFO 2025-10-14 00:42:23,692 basehttp "GET /accounts/google/login/callback/?state=dfbMQmQrMcmnhJdg&code=4%2F0AVGzR1DFqDa1P-CVYK3hjukmVXHpIG6abY0jjknE1u4Qc0LS_QKBbWivRjfFm7HgeT2pAQ&scope=email+profile+https%3A%2F%2Fwww.googleapis.com%2Fauth%2Fuserinfo.email+openid+https%3A%2F%2Fwww.googleapis.com%2Fauth%2Fuserinfo.profile&authuser=4&prompt=none HTTP/1.1" 302 0
INFO 2025-10-14 00:42:23,746 basehttp "GET /owner/dashboard/ HTTP/1.1" 200 10355
INFO 2025-10-14 00:43:01,721 basehttp "GET /cafes/ HTTP/1.1" 200 10414
INFO 2025-10-14 00:43:04,746 basehttp "GET /staff/ HTTP/1.1" 200 8190
INFO 2025-10-14 00:43:06,815 basehttp "GET /menu/ HTTP/1.1" 200 6564
INFO 2025-10-14 00:43:08,158 basehttp "GET /reports/ HTTP/1.1" 200 7567
INFO 2025-10-14 00:43:10,182 basehttp "GET /menu/ HTTP/1.1" 200 6564
ERROR 2025-10-14 00:43:11,234 log Internal Server Error: /menu/add/
Traceback (most recent call last):
  File "C:\Users\FRIDAY\AppData\Roaming\Python\Python313\site-packages\django\core\handlers\exception.py", line 55, in inner
    response = get_response(request)
  File "C:\Users\FRIDAY\AppData\Roaming\Python\Python313\site-packages\django\core\handlers\base.py", line 197, in _get_response
    response = wrapped_callback(request, *callback_args, **callback_kwargs)
  File "C:\Users\FRIDAY\AppData\Roaming\Python\Python313\site-packages\django\contrib\auth\decorators.py", line 59, in _view_wrapper
    return view_func(request, *args, **kwargs)
  File "F:\cafenest\owner\views.py", line 529, in add_menu_item
    form.fields['cafe'].queryset = Cafe.objects.filter(owner=request.user)
    ~~~~~~~~~~~^^^^^^^^
KeyError: 'cafe'
ERROR 2025-10-14 00:43:11,236 basehttp "GET /menu/add/ HTTP/1.1" 500 79516
INFO 2025-10-14 00:43:21,441 basehttp "GET /logout/ HTTP/1.1" 302 0
INFO 2025-10-14 00:43:21,447 basehttp "GET /login/ HTTP/1.1" 200 8437
INFO 2025-10-14 00:43:27,141 basehttp "GET /logout/ HTTP/1.1" 302 0
INFO 2025-10-14 00:43:27,150 basehttp "GET /login/ HTTP/1.1" 200 8437
INFO 2025-10-14 00:43:34,939 basehttp "GET /logout/ HTTP/1.1" 302 0
INFO 2025-10-14 00:43:34,947 basehttp "GET /login/ HTTP/1.1" 200 8437
INFO 2025-10-14 00:46:26,406 basehttp "GET / HTTP/1.1" 200 31929
INFO 2025-10-14 00:46:29,313 basehttp "GET /login/ HTTP/1.1" 200 7910
INFO 2025-10-14 00:46:30,434 basehttp "GET /accounts/google/login/?process=login HTTP/1.1" 302 0
INFO 2025-10-14 00:46:35,460 basehttp "GET /accounts/google/login/callback/?state=hS7xaSQ2RSFtKp1j&code=4%2F0AVGzR1AzYaH4b-RgTji_cOz-ACThKDBJFroqz1ytEViBj6iu0pqOo07xZ6Z9MRrrQu4YkQ&scope=email+profile+https%3A%2F%2Fwww.googleapis.com%2Fauth%2Fuserinfo.email+https%3A%2F%2Fwww.googleapis.com%2Fauth%2Fuserinfo.profile+openid&authuser=4&prompt=none HTTP/1.1" 302 0
INFO 2025-10-14 00:46:35,487 basehttp "GET /owner/dashboard/ HTTP/1.1" 200 10355
INFO 2025-10-14 00:46:37,049 basehttp "GET /logout/ HTTP/1.1" 302 0
INFO 2025-10-14 00:46:37,055 basehttp "GET /login/ HTTP/1.1" 200 8111
INFO 2025-10-14 00:46:40,144 basehttp "GET / HTTP/1.1" 200 31929
INFO 2025-10-14 00:46:43,417 basehttp "GET /login/ HTTP/1.1" 200 7910
INFO 2025-10-14 00:46:45,369 basehttp "GET /accounts/google/login/?process=login HTTP/1.1" 302 0
INFO 2025-10-14 00:46:50,246 basehttp "GET /accounts/google/login/callback/?state=METRKhYYFpgfckmM&code=4%2F0AVGzR1AxS6ye8HEmWRlVtV-APdpJqBVOEtY8oIN6TEdy6myFLki3jiE4exhtSHPGpFH1iw&scope=email+profile+https%3A%2F%2Fwww.googleapis.com%2Fauth%2Fuserinfo.email+https%3A%2F%2Fwww.googleapis.com%2Fauth%2Fuserinfo.profile+openid&authuser=4&prompt=none HTTP/1.1" 302 0
INFO 2025-10-14 00:46:50,272 basehttp "GET /owner/dashboard/ HTTP/1.1" 200 10355
INFO 2025-10-14 00:46:52,625 basehttp "GET /logout/ HTTP/1.1" 302 0
INFO 2025-10-14 00:46:52,631 basehttp "GET /login/ HTTP/1.1" 200 8111
INFO 2025-10-14 00:48:48,643 basehttp "GET /accounts/google/login/?process=login HTTP/1.1" 302 0
INFO 2025-10-14 00:48:54,182 basehttp "GET /accounts/google/login/callback/?state=yuRQBVMpoQNC0Nxo&code=4%2F0AVGzR1BRImcU1IoPZqbkDSTwP26THh4tZRehXQV9W83pX9f1A_mR7F7_niGKKilCni5lFQ&scope=email+profile+https%3A%2F%2Fwww.googleapis.com%2Fauth%2Fuserinfo.profile+https%3A%2F%2Fwww.googleapis.com%2Fauth%2Fuserinfo.email+openid&authuser=4&prompt=none HTTP/1.1" 302 0
INFO 2025-10-14 00:48:54,204 basehttp "GET /owner/dashboard/ HTTP/1.1" 200 10355
INFO 2025-10-14 00:48:56,186 basehttp "GET /logout/ HTTP/1.1" 302 0
INFO 2025-10-14 00:48:56,211 basehttp "GET /login/ HTTP/1.1" 200 8344
INFO 2025-10-14 00:49:00,270 basehttp "GET / HTTP/1.1" 200 31929
INFO 2025-10-14 00:51:16,412 basehttp "GET /login/ HTTP/1.1" 200 7216
INFO 2025-10-14 00:51:17,923 basehttp "GET /accounts/google/login/?process=login HTTP/1.1" 302 0
INFO 2025-10-14 00:51:23,445 basehttp "GET /accounts/google/login/callback/?state=5lQDuED5WLxeN1We&code=4%2F0AVGzR1AbULl88EYjn0TzEZOqe5wN_a5imUvm7XHt-28eR-CqYYjVTHZ605U4s0ip45s0xQ&scope=email+profile+https%3A%2F%2Fwww.googleapis.com%2Fauth%2Fuserinfo.email+https%3A%2F%2Fwww.googleapis.com%2Fauth%2Fuserinfo.profile+openid&authuser=4&prompt=none HTTP/1.1" 302 0
INFO 2025-10-14 00:51:23,473 basehttp "GET /owner/dashboard/ HTTP/1.1" 200 10355
INFO 2025-10-14 00:51:27,472 basehttp "GET /logout/ HTTP/1.1" 302 0
INFO 2025-10-14 00:51:27,480 basehttp "GET /login/ HTTP/1.1" 200 7417
INFO 2025-10-14 00:53:21,925 autoreload F:\cafenest\cafenest\urls.py changed, reloading.
INFO 2025-10-14 00:53:21,984 autoreload F:\cafenest\cafenest\urls.py changed, reloading.
INFO 2025-10-14 00:53:23,269 autoreload Watching for file changes with StatReloader
INFO 2025-10-14 00:53:23,656 autoreload Watching for file changes with StatReloader
INFO 2025-10-14 00:53:26,036 basehttp "GET /login/ HTTP/1.1" 200 7216
INFO 2025-10-14 00:56:46,910 autoreload F:\cafenest\cafenest\settings.py changed, reloading.
INFO 2025-10-14 00:56:47,909 autoreload Watching for file changes with StatReloader
INFO 2025-10-14 00:56:48,019 autoreload F:\cafenest\cafenest\settings.py changed, reloading.
INFO 2025-10-14 00:56:49,144 autoreload Watching for file changes with StatReloader
INFO 2025-10-14 00:57:57,486 autoreload F:\cafenest\owner\views.py changed, reloading.
INFO 2025-10-14 00:57:57,506 autoreload F:\cafenest\owner\views.py changed, reloading.
INFO 2025-10-14 00:57:58,406 autoreload Watching for file changes with StatReloader
INFO 2025-10-14 00:57:58,413 autoreload Watching for file changes with StatReloader
INFO 2025-10-14 00:58:42,435 autoreload F:\cafenest\owner\views.py changed, reloading.
INFO 2025-10-14 00:58:42,480 autoreload F:\cafenest\owner\views.py changed, reloading.
INFO 2025-10-14 00:58:43,328 autoreload Watching for file changes with StatReloader
INFO 2025-10-14 00:58:43,344 autoreload Watching for file changes with StatReloader
INFO 2025-10-14 00:58:56,343 autoreload Watching for file changes with StatReloader
INFO 2025-10-14 00:59:07,559 autoreload F:\cafenest\cafenest\settings.py changed, reloading.
INFO 2025-10-14 00:59:07,680 autoreload F:\cafenest\cafenest\settings.py changed, reloading.
INFO 2025-10-14 00:59:08,557 autoreload Watching for file changes with StatReloader
INFO 2025-10-14 00:59:08,588 autoreload Watching for file changes with StatReloader
INFO 2025-10-14 00:59:10,333 basehttp "GET / HTTP/1.1" 200 31929
INFO 2025-10-14 00:59:16,842 basehttp "GET /logout/ HTTP/1.1" 302 0
WARNING 2025-10-14 00:59:16,876 log Not Found: /logout/home.html
WARNING 2025-10-14 00:59:16,877 basehttp "GET /logout/home.html HTTP/1.1" 404 11216
INFO 2025-10-14 00:59:50,611 autoreload F:\cafenest\cafenest\urls.py changed, reloading.
INFO 2025-10-14 00:59:50,777 autoreload F:\cafenest\cafenest\urls.py changed, reloading.
INFO 2025-10-14 00:59:51,523 autoreload Watching for file changes with StatReloader
INFO 2025-10-14 00:59:51,686 autoreload Watching for file changes with StatReloader
INFO 2025-10-14 01:00:19,826 autoreload F:\cafenest\manager\urls.py changed, reloading.
INFO 2025-10-14 01:00:19,883 autoreload F:\cafenest\manager\urls.py changed, reloading.
INFO 2025-10-14 01:00:21,051 autoreload Watching for file changes with StatReloader
INFO 2025-10-14 01:00:21,076 autoreload Watching for file changes with StatReloader
WARNING 2025-10-14 01:00:22,141 log Not Found: /logout/home.html
WARNING 2025-10-14 01:00:22,147 basehttp "GET /logout/home.html HTTP/1.1" 404 11216
INFO 2025-10-14 01:00:25,124 basehttp "GET /logout/ HTTP/1.1" 302 0
WARNING 2025-10-14 01:00:25,138 log Not Found: /logout/home.html
WARNING 2025-10-14 01:00:25,139 basehttp "GET /logout/home.html HTTP/1.1" 404 11216
INFO 2025-10-14 01:00:56,215 autoreload F:\cafenest\manager\urls.py changed, reloading.
INFO 2025-10-14 01:00:56,258 autoreload F:\cafenest\manager\urls.py changed, reloading.
INFO 2025-10-14 01:00:57,235 autoreload Watching for file changes with StatReloader
INFO 2025-10-14 01:00:57,239 autoreload Watching for file changes with StatReloader
WARNING 2025-10-14 01:00:58,073 log Not Found: /logout/home.html
WARNING 2025-10-14 01:00:58,074 basehttp "GET /logout/home.html HTTP/1.1" 404 11216
INFO 2025-10-14 01:01:01,202 basehttp "GET /logout/ HTTP/1.1" 302 0
WARNING 2025-10-14 01:01:01,216 log Not Found: /logout/home.html
WARNING 2025-10-14 01:01:01,216 basehttp "GET /logout/home.html HTTP/1.1" 404 11216
INFO 2025-10-14 01:01:49,143 basehttp "GET /logout/ HTTP/1.1" 302 0
WARNING 2025-10-14 01:01:49,156 log Not Found: /logout/home.html
WARNING 2025-10-14 01:01:49,157 basehttp "GET /logout/home.html HTTP/1.1" 404 11216
INFO 2025-10-14 01:04:24,642 autoreload F:\cafenest\owner\views.py changed, reloading.
INFO 2025-10-14 01:04:24,701 autoreload F:\cafenest\owner\views.py changed, reloading.
INFO 2025-10-14 01:04:25,808 autoreload Watching for file changes with StatReloader
INFO 2025-10-14 01:04:25,837 autoreload Watching for file changes with StatReloader
INFO 2025-10-14 01:04:29,384 basehttp "GET /logout/ HTTP/1.1" 302 0
INFO 2025-10-14 01:04:29,395 basehttp "GET / HTTP/1.1" 200 31929
INFO 2025-10-14 01:04:31,075 basehttp "GET /login/ HTTP/1.1" 200 7949
INFO 2025-10-14 01:04:57,648 autoreload F:\cafenest\owner\views.py changed, reloading.
INFO 2025-10-14 01:04:57,717 autoreload F:\cafenest\owner\views.py changed, reloading.
INFO 2025-10-14 01:04:58,692 autoreload Watching for file changes with StatReloader
INFO 2025-10-14 01:04:58,698 autoreload Watching for file changes with StatReloader
INFO 2025-10-14 01:05:03,082 basehttp "GET /login/ HTTP/1.1" 200 7216
INFO 2025-10-14 01:05:04,524 basehttp "GET /login/ HTTP/1.1" 200 7216
INFO 2025-10-14 01:05:10,735 basehttp "GET /cafes/edit/1/ HTTP/1.1" 302 0
INFO 2025-10-14 01:05:10,744 basehttp "GET /owner/login/?next=/cafes/edit/1/ HTTP/1.1" 200 7216
INFO 2025-10-14 01:05:45,899 autoreload F:\cafenest\manager\views.py changed, reloading.
INFO 2025-10-14 01:05:46,011 autoreload F:\cafenest\manager\views.py changed, reloading.
INFO 2025-10-14 01:05:46,875 autoreload Watching for file changes with StatReloader
INFO 2025-10-14 01:05:46,946 autoreload Watching for file changes with StatReloader
INFO 2025-10-17 21:02:39,594 autoreload Watching for file changes with StatReloader
INFO 2025-10-17 21:02:55,148 basehttp "GET / HTTP/1.1" 200 31929
WARNING 2025-10-17 21:02:58,203 log Not Found: /favicon.ico
WARNING 2025-10-17 21:02:58,206 basehttp "GET /favicon.ico HTTP/1.1" 404 11201
INFO 2025-10-17 21:04:34,235 basehttp "GET /login/ HTTP/1.1" 200 7216
INFO 2025-10-17 21:05:01,217 basehttp "GET /signup/ HTTP/1.1" 200 8701
INFO 2025-10-17 21:05:12,818 basehttp "GET /manager/login/ HTTP/1.1" 200 4527
INFO 2025-10-17 21:05:16,273 basehttp "GET /manager/login/ HTTP/1.1" 200 4527
INFO 2025-10-17 21:18:59,392 autoreload Watching for file changes with StatReloader
INFO 2025-10-17 21:19:05,156 basehttp "GET / HTTP/1.1" 200 31929
INFO 2025-10-17 21:21:06,884 autoreload Watching for file changes with StatReloader
INFO 2025-10-17 21:21:11,929 basehttp "GET / HTTP/1.1" 200 31929
INFO 2025-10-17 21:21:59,550 autoreload Watching for file changes with StatReloader
INFO 2025-10-17 21:22:09,894 basehttp "GET / HTTP/1.1" 200 31929
WARNING 2025-10-17 21:22:11,792 log Not Found: /favicon.ico
WARNING 2025-10-17 21:22:11,793 basehttp "GET /favicon.ico HTTP/1.1" 404 11204
INFO 2025-10-17 21:28:25,679 basehttp "GET / HTTP/1.1" 200 31929
WARNING 2025-10-17 21:28:27,155 log Not Found: /favicon.ico
WARNING 2025-10-17 21:28:27,156 basehttp "GET /favicon.ico HTTP/1.1" 404 11204
INFO 2025-10-17 21:28:33,411 basehttp "GET / HTTP/1.1" 200 31929
INFO 2025-10-17 21:28:52,408 basehttp code 400, message Bad request version ('\x00\x12\x00\x10\x04\x03\x08\x04\x04\x01\x05\x03\x08\x05\x05\x01\x08\x06\x06\x01\x00+\x00\x07\x06**\x03\x04\x03\x03DÍ\x00\x05\x00\x03\x02h2\x00')
ERROR 2025-10-17 21:28:52,409 basehttp You're accessing the development server over HTTPS, but it only supports HTTP.
INFO 2025-10-17 21:28:52,464 basehttp code 400, message Bad request version ('bUï\x1bhØQk7[\\\x8fb._\x15l\x9245J\x16¥»\x05b\x16')
ERROR 2025-10-17 21:28:52,465 basehttp You're accessing the development server over HTTPS, but it only supports HTTP.
INFO 2025-10-17 21:28:52,467 basehttp code 400, message Bad request version ('\x00\x12\x00\x10\x04\x03\x08\x04\x04\x01\x05\x03\x08\x05\x05\x01\x08\x06\x06\x01DÍ\x00\x05\x00\x03\x02h2\x00#\x00\x00ÿ\x01\x00\x01\x00\x00')
ERROR 2025-10-17 21:28:52,468 basehttp You're accessing the development server over HTTPS, but it only supports HTTP.
INFO 2025-10-17 21:28:52,482 basehttp code 400, message Bad request version ('À¶K\x16Ì?\x00')
ERROR 2025-10-17 21:28:52,483 basehttp You're accessing the development server over HTTPS, but it only supports HTTP.
INFO 2025-10-17 21:28:56,378 basehttp code 400, message Bad request version ("Çì(LA´ZWO{8}Í\x05[÷æR\x16¦'\x01F½UÔL]ÈV«0\x10")
ERROR 2025-10-17 21:28:56,379 basehttp You're accessing the development server over HTTPS, but it only supports HTTP.
INFO 2025-10-17 21:28:56,393 basehttp code 400, message Bad request version ('**\x13\x01\x13\x02\x13\x03À+À/À,À0Ì©Ì¨À\x13À\x14\x00\x9c\x00\x9d\x00/\x005\x01\x00\x063')
ERROR 2025-10-17 21:28:56,394 basehttp You're accessing the development server over HTTPS, but it only supports HTTP.
INFO 2025-10-17 21:28:56,518 basehttp code 400, message Bad request version ('Õ\x81NW"®]Jëý\x9b\x01a2\x8bíÍ\x1ar')
ERROR 2025-10-17 21:28:56,519 basehttp You're accessing the development server over HTTPS, but it only supports HTTP.
INFO 2025-10-17 21:28:56,520 basehttp code 400, message Bad request version ('¶vqÎy¨4Äy<æyJ9©')
ERROR 2025-10-17 21:28:56,520 basehttp You're accessing the development server over HTTPS, but it only supports HTTP.
INFO 2025-10-17 21:28:57,432 basehttp code 400, message Bad request version ('\x07êÃ"éP|B«Ø$¼\x00A¥U\x8a\x897»IÂ¢5¼\x96»6âÅò¯äÙg=úÊ')
ERROR 2025-10-17 21:28:57,432 basehttp You're accessing the development server over HTTPS, but it only supports HTTP.
INFO 2025-10-17 21:28:57,447 basehttp code 400, message Bad request version ('\x00\x12\x00\x10\x04\x03\x08\x04\x04\x01\x05\x03\x08\x05\x05\x01\x08\x06\x06\x01\x00\x17\x00\x00ÿ\x01\x00\x01\x00\x00')
ERROR 2025-10-17 21:28:57,447 basehttp You're accessing the development server over HTTPS, but it only supports HTTP.
INFO 2025-10-17 21:28:57,448 basehttp code 400, message Bad HTTP/0.9 request type ("\x16\x03\x01\x06à\x01\x00\x06Ü\x03\x03kÁ×\x12BòÇ\x89YEæÛ)\x0f\x05Ìê£íMÓ,á!'\x82nL\x9fDüÜ")
ERROR 2025-10-17 21:28:57,449 basehttp You're accessing the development server over HTTPS, but it only supports HTTP.
INFO 2025-10-17 21:28:57,494 basehttp code 400, message Bad request version ('\x02h2\x08http/1.1\x00')
ERROR 2025-10-17 21:28:57,494 basehttp You're accessing the development server over HTTPS, but it only supports HTTP.
INFO 2025-10-17 21:28:57,769 basehttp code 400, message Bad request version ('ºº\x13\x01\x13\x02\x13\x03À+À/À,À0Ì©Ì¨À\x13À\x14\x00\x9c\x00\x9d\x00/\x005\x01\x00\x063êê\x00\x00\x00\x05\x00\x05\x01\x00\x00\x00\x00\x00')
ERROR 2025-10-17 21:28:57,770 basehttp You're accessing the development server over HTTPS, but it only supports HTTP.
INFO 2025-10-17 21:28:57,777 basehttp code 400, message Bad request version ('bA\x1b\x84\x0e7')
ERROR 2025-10-17 21:28:57,778 basehttp You're accessing the development server over HTTPS, but it only supports HTTP.
INFO 2025-10-17 21:28:57,787 basehttp code 400, message Bad request version ('zz\x13\x01\x13\x02\x13\x03À+À/À,À0Ì©Ì¨À\x13À\x14\x00\x9c\x00\x9d\x00/\x005\x01\x00\x06SZZ\x00\x00DÍ\x00\x05\x00\x03\x02h2ÿ\x01\x00\x01\x00\x00')
ERROR 2025-10-17 21:28:57,788 basehttp You're accessing the development server over HTTPS, but it only supports HTTP.
INFO 2025-10-17 21:28:58,081 basehttp code 400, message Bad request version ('»å\x0e\x16å')
ERROR 2025-10-17 21:28:58,082 basehttp You're accessing the development server over HTTPS, but it only supports HTTP.
INFO 2025-10-17 21:28:58,123 basehttp code 400, message Bad request version ('¡\x1bÉ')
ERROR 2025-10-17 21:28:58,124 basehttp You're accessing the development server over HTTPS, but it only supports HTTP.
INFO 2025-10-17 21:28:58,290 basehttp code 400, message Bad HTTP/0.9 request type ('\x16\x03\x01\x06À\x01\x00\x06¼\x03\x03ùé¯\x9c3òäU(\x89CÑÏÛp\x91\x84\x94\\Í?Mpes\x84ª$müÇ')
ERROR 2025-10-17 21:28:58,290 basehttp You're accessing the development server over HTTPS, but it only supports HTTP.
INFO 2025-10-17 21:28:58,399 basehttp code 400, message Bad request version ('R»x\x9cG´-*2\x00¼"÷¢í÷\x1aN3çÃî\x13')
ERROR 2025-10-17 21:28:58,399 basehttp You're accessing the development server over HTTPS, but it only supports HTTP.
INFO 2025-10-17 21:28:58,413 basehttp code 400, message Bad request version ('\x90\x01\x9e\x9c;gtXZ1³\x9c\x009~j\x8egG.ÇèVI4\x88\x03\x91¶\x9c')
ERROR 2025-10-17 21:28:58,414 basehttp You're accessing the development server over HTTPS, but it only supports HTTP.
INFO 2025-10-17 21:28:58,922 basehttp code 400, message Bad HTTP/0.9 request type ('\x16\x03\x01\x07\x00\x01\x00\x06ü\x03\x03ÃÜl;oUMG¶\x8d£\x938ÎöÖ¦e\x08')
ERROR 2025-10-17 21:28:58,923 basehttp You're accessing the development server over HTTPS, but it only supports HTTP.
INFO 2025-10-17 21:28:59,494 basehttp code 400, message Bad request version ('úú\x13\x01\x13\x02\x13\x03À+À/À,À0Ì©Ì¨À\x13À\x14\x00\x9c\x00\x9d\x00/\x005\x01\x00\x06Sªª\x00\x00\x00')
ERROR 2025-10-17 21:28:59,494 basehttp You're accessing the development server over HTTPS, but it only supports HTTP.
INFO 2025-10-17 21:29:07,478 basehttp code 400, message Bad request version ('zz\x13\x01\x13\x02\x13\x03À+À/À,À0Ì©Ì¨À\x13À\x14\x00\x9c\x00\x9d\x00/\x005\x01\x00\x06\x93jj\x00\x00\x00\x1b\x00\x03\x02\x00\x02\x00\x12\x00\x00\x00')
ERROR 2025-10-17 21:29:07,479 basehttp You're accessing the development server over HTTPS, but it only supports HTTP.
INFO 2025-10-17 21:29:07,480 basehttp code 400, message Bad request version ('\x1a\x1a\x13\x01\x13\x02\x13\x03À+À/À,À0Ì©Ì¨À\x13À\x14\x00\x9c\x00\x9d\x00/\x005\x01\x00\x06SZZ\x00\x00\x00')
ERROR 2025-10-17 21:29:07,481 basehttp You're accessing the development server over HTTPS, but it only supports HTTP.
INFO 2025-10-17 21:29:07,494 basehttp code 400, message Bad request version ('®j#\x8cY;1Ù´Z|\x86¨2{¬FêE')
ERROR 2025-10-17 21:29:07,494 basehttp You're accessing the development server over HTTPS, but it only supports HTTP.
INFO 2025-10-17 21:29:07,495 basehttp code 400, message Bad request version ('zz\x13\x01\x13\x02\x13\x03À+À/À,À0Ì©Ì¨À\x13À\x14\x00\x9c\x00\x9d\x00/\x005\x01\x00\x06s\x1a\x1a\x00\x00\x00-\x00\x02\x01\x01DÍ\x00\x05\x00\x03\x02h2\x00\x12\x00\x00\x00')
ERROR 2025-10-17 21:29:07,495 basehttp You're accessing the development server over HTTPS, but it only supports HTTP.
INFO 2025-10-17 21:29:08,552 basehttp code 400, message Bad request version ('M\x8c\x00#\x00\x00\x00')
ERROR 2025-10-17 21:29:08,553 basehttp You're accessing the development server over HTTPS, but it only supports HTTP.
INFO 2025-10-17 21:29:08,553 basehttp code 400, message Bad request version ('T\x19¯¾${|êóÉV\x9aAÕ·\x91ñeÕ\x99q|Ly\x1adÚb7X\x12')
ERROR 2025-10-17 21:29:08,553 basehttp You're accessing the development server over HTTPS, but it only supports HTTP.
INFO 2025-10-17 21:29:09,071 basehttp code 400, message Bad request version ('äé\x11&×çør\x10\x86\x10Ì9Ô\x91õØhíu»^âCªy')
INFO 2025-10-17 21:29:09,071 basehttp code 400, message Bad request version ('**\x13\x01\x13\x02\x13\x03À+À/À,À0Ì©Ì¨À\x13À\x14\x00\x9c\x00\x9d\x00/\x005\x01\x00\x06S')
ERROR 2025-10-17 21:29:09,071 basehttp You're accessing the development server over HTTPS, but it only supports HTTP.
ERROR 2025-10-17 21:29:09,071 basehttp You're accessing the development server over HTTPS, but it only supports HTTP.
INFO 2025-10-17 21:29:10,368 basehttp code 400, message Bad HTTP/0.9 request type ('\x16\x03\x01\x07\x00\x01\x00\x06ü\x03\x03Ë¼\x90ü\x04e;-\x14~m$')
ERROR 2025-10-17 21:29:10,369 basehttp You're accessing the development server over HTTPS, but it only supports HTTP.
INFO 2025-10-17 21:29:10,376 basehttp code 400, message Bad request version ('ªÄÉ%kÈ\x8bî')
ERROR 2025-10-17 21:29:10,376 basehttp You're accessing the development server over HTTPS, but it only supports HTTP.
INFO 2025-10-17 21:29:10,380 basehttp code 400, message Bad HTTP/0.9 request type ('\x16\x03\x01\x07\x00\x01\x00\x06ü\x03\x03dá¯X\x00¿½8Xe¼{\x91¿Ã\x17\xadÍ\x04<[\x10AÖ\x80J`\x992³A¨')
ERROR 2025-10-17 21:29:10,381 basehttp You're accessing the development server over HTTPS, but it only supports HTTP.
INFO 2025-10-17 21:29:10,568 basehttp code 400, message Bad request version ('\x9c½?\x14k\x8d±ùY')
ERROR 2025-10-17 21:29:10,569 basehttp You're accessing the development server over HTTPS, but it only supports HTTP.
INFO 2025-10-17 21:29:10,579 basehttp code 400, message Bad request version ('×6\x17')
ERROR 2025-10-17 21:29:10,580 basehttp You're accessing the development server over HTTPS, but it only supports HTTP.
INFO 2025-10-17 21:29:10,755 basehttp code 400, message Bad request version ('Yk%³\x88Ògk\x96Ç®è\x89\x84;tª®TH\x0fX#\x16Ö/I°A\x15VJ')
ERROR 2025-10-17 21:29:10,756 basehttp You're accessing the development server over HTTPS, but it only supports HTTP.
INFO 2025-10-17 21:29:10,795 basehttp code 400, message Bad request version ('\x00\x02\x01\x00\x00\x1b\x00\x03\x02\x00\x02DÍ\x00\x05\x00\x03\x02h2\x00#\x00\x00ÿ\x01\x00\x01\x00\x003\x04ï\x04í\x9a\x9a\x00\x01\x00\x11ì\x04À\x8c2ËÒÁC:\x9b\x14\x11')
ERROR 2025-10-17 21:29:10,796 basehttp You're accessing the development server over HTTPS, but it only supports HTTP.
INFO 2025-10-17 21:29:10,891 basehttp code 400, message Bad request version ('òå\x01ÃR»ýc]Â!\x83')
ERROR 2025-10-17 21:29:10,891 basehttp You're accessing the development server over HTTPS, but it only supports HTTP.
INFO 2025-10-17 21:29:10,983 basehttp code 400, message Bad request version ('\x9a\x9a\x13\x01\x13\x02\x13\x03À+À/À,À0Ì©Ì¨À\x13À\x14\x00\x9c\x00\x9d\x00/\x005\x01\x00\x06s::\x00\x00\x003\x04ï\x04í')
ERROR 2025-10-17 21:29:10,984 basehttp You're accessing the development server over HTTPS, but it only supports HTTP.
INFO 2025-10-17 21:29:10,984 basehttp code 400, message Bad request version ('\x9a\x9a\x13\x01\x13\x02\x13\x03À+À/À,À0Ì©Ì¨À\x13À\x14\x00\x9c\x00\x9d\x00/\x005\x01\x00\x06s::\x00\x00\x00\x1b\x00\x03\x02\x00\x02\x00\x12\x00\x00\x00+\x00\x07\x06')
ERROR 2025-10-17 21:29:10,984 basehttp You're accessing the development server over HTTPS, but it only supports HTTP.
INFO 2025-10-17 21:29:10,997 basehttp code 400, message Bad request version ('àpT\x87dùàu')
ERROR 2025-10-17 21:29:10,999 basehttp You're accessing the development server over HTTPS, but it only supports HTTP.
INFO 2025-10-17 21:29:11,000 basehttp code 400, message Bad request version ('Y\x03mzÒn~ùH>¯Ã§\x9dëÌ>\x82´³N\x06%¿J')
ERROR 2025-10-17 21:29:11,000 basehttp You're accessing the development server over HTTPS, but it only supports HTTP.
INFO 2025-10-17 21:29:17,581 basehttp "GET / HTTP/1.1" 200 31929
WARNING 2025-10-17 21:29:19,159 log Not Found: /favicon.ico
WARNING 2025-10-17 21:29:19,160 basehttp "GET /favicon.ico HTTP/1.1" 404 11204
INFO 2025-10-17 21:29:42,749 basehttp "GET /login/ HTTP/1.1" 200 7216
INFO 2025-10-17 21:29:44,351 basehttp "GET /accounts/google/login/?process=login HTTP/1.1" 302 0
INFO 2025-10-17 21:31:30,084 basehttp "GET /accounts/google/login/?process=login HTTP/1.1" 302 0
INFO 2025-10-17 21:32:11,574 basehttp "GET /signup/ HTTP/1.1" 200 8701
INFO 2025-10-17 21:32:22,262 basehttp "POST /signup/ HTTP/1.1" 200 8783
INFO 2025-10-17 21:32:47,216 basehttp "GET /login/ HTTP/1.1" 200 7216
INFO 2025-10-17 21:32:47,674 basehttp "POST /signup/ HTTP/1.1" 200 8783
INFO 2025-10-17 21:32:48,604 basehttp "GET /signup/ HTTP/1.1" 200 8701
INFO 2025-10-17 21:32:52,751 basehttp "POST /signup/ HTTP/1.1" 200 8783
INFO 2025-10-17 21:32:56,969 basehttp "GET /accounts/google/login/ HTTP/1.1" 302 0
INFO 2025-10-17 21:33:08,540 basehttp "GET /signup/ HTTP/1.1" 200 8701
INFO 2025-10-17 21:33:57,833 basehttp "POST /accounts/login/ HTTP/1.1" 200 2286
WARNING 2025-10-17 21:34:57,412 log Not Found: /favicon.ico
WARNING 2025-10-17 21:34:57,413 basehttp "GET /favicon.ico HTTP/1.1" 404 11204
INFO 2025-10-17 21:35:06,248 basehttp "GET / HTTP/1.1" 200 31929
INFO 2025-10-17 21:35:30,848 basehttp "GET /signup/ HTTP/1.1" 200 8701
INFO 2025-10-17 21:35:33,020 basehttp "GET /login/ HTTP/1.1" 200 7216
INFO 2025-10-17 21:35:34,077 basehttp "GET /accounts/google/login/?process=login HTTP/1.1" 302 0
INFO 2025-10-17 21:35:53,375 basehttp "GET /login/ HTTP/1.1" 200 7216
INFO 2025-10-17 21:36:02,476 basehttp "GET / HTTP/1.1" 200 31929
INFO 2025-10-17 21:36:05,570 basehttp "GET /manager/login/ HTTP/1.1" 200 4527
INFO 2025-10-17 21:36:34,061 basehttp "POST /manager/login/ HTTP/1.1" 200 4685
INFO 2025-10-17 21:36:44,214 basehttp "POST /manager/login/ HTTP/1.1" 200 4685
INFO 2025-10-17 21:37:15,816 basehttp "GET /signup/ HTTP/1.1" 200 12448
INFO 2025-10-17 21:38:12,131 autoreload Watching for file changes with StatReloader
INFO 2025-10-17 21:38:22,541 basehttp "GET / HTTP/1.1" 200 31929
INFO 2025-10-17 21:38:56,537 basehttp "GET /login/ HTTP/1.1" 200 7216
INFO 2025-10-17 21:38:58,142 basehttp "GET /accounts/google/login/?process=login HTTP/1.1" 302 0
INFO 2025-10-17 21:39:20,483 basehttp "GET /accounts/google/login/callback/?state=nMiYMKpdYv59qwwt&code=4%2F0AVGzR1CRdgrRF-Sy6Rwqeqoff04OHeQm5-DpxR_TjM4rLgA18kOx0vAI2WHrmHcLbRk0zw&scope=email+profile+https%3A%2F%2Fwww.googleapis.com%2Fauth%2Fuserinfo.profile+openid+https%3A%2F%2Fwww.googleapis.com%2Fauth%2Fuserinfo.email&authuser=7&prompt=none HTTP/1.1" 302 0
INFO 2025-10-17 21:39:20,607 basehttp "GET /owner/dashboard/ HTTP/1.1" 200 10163
INFO 2025-10-17 21:39:41,484 basehttp "GET /cafes/ HTTP/1.1" 200 8569
INFO 2025-10-17 21:39:43,273 basehttp "GET /cafes/add/ HTTP/1.1" 200 8220
INFO 2025-10-17 21:40:58,858 basehttp "POST /cafes/add/ HTTP/1.1" 302 0
INFO 2025-10-17 21:40:58,872 basehttp "GET /cafes/ HTTP/1.1" 200 10598
INFO 2025-10-17 21:41:03,905 basehttp "POST /cafes/toggle/2/ HTTP/1.1" 302 0
INFO 2025-10-17 21:41:03,919 basehttp "GET /cafes/ HTTP/1.1" 200 10605
INFO 2025-10-17 21:41:04,702 basehttp "POST /cafes/toggle/2/ HTTP/1.1" 302 0
INFO 2025-10-17 21:41:04,712 basehttp "GET /cafes/ HTTP/1.1" 200 10604
INFO 2025-10-17 21:41:09,741 basehttp "POST /cafes/toggle/2/ HTTP/1.1" 302 0
INFO 2025-10-17 21:41:09,753 basehttp "GET /cafes/ HTTP/1.1" 200 10605
INFO 2025-10-17 21:41:22,216 basehttp "GET /menu/ HTTP/1.1" 200 6564
INFO 2025-10-17 21:41:23,730 basehttp "GET /staff/ HTTP/1.1" 200 6535
INFO 2025-10-17 21:41:32,844 basehttp "GET /staff/add/ HTTP/1.1" 200 6712
INFO 2025-10-17 21:42:37,047 basehttp "POST /staff/add/ HTTP/1.1" 200 6977
INFO 2025-10-17 21:43:01,152 basehttp "POST /staff/add/ HTTP/1.1" 200 6977
INFO 2025-10-17 21:43:02,089 basehttp "POST /staff/add/ HTTP/1.1" 200 6977
INFO 2025-10-17 21:43:02,308 basehttp "POST /staff/add/ HTTP/1.1" 200 6977
INFO 2025-10-17 21:43:03,156 basehttp - Broken pipe from ('127.0.0.1', 52560)
INFO 2025-10-17 21:43:26,678 basehttp "POST /staff/add/ HTTP/1.1" 302 0
INFO 2025-10-17 21:43:26,695 basehttp "GET /staff/ HTTP/1.1" 200 10855
WARNING 2025-10-17 21:44:14,627 log Not Found: /.well-known/appspecific/com.chrome.devtools.json
WARNING 2025-10-17 21:44:14,628 basehttp "GET /.well-known/appspecific/com.chrome.devtools.json HTTP/1.1" 404 11312
INFO 2025-10-17 21:44:28,991 basehttp "GET /cafes/ HTTP/1.1" 200 10393
WARNING 2025-10-17 21:44:29,045 log Not Found: /.well-known/appspecific/com.chrome.devtools.json
WARNING 2025-10-17 21:44:29,049 basehttp "GET /.well-known/appspecific/com.chrome.devtools.json HTTP/1.1" 404 11312
INFO 2025-10-17 21:44:31,895 basehttp "GET /staff/ HTTP/1.1" 200 10002
WARNING 2025-10-17 21:44:31,952 log Not Found: /.well-known/appspecific/com.chrome.devtools.json
WARNING 2025-10-17 21:44:31,953 basehttp "GET /.well-known/appspecific/com.chrome.devtools.json HTTP/1.1" 404 11312
INFO 2025-10-17 21:44:50,993 basehttp "POST /staff/delete/3/ HTTP/1.1" 302 0
INFO 2025-10-17 21:44:51,008 basehttp "GET /staff/ HTTP/1.1" 200 8372
WARNING 2025-10-17 21:44:51,048 log Not Found: /.well-known/appspecific/com.chrome.devtools.json
WARNING 2025-10-17 21:44:51,049 basehttp "GET /.well-known/appspecific/com.chrome.devtools.json HTTP/1.1" 404 11312
INFO 2025-10-17 21:44:54,513 basehttp "GET /staff/add/ HTTP/1.1" 200 6712
WARNING 2025-10-17 21:44:54,557 log Not Found: /.well-known/appspecific/com.chrome.devtools.json
WARNING 2025-10-17 21:44:54,557 basehttp "GET /.well-known/appspecific/com.chrome.devtools.json HTTP/1.1" 404 11312
INFO 2025-10-17 21:45:57,998 basehttp "POST /staff/add/ HTTP/1.1" 302 0
INFO 2025-10-17 21:45:58,011 basehttp "GET /staff/ HTTP/1.1" 200 10270
INFO 2025-10-17 21:46:01,639 basehttp "GET /staff/toggle/4/ HTTP/1.1" 302 0
INFO 2025-10-17 21:46:01,654 basehttp "GET /staff/ HTTP/1.1" 200 10222
INFO 2025-10-17 21:46:02,240 basehttp "GET /staff/toggle/2/ HTTP/1.1" 302 0
INFO 2025-10-17 21:46:02,255 basehttp "GET /staff/ HTTP/1.1" 200 10217
INFO 2025-10-17 21:46:05,165 basehttp "GET /menu/ HTTP/1.1" 200 6564
INFO 2025-10-17 21:46:07,526 basehttp "GET /reports/ HTTP/1.1" 200 7567
INFO 2025-10-17 21:46:09,985 basehttp "GET /owner/settings/ HTTP/1.1" 200 6605
INFO 2025-10-17 21:46:12,602 basehttp "GET /logout/ HTTP/1.1" 302 0
INFO 2025-10-17 21:46:12,608 basehttp "GET / HTTP/1.1" 200 31929
INFO 2025-10-17 21:46:15,868 basehttp "GET /login/ HTTP/1.1" 200 7417
INFO 2025-10-17 21:46:19,229 basehttp "GET / HTTP/1.1" 200 31929
INFO 2025-10-17 21:46:21,960 basehttp "GET /manager/login/ HTTP/1.1" 200 4527
INFO 2025-10-17 21:47:51,455 basehttp "POST /manager/login/ HTTP/1.1" 200 4685
INFO 2025-10-17 21:49:00,381 basehttp "POST /manager/login/ HTTP/1.1" 200 4685
INFO 2025-10-17 21:50:29,426 basehttp "POST /manager/login/ HTTP/1.1" 200 4685
INFO 2025-10-17 21:50:44,437 basehttp "POST /manager/login/ HTTP/1.1" 200 4685
INFO 2025-10-17 21:51:44,831 basehttp "POST /manager/login/ HTTP/1.1" 200 4685
INFO 2025-10-17 21:51:49,993 basehttp "POST /manager/login/ HTTP/1.1" 200 4685
INFO 2025-10-17 21:52:32,634 basehttp "POST /manager/login/ HTTP/1.1" 200 4685
INFO 2025-10-17 21:52:43,098 basehttp "GET /manager/login/ HTTP/1.1" 200 4527
INFO 2025-10-17 21:52:45,436 basehttp "GET /login/ HTTP/1.1" 200 7216
INFO 2025-10-17 21:52:46,702 basehttp "GET /accounts/google/login/?process=login HTTP/1.1" 302 0
INFO 2025-10-17 21:52:51,095 basehttp "GET /accounts/google/login/callback/?state=icg447Bui3KJUo1u&code=4%2F0AVGzR1CcPmsc24ZslXGPNJbhfJQJwOxSvII5AERABrKESrJHIvnyX0IyrgC0d4uly2xcLg&scope=email+profile+https%3A%2F%2Fwww.googleapis.com%2Fauth%2Fuserinfo.profile+openid+https%3A%2F%2Fwww.googleapis.com%2Fauth%2Fuserinfo.email&authuser=7&prompt=none HTTP/1.1" 302 0
INFO 2025-10-17 21:52:51,125 basehttp "GET /owner/dashboard/ HTTP/1.1" 200 10346
INFO 2025-10-17 21:52:54,981 basehttp "GET /staff/ HTTP/1.1" 200 10016
INFO 2025-10-17 21:53:10,295 basehttp "GET /logout/ HTTP/1.1" 302 0
INFO 2025-10-17 21:53:10,301 basehttp "GET / HTTP/1.1" 200 31929
INFO 2025-10-17 21:53:12,350 basehttp "GET /login/ HTTP/1.1" 200 7417
INFO 2025-10-17 21:53:26,118 basehttp "GET /manager/login/ HTTP/1.1" 200 4527
INFO 2025-10-17 21:55:31,009 autoreload Watching for file changes with StatReloader
INFO 2025-10-17 21:55:40,635 basehttp "GET /manager/login/ HTTP/1.1" 200 4527
INFO 2025-10-17 21:56:10,238 basehttp "POST /manager/login/ HTTP/1.1" 302 0
INFO 2025-10-17 21:56:10,422 basehttp "GET /manager/dashboard/ HTTP/1.1" 200 9341
INFO 2025-10-17 21:56:34,802 basehttp "GET /manager/orders/ HTTP/1.1" 200 6169
INFO 2025-10-17 21:56:37,287 basehttp "GET /manager/tables/ HTTP/1.1" 200 8608
INFO 2025-10-17 21:56:40,948 basehttp "GET /manager/tables/add/ HTTP/1.1" 200 3875
INFO 2025-10-17 21:56:47,686 basehttp "POST /manager/tables/add/ HTTP/1.1" 302 0
INFO 2025-10-17 21:56:47,783 basehttp "GET /manager/tables/ HTTP/1.1" 200 9525
INFO 2025-10-17 21:56:56,525 basehttp "GET /manager/tables/cleanup/ HTTP/1.1" 302 0
INFO 2025-10-17 21:56:56,599 basehttp "GET /manager/tables/ HTTP/1.1" 200 9551
INFO 2025-10-17 21:57:00,716 basehttp "GET /manager/tables/1/qr/ HTTP/1.1" 200 4467
INFO 2025-10-17 21:59:23,213 basehttp "GET /manager/tables/ HTTP/1.1" 200 9377
INFO 2025-10-17 21:59:26,806 basehttp "GET /manager/menu/ HTTP/1.1" 200 6653
INFO 2025-10-17 21:59:28,509 basehttp "GET /manager/menu/add/ HTTP/1.1" 200 10543
INFO 2025-10-17 22:00:29,755 autoreload Watching for file changes with StatReloader
INFO 2025-10-17 22:00:31,932 basehttp "GET /manager/staff/ HTTP/1.1" 200 9651
INFO 2025-10-17 22:00:57,933 basehttp "GET / HTTP/1.1" 200 31929
INFO 2025-10-17 22:01:05,892 basehttp "GET /login/ HTTP/1.1" 200 7216
INFO 2025-10-17 22:01:09,387 basehttp "GET /accounts/google/login/?process=login HTTP/1.1" 302 0
INFO 2025-10-17 22:02:20,139 autoreload Watching for file changes with StatReloader
INFO 2025-10-17 22:02:24,403 basehttp "GET / HTTP/1.1" 200 31929
INFO 2025-10-17 22:02:56,421 autoreload Watching for file changes with StatReloader
INFO 2025-10-17 22:03:00,220 basehttp "GET /manager/staff/ HTTP/1.1" 200 9651
INFO 2025-10-17 22:03:13,191 basehttp "GET /manager/tables/ HTTP/1.1" 200 9377
INFO 2025-10-17 22:03:14,957 basehttp "GET /manager/staff/ HTTP/1.1" 200 9651
INFO 2025-10-17 22:03:16,933 basehttp "GET /manager/staff/add/ HTTP/1.1" 200 4053
INFO 2025-10-17 22:03:45,645 basehttp "POST /manager/staff/add/ HTTP/1.1" 302 0
INFO 2025-10-17 22:03:45,834 basehttp "GET /manager/staff/ HTTP/1.1" 200 11460
INFO 2025-10-17 22:03:54,193 basehttp "GET /manager/staff/add/ HTTP/1.1" 200 4053
INFO 2025-10-17 22:04:18,070 basehttp "POST /manager/staff/add/ HTTP/1.1" 200 4183
INFO 2025-10-17 22:04:40,273 basehttp "POST /manager/staff/add/ HTTP/1.1" 302 0
INFO 2025-10-17 22:04:40,366 basehttp "GET /manager/staff/ HTTP/1.1" 200 13043
INFO 2025-10-17 22:04:53,773 basehttp "GET /manager/tables/ HTTP/1.1" 200 9377
INFO 2025-10-17 22:04:55,098 basehttp "GET /manager/tables/add/ HTTP/1.1" 200 3875
INFO 2025-10-17 22:05:01,628 basehttp "POST /manager/tables/add/ HTTP/1.1" 302 0
INFO 2025-10-17 22:05:01,712 basehttp "GET /manager/tables/ HTTP/1.1" 200 10631
INFO 2025-10-17 22:05:05,644 basehttp "GET /manager/menu/ HTTP/1.1" 200 6653
INFO 2025-10-17 22:05:07,743 basehttp "GET /manager/menu/add/ HTTP/1.1" 200 10543
INFO 2025-10-17 22:05:45,287 autoreload Watching for file changes with StatReloader
INFO 2025-10-17 22:05:50,234 basehttp "GET / HTTP/1.1" 200 31929
INFO 2025-10-17 22:05:56,706 basehttp "GET /login/ HTTP/1.1" 200 7216
INFO 2025-10-17 22:05:58,283 basehttp "GET /accounts/google/login/?process=login HTTP/1.1" 302 0
INFO 2025-10-17 22:06:02,825 basehttp "GET /accounts/google/login/callback/?state=dqblgn3Sm12LycRG&code=4%2F0AVGzR1Dkb7rbZlAeaJWhxA5UjzgyepiN0WIU4VuSiqIsKWCvRvD3ZstaQjdKa5GXizkHzw&scope=email+profile+https%3A%2F%2Fwww.googleapis.com%2Fauth%2Fuserinfo.email+https%3A%2F%2Fwww.googleapis.com%2Fauth%2Fuserinfo.profile+openid&authuser=7&prompt=none HTTP/1.1" 302 0
INFO 2025-10-17 22:06:02,865 basehttp "GET /owner/dashboard/ HTTP/1.1" 200 10346
INFO 2025-10-17 22:06:06,414 basehttp "GET /menu/ HTTP/1.1" 200 6564
ERROR 2025-10-17 22:06:07,888 log Internal Server Error: /menu/add/
Traceback (most recent call last):
  File "C:\Users\FRIDAY\AppData\Roaming\Python\Python313\site-packages\django\core\handlers\exception.py", line 55, in inner
    response = get_response(request)
  File "C:\Users\FRIDAY\AppData\Roaming\Python\Python313\site-packages\django\core\handlers\base.py", line 197, in _get_response
    response = wrapped_callback(request, *callback_args, **callback_kwargs)
  File "C:\Users\FRIDAY\AppData\Roaming\Python\Python313\site-packages\django\contrib\auth\decorators.py", line 59, in _view_wrapper
    return view_func(request, *args, **kwargs)
  File "F:\cafenest\owner\views.py", line 529, in add_menu_item
    form.fields['cafe'].queryset = Cafe.objects.filter(owner=request.user)
    ~~~~~~~~~~~^^^^^^^^
KeyError: 'cafe'
ERROR 2025-10-17 22:06:07,891 basehttp "GET /menu/add/ HTTP/1.1" 500 79798
INFO 2025-10-17 22:06:16,535 basehttp "GET /login/ HTTP/1.1" 200 7216
INFO 2025-10-17 22:06:18,016 basehttp "GET /accounts/google/login/?process=login HTTP/1.1" 302 0
INFO 2025-10-17 22:06:23,468 basehttp "GET /accounts/google/login/callback/?state=Czm7eP7RHzA9JXY1&code=4%2F0AVGzR1BMYkW4drRihnoUhQT-gqIFCyZB2j8WbxiI5WfRvfup77IRiFWPv4rc_m0nMuTNEA&scope=email+profile+openid+https%3A%2F%2Fwww.googleapis.com%2Fauth%2Fuserinfo.email+https%3A%2F%2Fwww.googleapis.com%2Fauth%2Fuserinfo.profile&authuser=7&prompt=none HTTP/1.1" 302 0
INFO 2025-10-17 22:06:23,500 basehttp "GET /owner/dashboard/ HTTP/1.1" 200 10346
INFO 2025-10-17 22:06:55,315 basehttp "GET /menu/ HTTP/1.1" 200 6564
INFO 2025-10-17 22:06:56,285 basehttp "GET /staff/ HTTP/1.1" 200 13666
INFO 2025-10-17 22:08:16,796 basehttp "GET /logout/ HTTP/1.1" 302 0
INFO 2025-10-17 22:08:16,803 basehttp "GET / HTTP/1.1" 200 31929
INFO 2025-10-17 22:31:59,907 autoreload Watching for file changes with StatReloader
INFO 2025-10-17 22:32:52,786 autoreload F:\cafenest\owner\urls.py changed, reloading.
INFO 2025-10-17 22:32:54,005 autoreload Watching for file changes with StatReloader
INFO 2025-10-17 22:33:27,529 autoreload Watching for file changes with StatReloader
INFO 2025-10-17 22:34:56,066 autoreload F:\cafenest\owner\urls.py changed, reloading.
INFO 2025-10-17 22:34:56,955 autoreload Watching for file changes with StatReloader
INFO 2025-10-17 22:35:02,764 basehttp "GET / HTTP/1.1" 200 31929
INFO 2025-10-17 22:35:11,571 basehttp "GET /login/ HTTP/1.1" 200 7417
INFO 2025-10-17 22:35:13,039 basehttp "GET /accounts/google/login/?process=login HTTP/1.1" 302 0
INFO 2025-10-17 22:35:17,497 basehttp "GET /accounts/google/login/callback/?state=GZpXCPIHYyK0tPl5&code=4%2F0AVGzR1BK_TJDILBHbhK8XpCw5XOLBRdwXkvDqlRKkXwp_vvhlRrSXYnrTiiJTj9sljErQA&scope=email+profile+https%3A%2F%2Fwww.googleapis.com%2Fauth%2Fuserinfo.email+https%3A%2F%2Fwww.googleapis.com%2Fauth%2Fuserinfo.profile+openid&authuser=7&prompt=none HTTP/1.1" 302 0
ERROR 2025-10-17 22:35:17,676 log Internal Server Error: /owner/dashboard/
Traceback (most recent call last):
  File "C:\Users\FRIDAY\AppData\Roaming\Python\Python313\site-packages\django\core\handlers\exception.py", line 55, in inner
    response = get_response(request)
  File "C:\Users\FRIDAY\AppData\Roaming\Python\Python313\site-packages\django\core\handlers\base.py", line 197, in _get_response
    response = wrapped_callback(request, *callback_args, **callback_kwargs)
  File "C:\Users\FRIDAY\AppData\Roaming\Python\Python313\site-packages\django\contrib\auth\decorators.py", line 59, in _view_wrapper
    return view_func(request, *args, **kwargs)
  File "F:\cafenest\owner\views.py", line 295, in owner_dashboard
    return render(request, 'owner/owner_dashboard.html', context)
  File "C:\Users\FRIDAY\AppData\Roaming\Python\Python313\site-packages\django\shortcuts.py", line 25, in render
    content = loader.render_to_string(template_name, context, request, using=using)
  File "C:\Users\FRIDAY\AppData\Roaming\Python\Python313\site-packages\django\template\loader.py", line 62, in render_to_string
    return template.render(context, request)
           ~~~~~~~~~~~~~~~^^^^^^^^^^^^^^^^^^
  File "C:\Users\FRIDAY\AppData\Roaming\Python\Python313\site-packages\django\template\backends\django.py", line 107, in render
    return self.template.render(context)
           ~~~~~~~~~~~~~~~~~~~~^^^^^^^^^
  File "C:\Users\FRIDAY\AppData\Roaming\Python\Python313\site-packages\django\template\base.py", line 171, in render
    return self._render(context)
           ~~~~~~~~~~~~^^^^^^^^^
  File "C:\Users\FRIDAY\AppData\Roaming\Python\Python313\site-packages\django\template\base.py", line 163, in _render
    return self.nodelist.render(context)
           ~~~~~~~~~~~~~~~~~~~~^^^^^^^^^
  File "C:\Users\FRIDAY\AppData\Roaming\Python\Python313\site-packages\django\template\base.py", line 1016, in render
    return SafeString("".join([node.render_annotated(context) for node in self]))
                               ~~~~~~~~~~~~~~~~~~~~~^^^^^^^^^
  File "C:\Users\FRIDAY\AppData\Roaming\Python\Python313\site-packages\django\template\base.py", line 977, in render_annotated
    return self.render(context)
           ~~~~~~~~~~~^^^^^^^^^
  File "C:\Users\FRIDAY\AppData\Roaming\Python\Python313\site-packages\django\template\defaulttags.py", line 480, in render
    url = reverse(view_name, args=args, kwargs=kwargs, current_app=current_app)
  File "C:\Users\FRIDAY\AppData\Roaming\Python\Python313\site-packages\django\urls\base.py", line 98, in reverse
    resolved_url = resolver._reverse_with_prefix(view, prefix, *args, **kwargs)
  File "C:\Users\FRIDAY\AppData\Roaming\Python\Python313\site-packages\django\urls\resolvers.py", line 831, in _reverse_with_prefix
    raise NoReverseMatch(msg)
django.urls.exceptions.NoReverseMatch: Reverse for 'cafe_list' not found. 'cafe_list' is not a valid view function or pattern name.
ERROR 2025-10-17 22:35:17,683 basehttp "GET /owner/dashboard/ HTTP/1.1" 500 139091
INFO 2025-10-17 22:39:23,031 autoreload F:\cafenest\owner\urls.py changed, reloading.
INFO 2025-10-17 22:39:24,187 autoreload Watching for file changes with StatReloader
INFO 2025-10-17 22:46:36,234 autoreload F:\cafenest\owner\views.py changed, reloading.
INFO 2025-10-17 22:46:37,586 autoreload Watching for file changes with StatReloader
INFO 2025-10-17 22:46:41,205 basehttp "GET / HTTP/1.1" 200 31929
INFO 2025-10-17 22:46:42,890 basehttp "GET /login/ HTTP/1.1" 200 7412
INFO 2025-10-17 22:46:44,184 basehttp "GET /accounts/google/login/?process=login HTTP/1.1" 302 0
INFO 2025-10-17 22:46:54,736 basehttp "GET /accounts/google/login/callback/?state=0neXoOgbX0scunxB&code=4%2F0AVGzR1BADpizbNtp7RRLmFkfrVMwpKHud589nnFHstcvQfYS9b2Y8q7dV52Ru-SLLevJfQ&scope=email+profile+https%3A%2F%2Fwww.googleapis.com%2Fauth%2Fuserinfo.email+https%3A%2F%2Fwww.googleapis.com%2Fauth%2Fuserinfo.profile+openid&authuser=7&prompt=none HTTP/1.1" 302 0
ERROR 2025-10-17 22:46:54,816 log Internal Server Error: /owner/dashboard/
Traceback (most recent call last):
  File "C:\Users\FRIDAY\AppData\Roaming\Python\Python313\site-packages\django\core\handlers\exception.py", line 55, in inner
    response = get_response(request)
  File "C:\Users\FRIDAY\AppData\Roaming\Python\Python313\site-packages\django\core\handlers\base.py", line 197, in _get_response
    response = wrapped_callback(request, *callback_args, **callback_kwargs)
  File "C:\Users\FRIDAY\AppData\Roaming\Python\Python313\site-packages\django\contrib\auth\decorators.py", line 59, in _view_wrapper
    return view_func(request, *args, **kwargs)
  File "F:\cafenest\owner\views.py", line 148, in owner_dashboard
    return render(request, 'owner/owner_dashboard.html', context)
  File "C:\Users\FRIDAY\AppData\Roaming\Python\Python313\site-packages\django\shortcuts.py", line 25, in render
    content = loader.render_to_string(template_name, context, request, using=using)
  File "C:\Users\FRIDAY\AppData\Roaming\Python\Python313\site-packages\django\template\loader.py", line 62, in render_to_string
    return template.render(context, request)
           ~~~~~~~~~~~~~~~^^^^^^^^^^^^^^^^^^
  File "C:\Users\FRIDAY\AppData\Roaming\Python\Python313\site-packages\django\template\backends\django.py", line 107, in render
    return self.template.render(context)
           ~~~~~~~~~~~~~~~~~~~~^^^^^^^^^
  File "C:\Users\FRIDAY\AppData\Roaming\Python\Python313\site-packages\django\template\base.py", line 171, in render
    return self._render(context)
           ~~~~~~~~~~~~^^^^^^^^^
  File "C:\Users\FRIDAY\AppData\Roaming\Python\Python313\site-packages\django\template\base.py", line 163, in _render
    return self.nodelist.render(context)
           ~~~~~~~~~~~~~~~~~~~~^^^^^^^^^
  File "C:\Users\FRIDAY\AppData\Roaming\Python\Python313\site-packages\django\template\base.py", line 1016, in render
    return SafeString("".join([node.render_annotated(context) for node in self]))
                               ~~~~~~~~~~~~~~~~~~~~~^^^^^^^^^
  File "C:\Users\FRIDAY\AppData\Roaming\Python\Python313\site-packages\django\template\base.py", line 977, in render_annotated
    return self.render(context)
           ~~~~~~~~~~~^^^^^^^^^
  File "C:\Users\FRIDAY\AppData\Roaming\Python\Python313\site-packages\django\template\defaulttags.py", line 480, in render
    url = reverse(view_name, args=args, kwargs=kwargs, current_app=current_app)
  File "C:\Users\FRIDAY\AppData\Roaming\Python\Python313\site-packages\django\urls\base.py", line 98, in reverse
    resolved_url = resolver._reverse_with_prefix(view, prefix, *args, **kwargs)
  File "C:\Users\FRIDAY\AppData\Roaming\Python\Python313\site-packages\django\urls\resolvers.py", line 831, in _reverse_with_prefix
    raise NoReverseMatch(msg)
django.urls.exceptions.NoReverseMatch: Reverse for 'owner_settings' not found. 'owner_settings' is not a valid view function or pattern name.
ERROR 2025-10-17 22:46:54,831 basehttp "GET /owner/dashboard/ HTTP/1.1" 500 139366
INFO 2025-10-17 22:48:55,014 autoreload Watching for file changes with StatReloader
INFO 2025-10-17 22:48:57,887 basehttp "GET / HTTP/1.1" 200 31929
INFO 2025-10-17 22:48:59,656 basehttp "GET /login/ HTTP/1.1" 200 7412
INFO 2025-10-17 22:49:00,914 basehttp "GET /accounts/google/login/?process=login HTTP/1.1" 302 0
INFO 2025-10-17 22:49:07,748 basehttp "GET /accounts/google/login/callback/?state=Iu10oOKF5nbqN1i0&code=4%2F0AVGzR1AsNEmGgb7wDW0oihykezU5SXrrbXhF2EeAWpPEhZolCus2sVhEi3UkEY1YK1FPOA&scope=email+profile+https%3A%2F%2Fwww.googleapis.com%2Fauth%2Fuserinfo.email+https%3A%2F%2Fwww.googleapis.com%2Fauth%2Fuserinfo.profile+openid&authuser=7&prompt=none HTTP/1.1" 302 0
INFO 2025-10-17 22:49:07,870 basehttp "GET /owner/dashboard/ HTTP/1.1" 200 10334
ERROR 2025-10-17 22:49:16,398 log Internal Server Error: /staff/
Traceback (most recent call last):
  File "C:\Users\FRIDAY\AppData\Roaming\Python\Python313\site-packages\django\core\handlers\exception.py", line 55, in inner
    response = get_response(request)
  File "C:\Users\FRIDAY\AppData\Roaming\Python\Python313\site-packages\django\core\handlers\base.py", line 197, in _get_response
    response = wrapped_callback(request, *callback_args, **callback_kwargs)
  File "C:\Users\FRIDAY\AppData\Roaming\Python\Python313\site-packages\django\contrib\auth\decorators.py", line 59, in _view_wrapper
    return view_func(request, *args, **kwargs)
  File "F:\cafenest\owner\views.py", line 365, in staff_list
    return render(request, 'owner/staff_list.html', context)
  File "C:\Users\FRIDAY\AppData\Roaming\Python\Python313\site-packages\django\shortcuts.py", line 25, in render
    content = loader.render_to_string(template_name, context, request, using=using)
  File "C:\Users\FRIDAY\AppData\Roaming\Python\Python313\site-packages\django\template\loader.py", line 62, in render_to_string
    return template.render(context, request)
           ~~~~~~~~~~~~~~~^^^^^^^^^^^^^^^^^^
  File "C:\Users\FRIDAY\AppData\Roaming\Python\Python313\site-packages\django\template\backends\django.py", line 107, in render
    return self.template.render(context)
           ~~~~~~~~~~~~~~~~~~~~^^^^^^^^^
  File "C:\Users\FRIDAY\AppData\Roaming\Python\Python313\site-packages\django\template\base.py", line 171, in render
    return self._render(context)
           ~~~~~~~~~~~~^^^^^^^^^
  File "C:\Users\FRIDAY\AppData\Roaming\Python\Python313\site-packages\django\template\base.py", line 163, in _render
    return self.nodelist.render(context)
           ~~~~~~~~~~~~~~~~~~~~^^^^^^^^^
  File "C:\Users\FRIDAY\AppData\Roaming\Python\Python313\site-packages\django\template\base.py", line 1016, in render
    return SafeString("".join([node.render_annotated(context) for node in self]))
                               ~~~~~~~~~~~~~~~~~~~~~^^^^^^^^^
  File "C:\Users\FRIDAY\AppData\Roaming\Python\Python313\site-packages\django\template\base.py", line 977, in render_annotated
    return self.render(context)
           ~~~~~~~~~~~^^^^^^^^^
  File "C:\Users\FRIDAY\AppData\Roaming\Python\Python313\site-packages\django\template\defaulttags.py", line 480, in render
    url = reverse(view_name, args=args, kwargs=kwargs, current_app=current_app)
  File "C:\Users\FRIDAY\AppData\Roaming\Python\Python313\site-packages\django\urls\base.py", line 98, in reverse
    resolved_url = resolver._reverse_with_prefix(view, prefix, *args, **kwargs)
  File "C:\Users\FRIDAY\AppData\Roaming\Python\Python313\site-packages\django\urls\resolvers.py", line 831, in _reverse_with_prefix
    raise NoReverseMatch(msg)
django.urls.exceptions.NoReverseMatch: Reverse for 'owner_settings' not found. 'owner_settings' is not a valid view function or pattern name.
ERROR 2025-10-17 22:49:16,403 basehttp "GET /staff/ HTTP/1.1" 500 137203
ERROR 2025-10-17 22:49:30,134 log Internal Server Error: /cafes/
Traceback (most recent call last):
  File "C:\Users\FRIDAY\AppData\Roaming\Python\Python313\site-packages\django\core\handlers\exception.py", line 55, in inner
    response = get_response(request)
  File "C:\Users\FRIDAY\AppData\Roaming\Python\Python313\site-packages\django\core\handlers\base.py", line 197, in _get_response
    response = wrapped_callback(request, *callback_args, **callback_kwargs)
  File "C:\Users\FRIDAY\AppData\Roaming\Python\Python313\site-packages\django\contrib\auth\decorators.py", line 59, in _view_wrapper
    return view_func(request, *args, **kwargs)
  File "F:\cafenest\owner\views.py", line 159, in cafe_list
    return render(request, 'owner/cafe_list.html', {'cafes': cafes})
  File "C:\Users\FRIDAY\AppData\Roaming\Python\Python313\site-packages\django\shortcuts.py", line 25, in render
    content = loader.render_to_string(template_name, context, request, using=using)
  File "C:\Users\FRIDAY\AppData\Roaming\Python\Python313\site-packages\django\template\loader.py", line 62, in render_to_string
    return template.render(context, request)
           ~~~~~~~~~~~~~~~^^^^^^^^^^^^^^^^^^
  File "C:\Users\FRIDAY\AppData\Roaming\Python\Python313\site-packages\django\template\backends\django.py", line 107, in render
    return self.template.render(context)
           ~~~~~~~~~~~~~~~~~~~~^^^^^^^^^
  File "C:\Users\FRIDAY\AppData\Roaming\Python\Python313\site-packages\django\template\base.py", line 171, in render
    return self._render(context)
           ~~~~~~~~~~~~^^^^^^^^^
  File "C:\Users\FRIDAY\AppData\Roaming\Python\Python313\site-packages\django\template\base.py", line 163, in _render
    return self.nodelist.render(context)
           ~~~~~~~~~~~~~~~~~~~~^^^^^^^^^
  File "C:\Users\FRIDAY\AppData\Roaming\Python\Python313\site-packages\django\template\base.py", line 1016, in render
    return SafeString("".join([node.render_annotated(context) for node in self]))
                               ~~~~~~~~~~~~~~~~~~~~~^^^^^^^^^
  File "C:\Users\FRIDAY\AppData\Roaming\Python\Python313\site-packages\django\template\base.py", line 977, in render_annotated
    return self.render(context)
           ~~~~~~~~~~~^^^^^^^^^
  File "C:\Users\FRIDAY\AppData\Roaming\Python\Python313\site-packages\django\template\defaulttags.py", line 480, in render
    url = reverse(view_name, args=args, kwargs=kwargs, current_app=current_app)
  File "C:\Users\FRIDAY\AppData\Roaming\Python\Python313\site-packages\django\urls\base.py", line 98, in reverse
    resolved_url = resolver._reverse_with_prefix(view, prefix, *args, **kwargs)
  File "C:\Users\FRIDAY\AppData\Roaming\Python\Python313\site-packages\django\urls\resolvers.py", line 831, in _reverse_with_prefix
    raise NoReverseMatch(msg)
django.urls.exceptions.NoReverseMatch: Reverse for 'owner_settings' not found. 'owner_settings' is not a valid view function or pattern name.
ERROR 2025-10-17 22:49:30,137 basehttp "GET /cafes/ HTTP/1.1" 500 132416
ERROR 2025-10-17 22:50:03,635 log Internal Server Error: /staff/
Traceback (most recent call last):
  File "C:\Users\FRIDAY\AppData\Roaming\Python\Python313\site-packages\django\core\handlers\exception.py", line 55, in inner
    response = get_response(request)
  File "C:\Users\FRIDAY\AppData\Roaming\Python\Python313\site-packages\django\core\handlers\base.py", line 197, in _get_response
    response = wrapped_callback(request, *callback_args, **callback_kwargs)
  File "C:\Users\FRIDAY\AppData\Roaming\Python\Python313\site-packages\django\contrib\auth\decorators.py", line 59, in _view_wrapper
    return view_func(request, *args, **kwargs)
  File "F:\cafenest\owner\views.py", line 365, in staff_list
    return render(request, 'owner/staff_list.html', context)
  File "C:\Users\FRIDAY\AppData\Roaming\Python\Python313\site-packages\django\shortcuts.py", line 25, in render
    content = loader.render_to_string(template_name, context, request, using=using)
  File "C:\Users\FRIDAY\AppData\Roaming\Python\Python313\site-packages\django\template\loader.py", line 62, in render_to_string
    return template.render(context, request)
           ~~~~~~~~~~~~~~~^^^^^^^^^^^^^^^^^^
  File "C:\Users\FRIDAY\AppData\Roaming\Python\Python313\site-packages\django\template\backends\django.py", line 107, in render
    return self.template.render(context)
           ~~~~~~~~~~~~~~~~~~~~^^^^^^^^^
  File "C:\Users\FRIDAY\AppData\Roaming\Python\Python313\site-packages\django\template\base.py", line 171, in render
    return self._render(context)
           ~~~~~~~~~~~~^^^^^^^^^
  File "C:\Users\FRIDAY\AppData\Roaming\Python\Python313\site-packages\django\template\base.py", line 163, in _render
    return self.nodelist.render(context)
           ~~~~~~~~~~~~~~~~~~~~^^^^^^^^^
  File "C:\Users\FRIDAY\AppData\Roaming\Python\Python313\site-packages\django\template\base.py", line 1016, in render
    return SafeString("".join([node.render_annotated(context) for node in self]))
                               ~~~~~~~~~~~~~~~~~~~~~^^^^^^^^^
  File "C:\Users\FRIDAY\AppData\Roaming\Python\Python313\site-packages\django\template\base.py", line 977, in render_annotated
    return self.render(context)
           ~~~~~~~~~~~^^^^^^^^^
  File "C:\Users\FRIDAY\AppData\Roaming\Python\Python313\site-packages\django\template\defaulttags.py", line 480, in render
    url = reverse(view_name, args=args, kwargs=kwargs, current_app=current_app)
  File "C:\Users\FRIDAY\AppData\Roaming\Python\Python313\site-packages\django\urls\base.py", line 98, in reverse
    resolved_url = resolver._reverse_with_prefix(view, prefix, *args, **kwargs)
  File "C:\Users\FRIDAY\AppData\Roaming\Python\Python313\site-packages\django\urls\resolvers.py", line 831, in _reverse_with_prefix
    raise NoReverseMatch(msg)
django.urls.exceptions.NoReverseMatch: Reverse for 'owner_settings' not found. 'owner_settings' is not a valid view function or pattern name.
ERROR 2025-10-17 22:50:03,638 basehttp "GET /staff/ HTTP/1.1" 500 137203
ERROR 2025-10-17 22:50:07,872 log Internal Server Error: /staff/
Traceback (most recent call last):
  File "C:\Users\FRIDAY\AppData\Roaming\Python\Python313\site-packages\django\core\handlers\exception.py", line 55, in inner
    response = get_response(request)
  File "C:\Users\FRIDAY\AppData\Roaming\Python\Python313\site-packages\django\core\handlers\base.py", line 197, in _get_response
    response = wrapped_callback(request, *callback_args, **callback_kwargs)
  File "C:\Users\FRIDAY\AppData\Roaming\Python\Python313\site-packages\django\contrib\auth\decorators.py", line 59, in _view_wrapper
    return view_func(request, *args, **kwargs)
  File "F:\cafenest\owner\views.py", line 365, in staff_list
    return render(request, 'owner/staff_list.html', context)
  File "C:\Users\FRIDAY\AppData\Roaming\Python\Python313\site-packages\django\shortcuts.py", line 25, in render
    content = loader.render_to_string(template_name, context, request, using=using)
  File "C:\Users\FRIDAY\AppData\Roaming\Python\Python313\site-packages\django\template\loader.py", line 62, in render_to_string
    return template.render(context, request)
           ~~~~~~~~~~~~~~~^^^^^^^^^^^^^^^^^^
  File "C:\Users\FRIDAY\AppData\Roaming\Python\Python313\site-packages\django\template\backends\django.py", line 107, in render
    return self.template.render(context)
           ~~~~~~~~~~~~~~~~~~~~^^^^^^^^^
  File "C:\Users\FRIDAY\AppData\Roaming\Python\Python313\site-packages\django\template\base.py", line 171, in render
    return self._render(context)
           ~~~~~~~~~~~~^^^^^^^^^
  File "C:\Users\FRIDAY\AppData\Roaming\Python\Python313\site-packages\django\template\base.py", line 163, in _render
    return self.nodelist.render(context)
           ~~~~~~~~~~~~~~~~~~~~^^^^^^^^^
  File "C:\Users\FRIDAY\AppData\Roaming\Python\Python313\site-packages\django\template\base.py", line 1016, in render
    return SafeString("".join([node.render_annotated(context) for node in self]))
                               ~~~~~~~~~~~~~~~~~~~~~^^^^^^^^^
  File "C:\Users\FRIDAY\AppData\Roaming\Python\Python313\site-packages\django\template\base.py", line 977, in render_annotated
    return self.render(context)
           ~~~~~~~~~~~^^^^^^^^^
  File "C:\Users\FRIDAY\AppData\Roaming\Python\Python313\site-packages\django\template\defaulttags.py", line 480, in render
    url = reverse(view_name, args=args, kwargs=kwargs, current_app=current_app)
  File "C:\Users\FRIDAY\AppData\Roaming\Python\Python313\site-packages\django\urls\base.py", line 98, in reverse
    resolved_url = resolver._reverse_with_prefix(view, prefix, *args, **kwargs)
  File "C:\Users\FRIDAY\AppData\Roaming\Python\Python313\site-packages\django\urls\resolvers.py", line 831, in _reverse_with_prefix
    raise NoReverseMatch(msg)
django.urls.exceptions.NoReverseMatch: Reverse for 'owner_settings' not found. 'owner_settings' is not a valid view function or pattern name.
ERROR 2025-10-17 22:50:07,875 basehttp "GET /staff/ HTTP/1.1" 500 137340
ERROR 2025-10-17 22:50:09,237 log Internal Server Error: /staff/
Traceback (most recent call last):
  File "C:\Users\FRIDAY\AppData\Roaming\Python\Python313\site-packages\django\core\handlers\exception.py", line 55, in inner
    response = get_response(request)
  File "C:\Users\FRIDAY\AppData\Roaming\Python\Python313\site-packages\django\core\handlers\base.py", line 197, in _get_response
    response = wrapped_callback(request, *callback_args, **callback_kwargs)
  File "C:\Users\FRIDAY\AppData\Roaming\Python\Python313\site-packages\django\contrib\auth\decorators.py", line 59, in _view_wrapper
    return view_func(request, *args, **kwargs)
  File "F:\cafenest\owner\views.py", line 365, in staff_list
    return render(request, 'owner/staff_list.html', context)
  File "C:\Users\FRIDAY\AppData\Roaming\Python\Python313\site-packages\django\shortcuts.py", line 25, in render
    content = loader.render_to_string(template_name, context, request, using=using)
  File "C:\Users\FRIDAY\AppData\Roaming\Python\Python313\site-packages\django\template\loader.py", line 62, in render_to_string
    return template.render(context, request)
           ~~~~~~~~~~~~~~~^^^^^^^^^^^^^^^^^^
  File "C:\Users\FRIDAY\AppData\Roaming\Python\Python313\site-packages\django\template\backends\django.py", line 107, in render
    return self.template.render(context)
           ~~~~~~~~~~~~~~~~~~~~^^^^^^^^^
  File "C:\Users\FRIDAY\AppData\Roaming\Python\Python313\site-packages\django\template\base.py", line 171, in render
    return self._render(context)
           ~~~~~~~~~~~~^^^^^^^^^
  File "C:\Users\FRIDAY\AppData\Roaming\Python\Python313\site-packages\django\template\base.py", line 163, in _render
    return self.nodelist.render(context)
           ~~~~~~~~~~~~~~~~~~~~^^^^^^^^^
  File "C:\Users\FRIDAY\AppData\Roaming\Python\Python313\site-packages\django\template\base.py", line 1016, in render
    return SafeString("".join([node.render_annotated(context) for node in self]))
                               ~~~~~~~~~~~~~~~~~~~~~^^^^^^^^^
  File "C:\Users\FRIDAY\AppData\Roaming\Python\Python313\site-packages\django\template\base.py", line 977, in render_annotated
    return self.render(context)
           ~~~~~~~~~~~^^^^^^^^^
  File "C:\Users\FRIDAY\AppData\Roaming\Python\Python313\site-packages\django\template\defaulttags.py", line 480, in render
    url = reverse(view_name, args=args, kwargs=kwargs, current_app=current_app)
  File "C:\Users\FRIDAY\AppData\Roaming\Python\Python313\site-packages\django\urls\base.py", line 98, in reverse
    resolved_url = resolver._reverse_with_prefix(view, prefix, *args, **kwargs)
  File "C:\Users\FRIDAY\AppData\Roaming\Python\Python313\site-packages\django\urls\resolvers.py", line 831, in _reverse_with_prefix
    raise NoReverseMatch(msg)
django.urls.exceptions.NoReverseMatch: Reverse for 'owner_settings' not found. 'owner_settings' is not a valid view function or pattern name.
ERROR 2025-10-17 22:50:09,240 basehttp "GET /staff/ HTTP/1.1" 500 137340
INFO 2025-10-17 22:50:23,722 autoreload Watching for file changes with StatReloader
INFO 2025-10-17 22:50:25,873 basehttp "GET / HTTP/1.1" 200 31929
INFO 2025-10-17 22:50:27,562 basehttp "GET /login/ HTTP/1.1" 200 7216
INFO 2025-10-17 22:50:28,697 basehttp "GET /accounts/google/login/?process=login HTTP/1.1" 302 0
INFO 2025-10-17 22:50:38,318 basehttp "GET /accounts/google/login/callback/?state=TCEocA9UGstNcsjC&code=4%2F0AVGzR1CRWYowrzlzk7ZQzxU6qHo4mVaIDfY0wT7oUb3GqpFqJ8XMsRwqqi7RyVaNW37g7g&scope=email+profile+https%3A%2F%2Fwww.googleapis.com%2Fauth%2Fuserinfo.profile+https%3A%2F%2Fwww.googleapis.com%2Fauth%2Fuserinfo.email+openid&authuser=7&prompt=none HTTP/1.1" 302 0
ERROR 2025-10-17 22:50:38,408 log Internal Server Error: /owner/dashboard/
Traceback (most recent call last):
  File "C:\Users\FRIDAY\AppData\Roaming\Python\Python313\site-packages\django\core\handlers\exception.py", line 55, in inner
    response = get_response(request)
  File "C:\Users\FRIDAY\AppData\Roaming\Python\Python313\site-packages\django\core\handlers\base.py", line 197, in _get_response
    response = wrapped_callback(request, *callback_args, **callback_kwargs)
  File "C:\Users\FRIDAY\AppData\Roaming\Python\Python313\site-packages\django\contrib\auth\decorators.py", line 59, in _view_wrapper
    return view_func(request, *args, **kwargs)
  File "F:\cafenest\owner\views.py", line 148, in owner_dashboard
    return render(request, 'owner/owner_dashboard.html', context)
  File "C:\Users\FRIDAY\AppData\Roaming\Python\Python313\site-packages\django\shortcuts.py", line 25, in render
    content = loader.render_to_string(template_name, context, request, using=using)
  File "C:\Users\FRIDAY\AppData\Roaming\Python\Python313\site-packages\django\template\loader.py", line 62, in render_to_string
    return template.render(context, request)
           ~~~~~~~~~~~~~~~^^^^^^^^^^^^^^^^^^
  File "C:\Users\FRIDAY\AppData\Roaming\Python\Python313\site-packages\django\template\backends\django.py", line 107, in render
    return self.template.render(context)
           ~~~~~~~~~~~~~~~~~~~~^^^^^^^^^
  File "C:\Users\FRIDAY\AppData\Roaming\Python\Python313\site-packages\django\template\base.py", line 171, in render
    return self._render(context)
           ~~~~~~~~~~~~^^^^^^^^^
  File "C:\Users\FRIDAY\AppData\Roaming\Python\Python313\site-packages\django\template\base.py", line 163, in _render
    return self.nodelist.render(context)
           ~~~~~~~~~~~~~~~~~~~~^^^^^^^^^
  File "C:\Users\FRIDAY\AppData\Roaming\Python\Python313\site-packages\django\template\base.py", line 1016, in render
    return SafeString("".join([node.render_annotated(context) for node in self]))
                               ~~~~~~~~~~~~~~~~~~~~~^^^^^^^^^
  File "C:\Users\FRIDAY\AppData\Roaming\Python\Python313\site-packages\django\template\base.py", line 977, in render_annotated
    return self.render(context)
           ~~~~~~~~~~~^^^^^^^^^
  File "C:\Users\FRIDAY\AppData\Roaming\Python\Python313\site-packages\django\template\defaulttags.py", line 480, in render
    url = reverse(view_name, args=args, kwargs=kwargs, current_app=current_app)
  File "C:\Users\FRIDAY\AppData\Roaming\Python\Python313\site-packages\django\urls\base.py", line 98, in reverse
    resolved_url = resolver._reverse_with_prefix(view, prefix, *args, **kwargs)
  File "C:\Users\FRIDAY\AppData\Roaming\Python\Python313\site-packages\django\urls\resolvers.py", line 831, in _reverse_with_prefix
    raise NoReverseMatch(msg)
django.urls.exceptions.NoReverseMatch: Reverse for 'owner_settings' not found. 'owner_settings' is not a valid view function or pattern name.
ERROR 2025-10-17 22:50:38,413 basehttp "GET /owner/dashboard/ HTTP/1.1" 500 139366
INFO 2025-10-17 22:54:56,812 autoreload F:\cafenest\owner\urls.py changed, reloading.
INFO 2025-10-17 22:54:58,021 autoreload Watching for file changes with StatReloader
INFO 2025-10-17 22:55:04,241 autoreload F:\cafenest\owner\views.py changed, reloading.
INFO 2025-10-17 22:55:05,300 autoreload Watching for file changes with StatReloader
INFO 2025-10-17 22:55:42,873 autoreload F:\cafenest\owner\views.py changed, reloading.
INFO 2025-10-17 22:55:43,816 autoreload Watching for file changes with StatReloader
INFO 2025-10-17 23:06:15,230 autoreload F:\cafenest\owner\views.py changed, reloading.
INFO 2025-10-17 23:06:16,676 autoreload Watching for file changes with StatReloader
INFO 2025-10-17 23:19:02,544 autoreload F:\cafenest\owner\table_utils.py changed, reloading.
INFO 2025-10-17 23:19:03,773 autoreload Watching for file changes with StatReloader
INFO 2025-10-17 23:19:58,514 autoreload F:\cafenest\owner\views.py changed, reloading.
INFO 2025-10-17 23:19:59,377 autoreload Watching for file changes with StatReloader
INFO 2025-10-17 23:20:18,917 autoreload F:\cafenest\owner\views.py changed, reloading.
INFO 2025-10-17 23:20:20,109 autoreload Watching for file changes with StatReloader
INFO 2025-10-17 23:50:19,170 autoreload F:\cafenest\owner\utils.py changed, reloading.
INFO 2025-10-17 23:50:20,422 autoreload Watching for file changes with StatReloader
INFO 2025-10-17 23:50:24,089 basehttp "GET / HTTP/1.1" 200 31929
INFO 2025-10-17 23:50:28,335 basehttp "GET /login/ HTTP/1.1" 200 7412
INFO 2025-10-17 23:50:29,556 basehttp "GET /accounts/google/login/?process=login HTTP/1.1" 302 0
INFO 2025-10-17 23:50:31,887 basehttp "GET /accounts/google/login/?process=login HTTP/1.1" 302 0
INFO 2025-10-17 23:50:42,444 basehttp "GET /accounts/google/login/callback/?state=tLr9dLRK2boFTvoq&code=4%2F0AVGzR1AJrQWU5CzM7j13W5qT5g8nBjWtJEO14oaxbFPSMcXBu4q1CxcDkcCnoBrR2wDP2w&scope=email+profile+https%3A%2F%2Fwww.googleapis.com%2Fauth%2Fuserinfo.profile+openid+https%3A%2F%2Fwww.googleapis.com%2Fauth%2Fuserinfo.email&authuser=7&prompt=none HTTP/1.1" 302 0
INFO 2025-10-17 23:50:43,210 basehttp "GET /owner/dashboard/ HTTP/1.1" 200 10346
INFO 2025-10-17 23:54:36,585 basehttp "GET /owner/dashboard/ HTTP/1.1" 200 11186
INFO 2025-10-17 23:54:44,440 basehttp "GET /owner/tables/ HTTP/1.1" 200 13545
INFO 2025-10-17 23:54:54,060 basehttp "GET /owner/tables/2/qr/ HTTP/1.1" 200 6799
INFO 2025-10-17 23:55:54,687 basehttp "POST /owner/tables/cleanup/ HTTP/1.1" 302 0
INFO 2025-10-17 23:55:54,707 basehttp "GET /owner/tables/ HTTP/1.1" 200 13718
INFO 2025-10-19 18:52:31,681 autoreload Watching for file changes with StatReloader
INFO 2025-10-19 19:09:32,964 autoreload F:\cafenest\manager\urls.py changed, reloading.
INFO 2025-10-19 19:09:37,890 autoreload Watching for file changes with StatReloader
INFO 2025-10-19 19:09:58,766 autoreload Watching for file changes with StatReloader
INFO 2025-10-19 19:10:10,266 basehttp "GET / HTTP/1.1" 200 31929
WARNING 2025-10-19 19:10:10,644 log Not Found: /favicon.ico
WARNING 2025-10-19 19:10:10,646 basehttp "GET /favicon.ico HTTP/1.1" 404 11201
INFO 2025-10-19 19:10:18,954 basehttp "GET /login/ HTTP/1.1" 200 7216
INFO 2025-10-19 19:10:20,871 basehttp "GET /accounts/google/login/?process=login HTTP/1.1" 302 0
INFO 2025-10-19 19:10:26,330 basehttp "GET /accounts/google/login/callback/?state=VD3iKPRQZ64VpFjZ&code=4%2F0AVGzR1AWAYuRTlVCXuIPglT0gii0_UYmBkD1kR_w8pPtUV1iZREb6MvsyXDDYPD4zpF4Mg&scope=email+profile+https%3A%2F%2Fwww.googleapis.com%2Fauth%2Fuserinfo.profile+openid+https%3A%2F%2Fwww.googleapis.com%2Fauth%2Fuserinfo.email&authuser=7&prompt=none HTTP/1.1" 302 0
INFO 2025-10-19 19:10:26,464 basehttp "GET /owner/dashboard/ HTTP/1.1" 200 11382
INFO 2025-10-19 19:10:54,056 basehttp "GET /owner/tables/ HTTP/1.1" 200 13545
INFO 2025-10-19 19:10:56,953 basehttp "GET /owner/tables/1/qr/ HTTP/1.1" 200 6807
INFO 2025-10-19 19:11:31,978 basehttp "GET /owner/dashboard/ HTTP/1.1" 200 11186
INFO 2025-10-19 19:11:33,534 basehttp "GET /cafes/ HTTP/1.1" 200 10393
INFO 2025-10-19 19:11:37,225 basehttp "GET /owner/dashboard/ HTTP/1.1" 200 11186
INFO 2025-10-19 19:12:25,081 basehttp "GET /owner/tables/ HTTP/1.1" 200 13545
ERROR 2025-10-19 19:12:26,815 log Internal Server Error: /owner/dashboard/
Traceback (most recent call last):
  File "C:\Users\FRIDAY\AppData\Roaming\Python\Python313\site-packages\django\core\handlers\exception.py", line 55, in inner
    response = get_response(request)
  File "C:\Users\FRIDAY\AppData\Roaming\Python\Python313\site-packages\django\core\handlers\base.py", line 197, in _get_response
    response = wrapped_callback(request, *callback_args, **callback_kwargs)
  File "C:\Users\FRIDAY\AppData\Roaming\Python\Python313\site-packages\django\contrib\auth\decorators.py", line 59, in _view_wrapper
    return view_func(request, *args, **kwargs)
  File "F:\cafenest\owner\views.py", line 288, in owner_dashboard
    return render(request, 'owner/owner_dashboard.html', context)
  File "C:\Users\FRIDAY\AppData\Roaming\Python\Python313\site-packages\django\shortcuts.py", line 25, in render
    content = loader.render_to_string(template_name, context, request, using=using)
  File "C:\Users\FRIDAY\AppData\Roaming\Python\Python313\site-packages\django\template\loader.py", line 62, in render_to_string
    return template.render(context, request)
           ~~~~~~~~~~~~~~~^^^^^^^^^^^^^^^^^^
  File "C:\Users\FRIDAY\AppData\Roaming\Python\Python313\site-packages\django\template\backends\django.py", line 107, in render
    return self.template.render(context)
           ~~~~~~~~~~~~~~~~~~~~^^^^^^^^^
  File "C:\Users\FRIDAY\AppData\Roaming\Python\Python313\site-packages\django\template\base.py", line 171, in render
    return self._render(context)
           ~~~~~~~~~~~~^^^^^^^^^
  File "C:\Users\FRIDAY\AppData\Roaming\Python\Python313\site-packages\django\template\base.py", line 163, in _render
    return self.nodelist.render(context)
           ~~~~~~~~~~~~~~~~~~~~^^^^^^^^^
  File "C:\Users\FRIDAY\AppData\Roaming\Python\Python313\site-packages\django\template\base.py", line 1016, in render
    return SafeString("".join([node.render_annotated(context) for node in self]))
                               ~~~~~~~~~~~~~~~~~~~~~^^^^^^^^^
  File "C:\Users\FRIDAY\AppData\Roaming\Python\Python313\site-packages\django\template\base.py", line 977, in render_annotated
    return self.render(context)
           ~~~~~~~~~~~^^^^^^^^^
  File "C:\Users\FRIDAY\AppData\Roaming\Python\Python313\site-packages\django\template\defaulttags.py", line 480, in render
    url = reverse(view_name, args=args, kwargs=kwargs, current_app=current_app)
  File "C:\Users\FRIDAY\AppData\Roaming\Python\Python313\site-packages\django\urls\base.py", line 98, in reverse
    resolved_url = resolver._reverse_with_prefix(view, prefix, *args, **kwargs)
  File "C:\Users\FRIDAY\AppData\Roaming\Python\Python313\site-packages\django\urls\resolvers.py", line 831, in _reverse_with_prefix
    raise NoReverseMatch(msg)
django.urls.exceptions.NoReverseMatch: Reverse for 'table_list' not found. 'table_list' is not a valid view function or pattern name.
ERROR 2025-10-19 19:12:26,821 basehttp "GET /owner/dashboard/ HTTP/1.1" 500 140174
INFO 2025-10-19 19:12:54,252 basehttp "GET /owner/dashboard/ HTTP/1.1" 200 11186
INFO 2025-10-19 19:13:39,417 basehttp "GET /menu/ HTTP/1.1" 200 6641
INFO 2025-10-19 19:13:43,910 basehttp "GET /owner/tables/ HTTP/1.1" 200 13545
INFO 2025-10-19 19:13:46,503 basehttp "GET /menu/ HTTP/1.1" 200 6641
INFO 2025-10-19 19:13:48,295 basehttp "GET /owner/tables/ HTTP/1.1" 200 13545
INFO 2025-10-19 19:13:53,883 basehttp "GET /menu/ HTTP/1.1" 200 6641
INFO 2025-10-19 19:14:08,245 basehttp "GET /owner/dashboard/ HTTP/1.1" 200 11186
INFO 2025-10-19 19:14:09,416 basehttp "GET /cafes/ HTTP/1.1" 200 10393
INFO 2025-10-19 19:14:10,538 basehttp "GET /cafes/ HTTP/1.1" 200 10393
INFO 2025-10-19 19:14:11,774 basehttp "GET /staff/ HTTP/1.1" 200 13666
INFO 2025-10-19 19:14:13,503 basehttp "GET /menu/ HTTP/1.1" 200 6641
INFO 2025-10-19 19:16:39,718 basehttp "GET /owner/tables/ HTTP/1.1" 200 13517
INFO 2025-10-19 19:20:16,037 basehttp "GET /owner/dashboard/ HTTP/1.1" 200 10891
INFO 2025-10-19 19:20:17,526 basehttp "GET /cafes/ HTTP/1.1" 200 10363
INFO 2025-10-19 19:20:25,376 basehttp "GET /owner/tables/ HTTP/1.1" 200 13406
INFO 2025-10-19 19:20:27,455 basehttp "GET /staff/ HTTP/1.1" 200 13662
INFO 2025-10-19 19:20:28,945 basehttp "GET /menu/ HTTP/1.1" 200 6560
INFO 2025-10-19 19:20:31,898 basehttp "GET /owner/dashboard/ HTTP/1.1" 200 10891
INFO 2025-10-19 19:20:34,302 basehttp "GET /cafes/ HTTP/1.1" 200 10363
INFO 2025-10-19 19:20:37,043 basehttp "GET /owner/dashboard/ HTTP/1.1" 200 10891
INFO 2025-10-19 19:20:46,418 basehttp "GET /owner/tables/ HTTP/1.1" 200 13406
INFO 2025-10-19 19:20:47,861 basehttp "GET /cafes/ HTTP/1.1" 200 10363
INFO 2025-10-19 19:21:53,348 basehttp "GET /owner/tables/ HTTP/1.1" 200 13406
INFO 2025-10-19 19:21:54,708 basehttp "GET /owner/dashboard/ HTTP/1.1" 200 10891
INFO 2025-10-19 19:21:56,160 basehttp "GET /cafes/ HTTP/1.1" 200 10363
INFO 2025-10-19 19:21:57,172 basehttp "GET /owner/tables/ HTTP/1.1" 200 13406
INFO 2025-10-19 19:21:57,940 basehttp "GET /staff/ HTTP/1.1" 200 13662
INFO 2025-10-19 19:21:58,806 basehttp "GET /menu/ HTTP/1.1" 200 6560
INFO 2025-10-19 19:21:59,627 basehttp "GET /reports/ HTTP/1.1" 200 7563
INFO 2025-10-19 19:22:06,462 basehttp "GET /cafes/ HTTP/1.1" 200 10363
INFO 2025-10-19 19:22:08,241 basehttp "GET /owner/tables/ HTTP/1.1" 200 13406
INFO 2025-10-19 19:22:10,349 basehttp "GET /staff/ HTTP/1.1" 200 13662
INFO 2025-10-19 19:23:25,858 basehttp "POST /staff/delete/6/ HTTP/1.1" 302 0
INFO 2025-10-19 19:23:25,878 basehttp "GET /staff/ HTTP/1.1" 200 12041
INFO 2025-10-19 19:23:29,691 basehttp "GET /staff/add/ HTTP/1.1" 200 6712
INFO 2025-10-19 19:24:35,648 basehttp "POST /staff/add/ HTTP/1.1" 302 0
INFO 2025-10-19 19:24:35,664 basehttp "GET /staff/ HTTP/1.1" 200 13928
INFO 2025-10-19 19:24:41,295 basehttp "GET /staff/toggle/7/ HTTP/1.1" 302 0
INFO 2025-10-19 19:24:41,313 basehttp "GET /staff/ HTTP/1.1" 200 13884
INFO 2025-10-19 19:25:42,644 basehttp "GET /cafes/ HTTP/1.1" 200 10363
INFO 2025-10-19 19:25:44,526 basehttp "GET /owner/tables/ HTTP/1.1" 200 13406
INFO 2025-10-19 19:25:46,114 basehttp "GET /staff/ HTTP/1.1" 200 13686
INFO 2025-10-19 19:25:47,698 basehttp "GET /menu/ HTTP/1.1" 200 6560
ERROR 2025-10-19 19:25:49,354 log Internal Server Error: /menu/add/
Traceback (most recent call last):
  File "C:\Users\FRIDAY\AppData\Roaming\Python\Python313\site-packages\django\core\handlers\exception.py", line 55, in inner
    response = get_response(request)
  File "C:\Users\FRIDAY\AppData\Roaming\Python\Python313\site-packages\django\core\handlers\base.py", line 197, in _get_response
    response = wrapped_callback(request, *callback_args, **callback_kwargs)
  File "C:\Users\FRIDAY\AppData\Roaming\Python\Python313\site-packages\django\contrib\auth\decorators.py", line 59, in _view_wrapper
    return view_func(request, *args, **kwargs)
  File "F:\cafenest\owner\views.py", line 529, in add_menu_item
    form.fields['cafe'].queryset = Cafe.objects.filter(owner=request.user)
    ~~~~~~~~~~~^^^^^^^^
KeyError: 'cafe'
ERROR 2025-10-19 19:25:49,357 basehttp "GET /menu/add/ HTTP/1.1" 500 79497
INFO 2025-10-19 20:33:19,993 autoreload Watching for file changes with StatReloader
INFO 2025-10-19 20:33:24,467 basehttp "GET / HTTP/1.1" 200 31929
WARNING 2025-10-19 20:33:25,200 log Not Found: /favicon.ico
WARNING 2025-10-19 20:33:25,202 basehttp "GET /favicon.ico HTTP/1.1" 404 12057
INFO 2025-10-19 20:33:49,834 autoreload Watching for file changes with StatReloader
INFO 2025-10-19 20:33:54,971 basehttp "GET / HTTP/1.1" 200 31929
INFO 2025-10-19 20:33:58,660 basehttp "GET /login/ HTTP/1.1" 200 7216
INFO 2025-10-19 20:34:00,065 basehttp "GET /accounts/google/login/?process=login HTTP/1.1" 302 0
INFO 2025-10-19 20:34:04,837 basehttp "GET /accounts/google/login/callback/?state=4w3BnNTUPTIeDrSg&code=4%2F0AVGzR1BTmBwFeqd0jDd8PiIdgv_197umw0SNZbvOvWLiMg8BHW28yR0WLoAcRqFXcJ9PoQ&scope=email+profile+https%3A%2F%2Fwww.googleapis.com%2Fauth%2Fuserinfo.email+https%3A%2F%2Fwww.googleapis.com%2Fauth%2Fuserinfo.profile+openid&authuser=7&prompt=none HTTP/1.1" 302 0
INFO 2025-10-19 20:34:04,920 basehttp "GET /owner/dashboard/ HTTP/1.1" 200 11087
INFO 2025-10-19 20:34:16,993 basehttp "GET /menu/ HTTP/1.1" 200 7093
INFO 2025-10-19 20:34:22,482 basehttp "GET /menu/categories/ HTTP/1.1" 200 8519
INFO 2025-10-19 20:34:31,975 basehttp "POST /menu/categories/ HTTP/1.1" 302 0
INFO 2025-10-19 20:34:31,991 basehttp "GET /menu/categories/ HTTP/1.1" 200 9591
INFO 2025-10-19 20:42:17,711 autoreload Watching for file changes with StatReloader
INFO 2025-10-19 20:42:24,546 basehttp "GET / HTTP/1.1" 200 31929
INFO 2025-10-19 20:42:26,872 basehttp "GET /login/ HTTP/1.1" 200 7216
INFO 2025-10-19 20:42:28,037 basehttp "GET /accounts/google/login/?process=login HTTP/1.1" 302 0
INFO 2025-10-19 20:42:36,443 basehttp "GET /accounts/google/login/callback/?state=PE7OYFBsmSp5xudd&code=4%2F0AVGzR1BwhHQpoBI8pCWmeO7O0symeJC47GJSPLeyih7zqcmmFNIGrC5CWNXpka6CX163Lw&scope=email+profile+openid+https%3A%2F%2Fwww.googleapis.com%2Fauth%2Fuserinfo.email+https%3A%2F%2Fwww.googleapis.com%2Fauth%2Fuserinfo.profile&authuser=7&prompt=none HTTP/1.1" 302 0
INFO 2025-10-19 20:42:36,493 basehttp "GET /owner/dashboard/ HTTP/1.1" 200 11087
INFO 2025-10-19 20:42:41,859 basehttp "GET /staff/ HTTP/1.1" 200 13686
INFO 2025-10-19 20:42:42,694 basehttp "GET /menu/ HTTP/1.1" 200 7093
INFO 2025-10-19 20:42:44,901 basehttp "GET /menu/categories/ HTTP/1.1" 200 9377
INFO 2025-10-19 20:42:51,964 basehttp "GET /menu/ HTTP/1.1" 200 7093
INFO 2025-10-19 20:42:53,151 basehttp "GET /menu/add/ HTTP/1.1" 200 7628
INFO 2025-10-19 20:55:27,325 autoreload Watching for file changes with StatReloader
INFO 2025-10-19 20:55:32,187 basehttp "GET / HTTP/1.1" 200 31929
INFO 2025-10-19 20:55:34,206 basehttp "GET /login/ HTTP/1.1" 200 7216
INFO 2025-10-19 20:55:51,672 basehttp "GET /accounts/google/login/?process=login HTTP/1.1" 302 0
INFO 2025-10-19 20:55:56,448 basehttp "GET /accounts/google/login/callback/?state=7T0ACsPjhMx6uUho&code=4%2F0AVGzR1DU4kadI9sygX1xrDTABdt_cYOeWMwlIqyW-ADN7HQ6I4XtxhJTE2GWqovcAS8IrQ&scope=email+profile+https%3A%2F%2Fwww.googleapis.com%2Fauth%2Fuserinfo.email+openid+https%3A%2F%2Fwww.googleapis.com%2Fauth%2Fuserinfo.profile&authuser=7&prompt=none HTTP/1.1" 302 0
INFO 2025-10-19 20:55:56,482 basehttp "GET /owner/dashboard/ HTTP/1.1" 200 11087
INFO 2025-10-19 20:56:00,350 basehttp "GET /menu/ HTTP/1.1" 200 7093
INFO 2025-10-19 20:56:01,530 basehttp "GET /menu/categories/ HTTP/1.1" 200 9377
INFO 2025-10-19 20:56:03,313 basehttp "GET /menu/ HTTP/1.1" 200 7093
INFO 2025-10-19 20:56:04,188 basehttp "GET /menu/add/ HTTP/1.1" 200 11206
INFO 2025-10-19 20:56:06,278 basehttp "GET /owner/api/categories/?cafe_id=2 HTTP/1.1" 200 45
INFO 2025-10-19 21:02:01,004 basehttp "POST /menu/add/ HTTP/1.1" 302 0
INFO 2025-10-19 21:02:01,018 basehttp "GET /menu/ HTTP/1.1" 200 8636
INFO 2025-10-19 21:05:01,026 autoreload F:\cafenest\manager\views.py changed, reloading.
INFO 2025-10-19 21:05:02,389 autoreload Watching for file changes with StatReloader
INFO 2025-10-19 21:06:03,518 autoreload F:\cafenest\manager\forms.py changed, reloading.
INFO 2025-10-19 21:06:04,738 autoreload Watching for file changes with StatReloader
INFO 2025-10-19 21:10:25,665 basehttp "GET /owner/dashboard/ HTTP/1.1" 200 10891
INFO 2025-10-19 21:10:27,393 basehttp "GET /cafes/ HTTP/1.1" 200 10363
INFO 2025-10-19 21:10:28,949 basehttp "GET /owner/tables/ HTTP/1.1" 200 13406
INFO 2025-10-19 21:10:30,030 basehttp "GET /staff/ HTTP/1.1" 200 13686
INFO 2025-10-19 21:10:31,207 basehttp "GET /menu/ HTTP/1.1" 200 8417
INFO 2025-10-19 21:10:32,649 basehttp "GET /reports/ HTTP/1.1" 200 7563
INFO 2025-10-19 21:10:33,634 basehttp "GET /logout/ HTTP/1.1" 302 0
INFO 2025-10-19 21:10:33,642 basehttp "GET / HTTP/1.1" 200 31929
WARNING 2025-10-19 21:10:36,606 log Not Found: /manager/login/
WARNING 2025-10-19 21:10:36,606 basehttp "GET /manager/login/ HTTP/1.1" 404 18154
WARNING 2025-10-19 21:10:56,593 log Not Found: /manager/login/
WARNING 2025-10-19 21:10:56,594 basehttp "GET /manager/login/ HTTP/1.1" 404 18154
WARNING 2025-10-19 21:12:47,526 log Not Found: /manager/login/
WARNING 2025-10-19 21:12:47,527 basehttp "GET /manager/login/ HTTP/1.1" 404 18154
WARNING 2025-10-19 21:13:02,161 log Not Found: /manager/login/
WARNING 2025-10-19 21:13:02,162 basehttp "GET /manager/login/ HTTP/1.1" 404 18154
INFO 2025-10-19 21:14:02,216 autoreload F:\cafenest\manager\urls.py changed, reloading.
INFO 2025-10-19 21:14:03,878 autoreload Watching for file changes with StatReloader
WARNING 2025-10-19 21:14:22,742 log Not Found: /manager/login/
WARNING 2025-10-19 21:14:23,339 basehttp "GET /manager/login/ HTTP/1.1" 404 18154
INFO 2025-10-19 21:14:41,425 autoreload F:\cafenest\manager\urls.py changed, reloading.
INFO 2025-10-19 21:14:42,973 autoreload Watching for file changes with StatReloader
WARNING 2025-10-19 21:14:44,858 log Not Found: /manager/login/
WARNING 2025-10-19 21:14:44,861 basehttp "GET /manager/login/ HTTP/1.1" 404 18141
WARNING 2025-10-19 21:14:53,007 log Not Found: /manager/login/
WARNING 2025-10-19 21:14:53,008 basehttp "GET /manager/login/ HTTP/1.1" 404 18141
INFO 2025-10-19 21:16:48,119 autoreload F:\cafenest\manager\urls.py changed, reloading.
INFO 2025-10-19 21:16:50,146 autoreload Watching for file changes with StatReloader
INFO 2025-10-19 21:16:51,723 basehttp "GET /manager/login/ HTTP/1.1" 200 4698
INFO 2025-10-19 21:17:00,340 basehttp "GET / HTTP/1.1" 200 31937
WARNING 2025-10-19 21:17:02,420 log Not Found: /manager/manager_login/
WARNING 2025-10-19 21:17:02,421 basehttp "GET /manager/manager_login/ HTTP/1.1" 404 18163
WARNING 2025-10-19 21:17:08,535 log Not Found: /manager/manager_login/
WARNING 2025-10-19 21:17:08,536 basehttp "GET /manager/manager_login/ HTTP/1.1" 404 18163
WARNING 2025-10-19 21:17:40,711 log Not Found: /manager/manager_login/
WARNING 2025-10-19 21:17:40,712 basehttp "GET /manager/manager_login/ HTTP/1.1" 404 18163
INFO 2025-10-19 21:18:18,803 autoreload F:\cafenest\manager\views.py changed, reloading.
INFO 2025-10-19 21:18:20,336 autoreload Watching for file changes with StatReloader
INFO 2025-10-19 21:20:22,883 autoreload F:\cafenest\manager\views.py changed, reloading.
INFO 2025-10-19 21:20:24,987 autoreload Watching for file changes with StatReloader
WARNING 2025-10-19 21:20:29,664 log Not Found: /manager/manager_login/
WARNING 2025-10-19 21:20:29,672 basehttp "GET /manager/manager_login/ HTTP/1.1" 404 18163
INFO 2025-10-19 21:21:01,234 autoreload F:\cafenest\manager\views.py changed, reloading.
INFO 2025-10-19 21:21:02,183 autoreload Watching for file changes with StatReloader
INFO 2025-10-19 21:22:52,155 autoreload F:\cafenest\manager\urls.py changed, reloading.
INFO 2025-10-19 21:22:53,719 autoreload Watching for file changes with StatReloader
INFO 2025-10-19 21:23:01,517 basehttp "GET /manager/manager_login/ HTTP/1.1" 301 0
INFO 2025-10-19 21:23:01,546 basehttp "GET /manager/login/ HTTP/1.1" 200 4527
INFO 2025-10-19 21:23:37,738 basehttp "GET /manager/login/ HTTP/1.1" 200 4527
INFO 2025-10-19 21:23:41,577 basehttp "GET /login/ HTTP/1.1" 200 7216
INFO 2025-10-19 21:23:42,688 basehttp "GET /accounts/google/login/?process=login HTTP/1.1" 302 0
INFO 2025-10-19 21:23:52,631 basehttp "GET /accounts/google/login/callback/?state=FoZbcGjIr9cYwmCE&code=4%2F0AVGzR1AUT1oc0dqQNFJ3pEmdzV75TZUslPzSVlR0pstlz6R2gnS2Wp0ad27E19c-0Gqh3g&scope=email+profile+https%3A%2F%2Fwww.googleapis.com%2Fauth%2Fuserinfo.email+https%3A%2F%2Fwww.googleapis.com%2Fauth%2Fuserinfo.profile+openid&authuser=7&prompt=none HTTP/1.1" 302 0
INFO 2025-10-19 21:23:52,672 basehttp "GET /owner/dashboard/ HTTP/1.1" 200 11087
INFO 2025-10-19 21:23:56,227 basehttp "GET /staff/ HTTP/1.1" 200 13686
INFO 2025-10-19 21:23:58,512 basehttp "GET /staff/add/ HTTP/1.1" 200 6712
INFO 2025-10-19 21:24:36,027 basehttp "POST /staff/add/ HTTP/1.1" 302 0
INFO 2025-10-19 21:24:36,046 basehttp "GET /staff/ HTTP/1.1" 200 15754
INFO 2025-10-19 21:24:40,159 basehttp "GET /staff/toggle/8/ HTTP/1.1" 302 0
INFO 2025-10-19 21:24:40,180 basehttp "GET /staff/ HTTP/1.1" 200 15711
INFO 2025-10-19 21:24:49,278 basehttp "GET /logout/ HTTP/1.1" 302 0
INFO 2025-10-19 21:24:49,325 basehttp "GET / HTTP/1.1" 200 31929
INFO 2025-10-19 21:24:51,522 basehttp "GET /manager/login/ HTTP/1.1" 200 4698
INFO 2025-10-19 21:26:03,127 basehttp "POST /manager/login/ HTTP/1.1" 200 4685
INFO 2025-10-19 21:26:42,008 basehttp "POST /manager/login/ HTTP/1.1" 200 4685
WARNING 2025-10-19 21:27:58,026 log Not Found: /.well-known/appspecific/com.chrome.devtools.json
WARNING 2025-10-19 21:27:58,029 basehttp "GET /.well-known/appspecific/com.chrome.devtools.json HTTP/1.1" 404 12443
INFO 2025-10-19 21:29:18,457 autoreload F:\cafenest\manager\urls.py changed, reloading.
INFO 2025-10-19 21:29:20,043 autoreload Watching for file changes with StatReloader
INFO 2025-10-19 21:29:25,138 basehttp "GET / HTTP/1.1" 200 31929
WARNING 2025-10-19 21:29:27,509 log Not Found: /manager/login/
WARNING 2025-10-19 21:29:27,510 basehttp "GET /manager/login/ HTTP/1.1" 404 18147
WARNING 2025-10-19 21:29:45,603 log Not Found: /.well-known/appspecific/com.chrome.devtools.json
WARNING 2025-10-19 21:29:45,604 basehttp "GET /.well-known/appspecific/com.chrome.devtools.json HTTP/1.1" 404 12443
WARNING 2025-10-19 21:30:31,687 log Not Found: /manager/login/
WARNING 2025-10-19 21:30:31,689 basehttp "GET /manager/login/ HTTP/1.1" 404 18147
WARNING 2025-10-19 21:30:31,756 log Not Found: /.well-known/appspecific/com.chrome.devtools.json
WARNING 2025-10-19 21:30:31,757 basehttp "GET /.well-known/appspecific/com.chrome.devtools.json HTTP/1.1" 404 12443
WARNING 2025-10-19 21:30:34,328 log Not Found: /manager/login/
WARNING 2025-10-19 21:30:34,329 basehttp "GET /manager/login/ HTTP/1.1" 404 18147
WARNING 2025-10-19 21:30:34,379 log Not Found: /.well-known/appspecific/com.chrome.devtools.json
WARNING 2025-10-19 21:30:34,379 basehttp "GET /.well-known/appspecific/com.chrome.devtools.json HTTP/1.1" 404 12443
WARNING 2025-10-19 21:30:35,404 log Not Found: /manager/login/
WARNING 2025-10-19 21:30:35,405 basehttp "GET /manager/login/ HTTP/1.1" 404 18147
WARNING 2025-10-19 21:30:35,462 log Not Found: /.well-known/appspecific/com.chrome.devtools.json
WARNING 2025-10-19 21:30:35,464 basehttp "GET /.well-known/appspecific/com.chrome.devtools.json HTTP/1.1" 404 12443
WARNING 2025-10-19 21:30:36,623 log Not Found: /manager/login/
WARNING 2025-10-19 21:30:36,624 basehttp "GET /manager/login/ HTTP/1.1" 404 18147
WARNING 2025-10-19 21:30:36,714 log Not Found: /.well-known/appspecific/com.chrome.devtools.json
WARNING 2025-10-19 21:30:36,719 basehttp "GET /.well-known/appspecific/com.chrome.devtools.json HTTP/1.1" 404 12443
WARNING 2025-10-19 21:30:37,715 log Not Found: /manager/login/
WARNING 2025-10-19 21:30:37,716 basehttp "GET /manager/login/ HTTP/1.1" 404 18147
WARNING 2025-10-19 21:30:37,791 log Not Found: /.well-known/appspecific/com.chrome.devtools.json
WARNING 2025-10-19 21:30:37,792 basehttp "GET /.well-known/appspecific/com.chrome.devtools.json HTTP/1.1" 404 12443
WARNING 2025-10-19 21:31:08,656 log Not Found: /manager/login/
WARNING 2025-10-19 21:31:08,657 basehttp "GET /manager/login/ HTTP/1.1" 404 18147
WARNING 2025-10-19 21:31:08,710 log Not Found: /.well-known/appspecific/com.chrome.devtools.json
WARNING 2025-10-19 21:31:08,710 basehttp "GET /.well-known/appspecific/com.chrome.devtools.json HTTP/1.1" 404 12443
WARNING 2025-10-19 21:31:09,600 log Not Found: /manager/login/
WARNING 2025-10-19 21:31:09,601 basehttp "GET /manager/login/ HTTP/1.1" 404 18147
WARNING 2025-10-19 21:31:09,681 log Not Found: /.well-known/appspecific/com.chrome.devtools.json
WARNING 2025-10-19 21:31:09,692 basehttp "GET /.well-known/appspecific/com.chrome.devtools.json HTTP/1.1" 404 12443
WARNING 2025-10-19 21:31:10,757 log Not Found: /manager/login/
WARNING 2025-10-19 21:31:10,759 basehttp "GET /manager/login/ HTTP/1.1" 404 18147
WARNING 2025-10-19 21:31:10,856 log Not Found: /.well-known/appspecific/com.chrome.devtools.json
WARNING 2025-10-19 21:31:10,861 basehttp "GET /.well-known/appspecific/com.chrome.devtools.json HTTP/1.1" 404 12443
INFO 2025-10-19 21:32:30,217 autoreload F:\cafenest\manager\urls.py changed, reloading.
INFO 2025-10-19 21:32:31,747 autoreload Watching for file changes with StatReloader
ERROR 2025-10-19 21:32:36,699 log Internal Server Error: /manager/login/
Traceback (most recent call last):
  File "C:\Users\FRIDAY\AppData\Roaming\Python\Python313\site-packages\django\core\handlers\exception.py", line 55, in inner
    response = get_response(request)
  File "C:\Users\FRIDAY\AppData\Roaming\Python\Python313\site-packages\django\core\handlers\base.py", line 197, in _get_response
    response = wrapped_callback(request, *callback_args, **callback_kwargs)
  File "F:\cafenest\manager\views.py", line 77, in manager_login
    return render(request, 'manager/manager_login.html')
  File "C:\Users\FRIDAY\AppData\Roaming\Python\Python313\site-packages\django\shortcuts.py", line 25, in render
    content = loader.render_to_string(template_name, context, request, using=using)
  File "C:\Users\FRIDAY\AppData\Roaming\Python\Python313\site-packages\django\template\loader.py", line 61, in render_to_string
    template = get_template(template_name, using=using)
  File "C:\Users\FRIDAY\AppData\Roaming\Python\Python313\site-packages\django\template\loader.py", line 19, in get_template
    raise TemplateDoesNotExist(template_name, chain=chain)
django.template.exceptions.TemplateDoesNotExist: manager/manager_login.html
ERROR 2025-10-19 21:32:36,709 basehttp "GET /manager/login/ HTTP/1.1" 500 90353
WARNING 2025-10-19 21:32:36,788 log Not Found: /.well-known/appspecific/com.chrome.devtools.json
WARNING 2025-10-19 21:32:36,789 basehttp "GET /.well-known/appspecific/com.chrome.devtools.json HTTP/1.1" 404 12443
ERROR 2025-10-19 21:33:25,824 log Internal Server Error: /manager/login/
Traceback (most recent call last):
  File "C:\Users\FRIDAY\AppData\Roaming\Python\Python313\site-packages\django\core\handlers\exception.py", line 55, in inner
    response = get_response(request)
  File "C:\Users\FRIDAY\AppData\Roaming\Python\Python313\site-packages\django\core\handlers\base.py", line 197, in _get_response
    response = wrapped_callback(request, *callback_args, **callback_kwargs)
  File "F:\cafenest\manager\views.py", line 77, in manager_login
    return render(request, 'manager/manager_login.html')
  File "C:\Users\FRIDAY\AppData\Roaming\Python\Python313\site-packages\django\shortcuts.py", line 25, in render
    content = loader.render_to_string(template_name, context, request, using=using)
  File "C:\Users\FRIDAY\AppData\Roaming\Python\Python313\site-packages\django\template\loader.py", line 61, in render_to_string
    template = get_template(template_name, using=using)
  File "C:\Users\FRIDAY\AppData\Roaming\Python\Python313\site-packages\django\template\loader.py", line 19, in get_template
    raise TemplateDoesNotExist(template_name, chain=chain)
django.template.exceptions.TemplateDoesNotExist: manager/manager_login.html
ERROR 2025-10-19 21:33:25,832 basehttp "GET /manager/login/ HTTP/1.1" 500 90333
ERROR 2025-10-19 21:33:28,650 log Internal Server Error: /manager/login/
Traceback (most recent call last):
  File "C:\Users\FRIDAY\AppData\Roaming\Python\Python313\site-packages\django\core\handlers\exception.py", line 55, in inner
    response = get_response(request)
  File "C:\Users\FRIDAY\AppData\Roaming\Python\Python313\site-packages\django\core\handlers\base.py", line 197, in _get_response
    response = wrapped_callback(request, *callback_args, **callback_kwargs)
  File "F:\cafenest\manager\views.py", line 77, in manager_login
    return render(request, 'manager/manager_login.html')
  File "C:\Users\FRIDAY\AppData\Roaming\Python\Python313\site-packages\django\shortcuts.py", line 25, in render
    content = loader.render_to_string(template_name, context, request, using=using)
  File "C:\Users\FRIDAY\AppData\Roaming\Python\Python313\site-packages\django\template\loader.py", line 61, in render_to_string
    template = get_template(template_name, using=using)
  File "C:\Users\FRIDAY\AppData\Roaming\Python\Python313\site-packages\django\template\loader.py", line 19, in get_template
    raise TemplateDoesNotExist(template_name, chain=chain)
django.template.exceptions.TemplateDoesNotExist: manager/manager_login.html
ERROR 2025-10-19 21:33:28,652 basehttp "GET /manager/login/ HTTP/1.1" 500 90333
INFO 2025-10-19 21:38:06,379 basehttp "GET /manager/login/ HTTP/1.1" 200 5278
INFO 2025-10-19 21:39:38,530 basehttp "POST /manager/login/ HTTP/1.1" 200 5466
INFO 2025-10-19 21:39:51,844 basehttp "GET / HTTP/1.1" 200 31929
INFO 2025-10-19 21:39:53,486 basehttp "GET /login/ HTTP/1.1" 200 7216
INFO 2025-10-19 21:39:59,677 basehttp "GET /accounts/google/login/?process=login HTTP/1.1" 302 0
INFO 2025-10-19 21:40:04,068 basehttp "GET /accounts/google/login/callback/?state=75BcMCMoT782c3UV&code=4%2F0AVGzR1CDEqJeWmAO1IHjYfrS_23-8e6LpwIw1EUO0D0aPni2VtFyjEDNcZq8JCNOgQX7pQ&scope=email+profile+https%3A%2F%2Fwww.googleapis.com%2Fauth%2Fuserinfo.email+https%3A%2F%2Fwww.googleapis.com%2Fauth%2Fuserinfo.profile+openid&authuser=7&prompt=none HTTP/1.1" 302 0
INFO 2025-10-19 21:40:04,108 basehttp "GET /owner/dashboard/ HTTP/1.1" 200 11087
INFO 2025-10-19 21:40:15,488 basehttp "GET /staff/ HTTP/1.1" 200 15510
INFO 2025-10-19 21:40:22,386 basehttp "GET /staff/edit/8/ HTTP/1.1" 200 6786
INFO 2025-10-19 21:40:24,583 basehttp "GET /staff/ HTTP/1.1" 200 15510
INFO 2025-10-19 21:40:58,635 basehttp "POST /staff/delete/8/ HTTP/1.1" 302 0
INFO 2025-10-19 21:40:58,657 basehttp "GET /staff/ HTTP/1.1" 200 13885
INFO 2025-10-19 21:41:01,338 basehttp "GET /staff/add/ HTTP/1.1" 200 6712
INFO 2025-10-19 21:41:35,869 basehttp "POST /staff/add/ HTTP/1.1" 302 0
INFO 2025-10-19 21:41:35,895 basehttp "GET /staff/ HTTP/1.1" 200 15895
INFO 2025-10-19 21:41:41,173 basehttp "GET /staff/toggle/2/ HTTP/1.1" 302 0
INFO 2025-10-19 21:41:41,198 basehttp "GET /staff/ HTTP/1.1" 200 15715
INFO 2025-10-19 21:41:42,374 basehttp "GET /staff/toggle/9/ HTTP/1.1" 302 0
INFO 2025-10-19 21:41:42,396 basehttp "GET /staff/ HTTP/1.1" 200 15707
INFO 2025-10-19 21:41:54,410 basehttp "GET /logout/ HTTP/1.1" 302 0
INFO 2025-10-19 21:41:54,418 basehttp "GET / HTTP/1.1" 200 31929
INFO 2025-10-19 21:41:57,109 basehttp "GET /manager/login/ HTTP/1.1" 200 5479
INFO 2025-10-19 21:42:43,717 basehttp "POST /manager/login/ HTTP/1.1" 302 0
INFO 2025-10-19 21:42:43,824 basehttp "GET /manager/dashboard/ HTTP/1.1" 200 9339
INFO 2025-10-19 21:43:03,361 basehttp "GET /manager/menu/ HTTP/1.1" 200 8619
INFO 2025-10-19 21:43:06,562 basehttp "GET /manager/dashboard/ HTTP/1.1" 200 9186
INFO 2025-10-19 21:43:07,895 basehttp "GET /manager/menu/ HTTP/1.1" 200 8619
INFO 2025-10-19 21:43:09,689 basehttp "GET /manager/dashboard/ HTTP/1.1" 200 9186
INFO 2025-10-19 21:43:12,629 basehttp "GET /manager/dashboard/ HTTP/1.1" 200 9186
INFO 2025-10-19 21:43:16,255 basehttp "GET /manager/tables/ HTTP/1.1" 200 10489
INFO 2025-10-19 21:43:19,382 basehttp "GET /manager/menu/ HTTP/1.1" 200 8619
INFO 2025-10-19 21:43:21,243 basehttp "GET /manager/staff/ HTTP/1.1" 200 12860
INFO 2025-10-19 21:43:23,097 basehttp "GET /manager/orders/ HTTP/1.1" 200 6175
INFO 2025-10-19 21:44:03,879 basehttp "GET /manager/staff/ HTTP/1.1" 200 12860
INFO 2025-10-19 21:44:04,793 basehttp "GET /manager/menu/ HTTP/1.1" 200 8619
INFO 2025-10-19 21:44:06,093 basehttp "GET /manager/menu/ HTTP/1.1" 200 8619
INFO 2025-10-19 21:44:07,270 basehttp "GET /manager/dashboard/ HTTP/1.1" 200 9186
INFO 2025-10-19 21:44:41,895 basehttp "GET /manager/menu/ HTTP/1.1" 200 8619
INFO 2025-10-19 21:53:07,359 autoreload F:\cafenest\manager\urls.py changed, reloading.
INFO 2025-10-19 21:53:09,891 autoreload Watching for file changes with StatReloader
INFO 2025-10-19 22:26:14,591 autoreload F:\cafenest\manager\urls.py changed, reloading.
INFO 2025-10-19 22:26:19,052 autoreload Watching for file changes with StatReloader
INFO 2025-10-19 22:35:35,518 autoreload Watching for file changes with StatReloader
INFO 2025-10-19 22:35:40,925 basehttp "GET / HTTP/1.1" 302 0
INFO 2025-10-19 22:35:41,110 basehttp "GET /manager/dashboard/ HTTP/1.1" 200 9186
INFO 2025-10-19 22:35:45,894 basehttp "GET /manager/logout/ HTTP/1.1" 302 0
INFO 2025-10-19 22:35:45,916 basehttp "GET /manager/login/ HTTP/1.1" 200 5483
INFO 2025-10-19 22:35:52,857 basehttp "GET /manager/tables/ HTTP/1.1" 302 0
INFO 2025-10-19 22:35:52,875 basehttp "GET /manager/login/ HTTP/1.1" 200 5465
INFO 2025-10-19 22:35:56,739 basehttp "GET /manager/dashboard/ HTTP/1.1" 302 0
INFO 2025-10-19 22:35:56,758 basehttp "GET /manager/login/?next=/manager/dashboard/ HTTP/1.1" 200 5278
INFO 2025-10-19 22:37:39,976 basehttp "POST /manager/login/?next=/manager/dashboard/ HTTP/1.1" 200 5470
INFO 2025-10-19 22:38:08,972 basehttp "POST /manager/login/?next=/manager/dashboard/ HTTP/1.1" 200 5481
INFO 2025-10-19 22:38:51,332 autoreload F:\cafenest\owner\views.py changed, reloading.
INFO 2025-10-19 22:38:54,974 autoreload Watching for file changes with StatReloader
INFO 2025-10-19 22:40:10,147 autoreload F:\cafenest\manager\views.py changed, reloading.
INFO 2025-10-19 22:40:11,392 autoreload Watching for file changes with StatReloader
INFO 2025-10-19 22:42:34,342 autoreload Watching for file changes with StatReloader
INFO 2025-10-19 22:42:37,909 basehttp "GET / HTTP/1.1" 200 31929
INFO 2025-10-19 22:42:41,494 basehttp "GET /manager/login/ HTTP/1.1" 200 5278
INFO 2025-10-19 22:43:12,137 basehttp "POST /manager/login/ HTTP/1.1" 200 5481
INFO 2025-10-19 22:44:59,474 basehttp "GET /manager/login/ HTTP/1.1" 200 5278
INFO 2025-10-19 22:45:07,620 basehttp "GET / HTTP/1.1" 200 31929
INFO 2025-10-19 22:45:08,915 basehttp "GET /login/ HTTP/1.1" 200 7216
INFO 2025-10-19 22:45:10,163 basehttp "GET /accounts/google/login/?process=login HTTP/1.1" 302 0
INFO 2025-10-19 22:45:15,186 basehttp "GET /accounts/google/login/callback/?state=tzYdw7r6h0ftLagl&code=4%2F0AVGzR1CkLnqMBDPzRlXat7h0eS1dnlc3_jRreMJwZQIquYl9OR2tSi3nP7tGhT2fK3Ma-g&scope=email+profile+https%3A%2F%2Fwww.googleapis.com%2Fauth%2Fuserinfo.profile+https%3A%2F%2Fwww.googleapis.com%2Fauth%2Fuserinfo.email+openid&authuser=7&prompt=none HTTP/1.1" 302 0
INFO 2025-10-19 22:45:15,316 basehttp "GET /owner/dashboard/ HTTP/1.1" 200 11087
INFO 2025-10-19 22:45:17,799 basehttp "GET /staff/ HTTP/1.1" 200 15510
INFO 2025-10-19 22:45:34,337 basehttp "GET /staff/toggle/9/ HTTP/1.1" 302 0
INFO 2025-10-19 22:45:34,357 basehttp "GET /staff/ HTTP/1.1" 200 15711
INFO 2025-10-19 22:45:37,388 basehttp "GET /staff/add/ HTTP/1.1" 200 6712
INFO 2025-10-19 22:45:58,939 basehttp "POST /staff/add/ HTTP/1.1" 200 6980
INFO 2025-10-19 22:47:32,994 autoreload Watching for file changes with StatReloader
INFO 2025-10-19 22:49:59,599 autoreload F:\cafenest\manager\urls.py changed, reloading.
INFO 2025-10-19 22:50:00,984 autoreload Watching for file changes with StatReloader
INFO 2025-10-19 22:50:09,711 autoreload F:\cafenest\manager\forms.py changed, reloading.
INFO 2025-10-19 22:50:11,570 autoreload Watching for file changes with StatReloader
INFO 2025-10-19 22:50:21,387 autoreload F:\cafenest\manager\views.py changed, reloading.
INFO 2025-10-19 22:50:22,838 autoreload Watching for file changes with StatReloader
INFO 2025-10-19 22:51:13,459 basehttp "GET / HTTP/1.1" 200 31929
INFO 2025-10-19 22:51:26,867 basehttp "GET /manager/login/ HTTP/1.1" 200 5462
INFO 2025-10-19 22:51:43,202 basehttp "POST /manager/login/ HTTP/1.1" 200 5470
INFO 2025-10-19 22:51:52,650 basehttp "GET /manager/login/ HTTP/1.1" 200 5278
INFO 2025-10-19 22:51:56,483 basehttp "GET /login/ HTTP/1.1" 200 7216
INFO 2025-10-19 22:51:57,833 basehttp "GET /accounts/google/login/?process=login HTTP/1.1" 302 0
INFO 2025-10-19 22:52:05,469 basehttp "GET /accounts/google/login/callback/?state=0wo4iYWyi2TtMQLH&code=4%2F0AVGzR1DsZYeAMxNM3GlAQIx3yiv48JsblGSwPv_uF46V7imW9r1ymxDzaD3tj_ayOhUrdA&scope=email+profile+https%3A%2F%2Fwww.googleapis.com%2Fauth%2Fuserinfo.email+openid+https%3A%2F%2Fwww.googleapis.com%2Fauth%2Fuserinfo.profile&authuser=7&prompt=none HTTP/1.1" 302 0
INFO 2025-10-19 22:52:05,542 basehttp "GET /owner/dashboard/ HTTP/1.1" 200 10929
INFO 2025-10-19 22:52:09,938 basehttp "GET /cafes/add/ HTTP/1.1" 200 8220
INFO 2025-10-19 22:53:20,414 basehttp "POST /cafes/add/ HTTP/1.1" 302 0
INFO 2025-10-19 22:53:20,474 basehttp "GET /cafes/ HTTP/1.1" 200 10588
INFO 2025-10-19 22:53:25,897 basehttp "POST /cafes/toggle/1/ HTTP/1.1" 302 0
INFO 2025-10-19 22:53:25,913 basehttp "GET /cafes/ HTTP/1.1" 200 10595
INFO 2025-10-19 22:53:29,163 basehttp "GET /staff/ HTTP/1.1" 200 6531
INFO 2025-10-19 22:53:30,491 basehttp "GET /staff/add/ HTTP/1.1" 200 6717
INFO 2025-10-19 22:53:43,299 basehttp "POST /staff/add/ HTTP/1.1" 302 0
INFO 2025-10-19 22:53:43,323 basehttp "GET /staff/ HTTP/1.1" 200 8567
INFO 2025-10-19 22:53:46,234 basehttp "GET /staff/toggle/1/ HTTP/1.1" 302 0
INFO 2025-10-19 22:53:46,254 basehttp "GET /staff/ HTTP/1.1" 200 8377
INFO 2025-10-19 22:53:50,860 basehttp "GET /logout/ HTTP/1.1" 302 0
INFO 2025-10-19 22:53:50,866 basehttp "GET / HTTP/1.1" 200 31929
INFO 2025-10-19 22:53:52,624 basehttp "GET /login/ HTTP/1.1" 200 7417
INFO 2025-10-19 22:53:56,527 basehttp "GET / HTTP/1.1" 200 31929
INFO 2025-10-19 22:54:00,010 basehttp "GET /manager/login/ HTTP/1.1" 200 5278
INFO 2025-10-19 22:54:47,464 basehttp "POST /manager/login/ HTTP/1.1" 200 5481
WARNING 2025-10-19 22:55:16,113 log Not Found: /.well-known/appspecific/com.chrome.devtools.json
WARNING 2025-10-19 22:55:16,115 basehttp "GET /.well-known/appspecific/com.chrome.devtools.json HTTP/1.1" 404 12443
INFO 2025-10-19 22:57:42,930 autoreload F:\cafenest\manager\views.py changed, reloading.
INFO 2025-10-19 22:57:44,553 autoreload Watching for file changes with StatReloader
INFO 2025-10-19 22:58:10,295 basehttp "POST /manager/login/ HTTP/1.1" 200 5481
INFO 2025-10-19 22:58:56,905 basehttp "POST /manager/login/ HTTP/1.1" 200 5481
INFO 2025-10-19 22:59:02,980 basehttp "POST /manager/login/ HTTP/1.1" 200 5481
INFO 2025-10-19 22:59:05,170 basehttp "GET /manager/login/ HTTP/1.1" 200 5278
INFO 2025-10-19 22:59:08,015 basehttp "GET /manager/login/ HTTP/1.1" 200 5278
INFO 2025-10-19 22:59:34,846 basehttp "POST /manager/login/ HTTP/1.1" 200 5481
INFO 2025-10-19 23:01:09,431 autoreload F:\cafenest\owner\models.py changed, reloading.
INFO 2025-10-19 23:01:11,012 autoreload Watching for file changes with StatReloader
INFO 2025-10-19 23:01:25,697 autoreload F:\cafenest\manager\views.py changed, reloading.
INFO 2025-10-19 23:01:28,479 autoreload Watching for file changes with StatReloader
INFO 2025-10-19 23:01:50,606 autoreload F:\cafenest\manager\views.py changed, reloading.
INFO 2025-10-19 23:01:52,313 autoreload Watching for file changes with StatReloader
INFO 2025-10-19 23:02:05,176 autoreload F:\cafenest\manager\views.py changed, reloading.
INFO 2025-10-19 23:02:06,384 autoreload Watching for file changes with StatReloader
INFO 2025-10-19 23:02:15,815 basehttp "POST /manager/login/ HTTP/1.1" 302 0
INFO 2025-10-19 23:02:16,366 basehttp "GET /manager/dashboard/ HTTP/1.1" 302 0
INFO 2025-10-19 23:02:16,386 basehttp "GET /manager/login/ HTTP/1.1" 200 5594
INFO 2025-10-19 23:02:19,248 basehttp "GET /manager/login/ HTTP/1.1" 200 5278
INFO 2025-10-19 23:02:20,070 basehttp "GET / HTTP/1.1" 302 0
INFO 2025-10-19 23:02:20,080 basehttp "GET /manager/dashboard/ HTTP/1.1" 302 0
INFO 2025-10-19 23:02:20,091 basehttp "GET /manager/login/ HTTP/1.1" 200 5475
INFO 2025-10-19 23:02:20,792 basehttp "GET /staff/ HTTP/1.1" 200 6531
INFO 2025-10-19 23:02:24,805 basehttp "GET /staff/add/ HTTP/1.1" 200 6674
INFO 2025-10-19 23:02:26,470 basehttp "GET /cafes/ HTTP/1.1" 200 8539
INFO 2025-10-19 23:02:46,331 autoreload Watching for file changes with StatReloader
INFO 2025-10-19 23:02:51,071 basehttp "GET / HTTP/1.1" 302 0
INFO 2025-10-19 23:02:51,088 basehttp "GET /manager/dashboard/ HTTP/1.1" 302 0
INFO 2025-10-19 23:02:51,113 basehttp "GET /manager/login/ HTTP/1.1" 200 5475
INFO 2025-10-19 23:02:56,529 basehttp "GET /manager/login/ HTTP/1.1" 200 5278
INFO 2025-10-19 23:02:56,785 basehttp "GET /manager/login/ HTTP/1.1" 200 5278
INFO 2025-10-19 23:02:57,473 basehttp "GET /manager/login/ HTTP/1.1" 200 5278
INFO 2025-10-19 23:03:08,887 basehttp "GET / HTTP/1.1" 302 0
INFO 2025-10-19 23:03:08,902 basehttp "GET /manager/dashboard/ HTTP/1.1" 302 0
INFO 2025-10-19 23:03:08,912 basehttp "GET /manager/login/ HTTP/1.1" 200 5475
INFO 2025-10-19 23:03:11,220 basehttp "GET / HTTP/1.1" 302 0
INFO 2025-10-19 23:03:11,232 basehttp "GET /manager/dashboard/ HTTP/1.1" 302 0
INFO 2025-10-19 23:03:11,241 basehttp "GET /manager/login/ HTTP/1.1" 200 5475
INFO 2025-10-19 23:07:10,801 autoreload F:\cafenest\manager\views.py changed, reloading.
INFO 2025-10-19 23:07:13,116 autoreload Watching for file changes with StatReloader
INFO 2025-10-19 23:08:35,509 autoreload F:\cafenest\owner\views.py changed, reloading.
INFO 2025-10-19 23:08:37,226 autoreload Watching for file changes with StatReloader
INFO 2025-10-19 23:09:09,996 autoreload F:\cafenest\owner\views.py changed, reloading.
INFO 2025-10-19 23:09:11,341 autoreload Watching for file changes with StatReloader
INFO 2025-10-19 23:10:56,299 autoreload Watching for file changes with StatReloader
INFO 2025-10-19 23:11:32,224 autoreload F:\cafenest\owner\views.py changed, reloading.
INFO 2025-10-19 23:11:33,460 autoreload Watching for file changes with StatReloader
INFO 2025-10-19 23:12:25,374 autoreload Watching for file changes with StatReloader
INFO 2025-10-19 23:12:29,273 basehttp "GET / HTTP/1.1" 302 0
INFO 2025-10-19 23:12:29,287 basehttp "GET /manager/dashboard/ HTTP/1.1" 302 0
INFO 2025-10-19 23:12:29,308 basehttp "GET /manager/login/ HTTP/1.1" 200 5475
INFO 2025-10-19 23:12:43,341 basehttp "GET / HTTP/1.1" 302 0
INFO 2025-10-19 23:12:43,363 basehttp "GET /manager/dashboard/ HTTP/1.1" 302 0
INFO 2025-10-19 23:12:43,376 basehttp "GET /manager/login/ HTTP/1.1" 200 5475
INFO 2025-10-19 23:14:50,474 autoreload F:\cafenest\manager\views.py changed, reloading.
INFO 2025-10-19 23:14:51,808 autoreload Watching for file changes with StatReloader
INFO 2025-10-19 23:16:17,628 autoreload F:\cafenest\manager\urls.py changed, reloading.
INFO 2025-10-19 23:16:19,741 autoreload Watching for file changes with StatReloader
INFO 2025-10-19 23:17:09,686 autoreload F:\cafenest\manager\views.py changed, reloading.
INFO 2025-10-19 23:17:11,322 autoreload Watching for file changes with StatReloader
INFO 2025-10-19 23:17:15,023 basehttp "GET / HTTP/1.1" 302 0
INFO 2025-10-19 23:17:15,056 basehttp "GET /manager/dashboard/ HTTP/1.1" 302 0
INFO 2025-10-19 23:17:15,094 basehttp "GET /manager/login/ HTTP/1.1" 200 5475
INFO 2025-10-19 23:19:21,744 autoreload F:\cafenest\manager\views.py changed, reloading.
INFO 2025-10-19 23:19:24,692 autoreload Watching for file changes with StatReloader
INFO 2025-10-19 23:19:30,106 basehttp "GET / HTTP/1.1" 302 0
INFO 2025-10-19 23:19:30,128 basehttp "GET /manager/dashboard/ HTTP/1.1" 302 0
INFO 2025-10-19 23:19:30,157 basehttp "GET /manager/login/ HTTP/1.1" 200 5475
INFO 2025-10-19 23:19:47,966 basehttp "GET / HTTP/1.1" 302 0
INFO 2025-10-19 23:19:47,993 basehttp "GET /manager/dashboard/ HTTP/1.1" 302 0
INFO 2025-10-19 23:19:48,062 basehttp "GET /manager/login/ HTTP/1.1" 200 5475
INFO 2025-10-19 23:20:08,210 autoreload F:\cafenest\manager\forms.py changed, reloading.
INFO 2025-10-19 23:20:09,495 autoreload Watching for file changes with StatReloader
INFO 2025-10-19 23:20:13,296 basehttp "GET / HTTP/1.1" 302 0
INFO 2025-10-19 23:20:13,320 basehttp "GET /manager/dashboard/ HTTP/1.1" 302 0
INFO 2025-10-19 23:20:13,359 basehttp "GET /manager/login/ HTTP/1.1" 200 5475
INFO 2025-10-19 23:20:26,916 autoreload F:\cafenest\manager\urls.py changed, reloading.
INFO 2025-10-19 23:20:28,721 autoreload Watching for file changes with StatReloader
INFO 2025-10-19 23:20:55,354 autoreload Watching for file changes with StatReloader
INFO 2025-10-19 23:27:30,572 autoreload F:\cafenest\manager\views.py changed, reloading.
INFO 2025-10-19 23:27:32,215 autoreload Watching for file changes with StatReloader
INFO 2025-10-19 23:27:36,419 autoreload F:\cafenest\manager\views.py changed, reloading.
INFO 2025-10-19 23:27:39,036 autoreload Watching for file changes with StatReloader
INFO 2025-10-19 23:30:16,662 autoreload F:\cafenest\manager\forms.py changed, reloading.
INFO 2025-10-19 23:30:18,243 autoreload Watching for file changes with StatReloader
INFO 2025-10-19 23:30:36,517 autoreload F:\cafenest\manager\urls.py changed, reloading.
INFO 2025-10-19 23:30:37,794 autoreload Watching for file changes with StatReloader
INFO 2025-10-19 23:31:07,012 autoreload F:\cafenest\manager\apps.py changed, reloading.
INFO 2025-10-19 23:31:09,021 autoreload Watching for file changes with StatReloader
INFO 2025-10-19 23:31:21,131 basehttp "GET / HTTP/1.1" 302 0
INFO 2025-10-19 23:31:21,144 basehttp "GET /manager/dashboard/ HTTP/1.1" 302 0
INFO 2025-10-19 23:31:21,747 basehttp "GET /manager/login/ HTTP/1.1" 200 5475
WARNING 2025-10-19 23:31:22,006 log Not Found: /favicon.ico
WARNING 2025-10-19 23:31:22,007 basehttp "GET /favicon.ico HTTP/1.1" 404 12332
INFO 2025-10-19 23:32:09,531 autoreload Watching for file changes with StatReloader
INFO 2025-10-19 23:32:12,665 basehttp "GET / HTTP/1.1" 302 0
INFO 2025-10-19 23:32:12,680 basehttp "GET /manager/dashboard/ HTTP/1.1" 302 0
INFO 2025-10-19 23:32:12,706 basehttp "GET /manager/login/ HTTP/1.1" 200 5475
INFO 2025-10-19 23:34:50,781 autoreload Watching for file changes with StatReloader
INFO 2025-10-19 23:34:55,197 basehttp "GET / HTTP/1.1" 302 0
INFO 2025-10-19 23:34:55,215 basehttp "GET /manager/dashboard/ HTTP/1.1" 302 0
INFO 2025-10-19 23:34:55,241 basehttp "GET /manager/login/ HTTP/1.1" 200 5475
INFO 2025-10-19 23:36:36,029 autoreload Watching for file changes with StatReloader
ERROR 2025-10-19 23:36:39,569 log Internal Server Error: /
Traceback (most recent call last):
  File "C:\Users\FRIDAY\AppData\Roaming\Python\Python313\site-packages\django\contrib\sessions\backends\base.py", line 244, in _get_session
    return self._session_cache
           ^^^^^^^^^^^^^^^^^^^
AttributeError: 'SessionStore' object has no attribute '_session_cache'

During handling of the above exception, another exception occurred:

Traceback (most recent call last):
  File "C:\Users\FRIDAY\AppData\Roaming\Python\Python313\site-packages\django\db\backends\utils.py", line 105, in _execute
    return self.cursor.execute(sql, params)
           ~~~~~~~~~~~~~~~~~~~^^^^^^^^^^^^^
  File "C:\Users\FRIDAY\AppData\Roaming\Python\Python313\site-packages\django\db\backends\mysql\base.py", line 76, in execute
    return self.cursor.execute(query, args)
           ~~~~~~~~~~~~~~~~~~~^^^^^^^^^^^^^
  File "C:\Users\FRIDAY\AppData\Roaming\Python\Python313\site-packages\MySQLdb\cursors.py", line 179, in execute
    res = self._query(mogrified_query)
  File "C:\Users\FRIDAY\AppData\Roaming\Python\Python313\site-packages\MySQLdb\cursors.py", line 330, in _query
    db.query(q)
    ~~~~~~~~^^^
  File "C:\Users\FRIDAY\AppData\Roaming\Python\Python313\site-packages\MySQLdb\connections.py", line 280, in query
    _mysql.connection.query(self, query)
    ~~~~~~~~~~~~~~~~~~~~~~~^^^^^^^^^^^^^
MySQLdb.ProgrammingError: (1146, "Table 'cafenest.django_session' doesn't exist")

The above exception was the direct cause of the following exception:

Traceback (most recent call last):
  File "C:\Users\FRIDAY\AppData\Roaming\Python\Python313\site-packages\django\core\handlers\exception.py", line 55, in inner
    response = get_response(request)
  File "C:\Users\FRIDAY\AppData\Roaming\Python\Python313\site-packages\django\core\handlers\base.py", line 197, in _get_response
    response = wrapped_callback(request, *callback_args, **callback_kwargs)
  File "F:\cafenest\owner\views.py", line 187, in home
    if request.user.is_authenticated:
       ^^^^^^^^^^^^^^^^^^^^^^^^^^^^^
  File "C:\Users\FRIDAY\AppData\Roaming\Python\Python313\site-packages\django\utils\functional.py", line 251, in inner
    self._setup()
    ~~~~~~~~~~~^^
  File "C:\Users\FRIDAY\AppData\Roaming\Python\Python313\site-packages\django\utils\functional.py", line 404, in _setup
    self._wrapped = self._setupfunc()
                    ~~~~~~~~~~~~~~~^^
  File "C:\Users\FRIDAY\AppData\Roaming\Python\Python313\site-packages\django\contrib\auth\middleware.py", line 40, in <lambda>
    request.user = SimpleLazyObject(lambda: get_user(request))
                                            ~~~~~~~~^^^^^^^^^
  File "C:\Users\FRIDAY\AppData\Roaming\Python\Python313\site-packages\django\contrib\auth\middleware.py", line 20, in get_user
    request._cached_user = auth.get_user(request)
                           ~~~~~~~~~~~~~^^^^^^^^^
  File "C:\Users\FRIDAY\AppData\Roaming\Python\Python313\site-packages\django\contrib\auth\__init__.py", line 304, in get_user
    user_id = _get_user_session_key(request)
  File "C:\Users\FRIDAY\AppData\Roaming\Python\Python313\site-packages\django\contrib\auth\__init__.py", line 95, in _get_user_session_key
    return get_user_model()._meta.pk.to_python(request.session[SESSION_KEY])
                                               ~~~~~~~~~~~~~~~^^^^^^^^^^^^^
  File "C:\Users\FRIDAY\AppData\Roaming\Python\Python313\site-packages\django\contrib\sessions\backends\base.py", line 55, in __getitem__
    return self._session[key]
           ^^^^^^^^^^^^^
  File "C:\Users\FRIDAY\AppData\Roaming\Python\Python313\site-packages\django\contrib\sessions\backends\base.py", line 249, in _get_session
    self._session_cache = self.load()
                          ~~~~~~~~~^^
  File "C:\Users\FRIDAY\AppData\Roaming\Python\Python313\site-packages\django\contrib\sessions\backends\db.py", line 55, in load
    s = self._get_session_from_db()
  File "C:\Users\FRIDAY\AppData\Roaming\Python\Python313\site-packages\django\contrib\sessions\backends\db.py", line 34, in _get_session_from_db
    return self.model.objects.get(
           ~~~~~~~~~~~~~~~~~~~~~~^
        session_key=self.session_key, expire_date__gt=timezone.now()
        ^^^^^^^^^^^^^^^^^^^^^^^^^^^^^^^^^^^^^^^^^^^^^^^^^^^^^^^^^^^^
    )
    ^
  File "C:\Users\FRIDAY\AppData\Roaming\Python\Python313\site-packages\django\db\models\manager.py", line 87, in manager_method
    return getattr(self.get_queryset(), name)(*args, **kwargs)
           ~~~~~~~~~~~~~~~~~~~~~~~~~~~~~~~~~~^^^^^^^^^^^^^^^^^
  File "C:\Users\FRIDAY\AppData\Roaming\Python\Python313\site-packages\django\db\models\query.py", line 629, in get
    num = len(clone)
  File "C:\Users\FRIDAY\AppData\Roaming\Python\Python313\site-packages\django\db\models\query.py", line 366, in __len__
    self._fetch_all()
    ~~~~~~~~~~~~~~~^^
  File "C:\Users\FRIDAY\AppData\Roaming\Python\Python313\site-packages\django\db\models\query.py", line 1949, in _fetch_all
    self._result_cache = list(self._iterable_class(self))
                         ~~~~^^^^^^^^^^^^^^^^^^^^^^^^^^^^
  File "C:\Users\FRIDAY\AppData\Roaming\Python\Python313\site-packages\django\db\models\query.py", line 91, in __iter__
    results = compiler.execute_sql(
        chunked_fetch=self.chunked_fetch, chunk_size=self.chunk_size
    )
  File "C:\Users\FRIDAY\AppData\Roaming\Python\Python313\site-packages\django\db\models\sql\compiler.py", line 1623, in execute_sql
    cursor.execute(sql, params)
    ~~~~~~~~~~~~~~^^^^^^^^^^^^^
  File "C:\Users\FRIDAY\AppData\Roaming\Python\Python313\site-packages\django\db\backends\utils.py", line 122, in execute
    return super().execute(sql, params)
           ~~~~~~~~~~~~~~~^^^^^^^^^^^^^
  File "C:\Users\FRIDAY\AppData\Roaming\Python\Python313\site-packages\django\db\backends\utils.py", line 79, in execute
    return self._execute_with_wrappers(
           ~~~~~~~~~~~~~~~~~~~~~~~~~~~^
        sql, params, many=False, executor=self._execute
        ^^^^^^^^^^^^^^^^^^^^^^^^^^^^^^^^^^^^^^^^^^^^^^^
    )
    ^
  File "C:\Users\FRIDAY\AppData\Roaming\Python\Python313\site-packages\django\db\backends\utils.py", line 92, in _execute_with_wrappers
    return executor(sql, params, many, context)
  File "C:\Users\FRIDAY\AppData\Roaming\Python\Python313\site-packages\django\db\backends\utils.py", line 100, in _execute
    with self.db.wrap_database_errors:
         ^^^^^^^^^^^^^^^^^^^^^^^^^^^^
  File "C:\Users\FRIDAY\AppData\Roaming\Python\Python313\site-packages\django\db\utils.py", line 91, in __exit__
    raise dj_exc_value.with_traceback(traceback) from exc_value
  File "C:\Users\FRIDAY\AppData\Roaming\Python\Python313\site-packages\django\db\backends\utils.py", line 105, in _execute
    return self.cursor.execute(sql, params)
           ~~~~~~~~~~~~~~~~~~~^^^^^^^^^^^^^
  File "C:\Users\FRIDAY\AppData\Roaming\Python\Python313\site-packages\django\db\backends\mysql\base.py", line 76, in execute
    return self.cursor.execute(query, args)
           ~~~~~~~~~~~~~~~~~~~^^^^^^^^^^^^^
  File "C:\Users\FRIDAY\AppData\Roaming\Python\Python313\site-packages\MySQLdb\cursors.py", line 179, in execute
    res = self._query(mogrified_query)
  File "C:\Users\FRIDAY\AppData\Roaming\Python\Python313\site-packages\MySQLdb\cursors.py", line 330, in _query
    db.query(q)
    ~~~~~~~~^^^
  File "C:\Users\FRIDAY\AppData\Roaming\Python\Python313\site-packages\MySQLdb\connections.py", line 280, in query
    _mysql.connection.query(self, query)
    ~~~~~~~~~~~~~~~~~~~~~~~^^^^^^^^^^^^^
django.db.utils.ProgrammingError: (1146, "Table 'cafenest.django_session' doesn't exist")
ERROR 2025-10-19 23:36:39,589 basehttp "GET / HTTP/1.1" 500 214915
INFO 2025-10-20 00:06:29,187 autoreload Watching for file changes with StatReloader
INFO 2025-10-20 00:27:05,570 autoreload Watching for file changes with StatReloader
INFO 2025-10-20 00:28:40,200 autoreload F:\cafenest\manager\urls.py changed, reloading.
INFO 2025-10-20 00:28:41,968 autoreload Watching for file changes with StatReloader
INFO 2025-10-20 00:29:37,463 autoreload Watching for file changes with StatReloader
INFO 2025-10-20 00:30:17,340 autoreload F:\cafenest\manager\decorators.py changed, reloading.
INFO 2025-10-20 00:30:18,961 autoreload Watching for file changes with StatReloader
INFO 2025-10-20 00:31:18,132 autoreload F:\cafenest\manager\forms.py changed, reloading.
INFO 2025-10-20 00:31:24,072 autoreload Watching for file changes with StatReloader
ERROR 2025-10-20 00:31:36,619 log Internal Server Error: /
Traceback (most recent call last):
  File "C:\Users\FRIDAY\AppData\Roaming\Python\Python313\site-packages\django\contrib\sessions\backends\base.py", line 244, in _get_session
    return self._session_cache
           ^^^^^^^^^^^^^^^^^^^
AttributeError: 'SessionStore' object has no attribute '_session_cache'

During handling of the above exception, another exception occurred:

Traceback (most recent call last):
  File "C:\Users\FRIDAY\AppData\Roaming\Python\Python313\site-packages\django\db\backends\utils.py", line 105, in _execute
    return self.cursor.execute(sql, params)
           ~~~~~~~~~~~~~~~~~~~^^^^^^^^^^^^^
  File "C:\Users\FRIDAY\AppData\Roaming\Python\Python313\site-packages\django\db\backends\mysql\base.py", line 76, in execute
    return self.cursor.execute(query, args)
           ~~~~~~~~~~~~~~~~~~~^^^^^^^^^^^^^
  File "C:\Users\FRIDAY\AppData\Roaming\Python\Python313\site-packages\MySQLdb\cursors.py", line 179, in execute
    res = self._query(mogrified_query)
  File "C:\Users\FRIDAY\AppData\Roaming\Python\Python313\site-packages\MySQLdb\cursors.py", line 330, in _query
    db.query(q)
    ~~~~~~~~^^^
  File "C:\Users\FRIDAY\AppData\Roaming\Python\Python313\site-packages\MySQLdb\connections.py", line 280, in query
    _mysql.connection.query(self, query)
    ~~~~~~~~~~~~~~~~~~~~~~~^^^^^^^^^^^^^
MySQLdb.ProgrammingError: (1146, "Table 'cafenest.django_session' doesn't exist")

The above exception was the direct cause of the following exception:

Traceback (most recent call last):
  File "C:\Users\FRIDAY\AppData\Roaming\Python\Python313\site-packages\django\core\handlers\exception.py", line 55, in inner
    response = get_response(request)
  File "C:\Users\FRIDAY\AppData\Roaming\Python\Python313\site-packages\django\core\handlers\base.py", line 197, in _get_response
    response = wrapped_callback(request, *callback_args, **callback_kwargs)
  File "F:\cafenest\owner\views.py", line 187, in home
    if request.user.is_authenticated:
       ^^^^^^^^^^^^^^^^^^^^^^^^^^^^^
  File "C:\Users\FRIDAY\AppData\Roaming\Python\Python313\site-packages\django\utils\functional.py", line 251, in inner
    self._setup()
    ~~~~~~~~~~~^^
  File "C:\Users\FRIDAY\AppData\Roaming\Python\Python313\site-packages\django\utils\functional.py", line 404, in _setup
    self._wrapped = self._setupfunc()
                    ~~~~~~~~~~~~~~~^^
  File "C:\Users\FRIDAY\AppData\Roaming\Python\Python313\site-packages\django\contrib\auth\middleware.py", line 40, in <lambda>
    request.user = SimpleLazyObject(lambda: get_user(request))
                                            ~~~~~~~~^^^^^^^^^
  File "C:\Users\FRIDAY\AppData\Roaming\Python\Python313\site-packages\django\contrib\auth\middleware.py", line 20, in get_user
    request._cached_user = auth.get_user(request)
                           ~~~~~~~~~~~~~^^^^^^^^^
  File "C:\Users\FRIDAY\AppData\Roaming\Python\Python313\site-packages\django\contrib\auth\__init__.py", line 304, in get_user
    user_id = _get_user_session_key(request)
  File "C:\Users\FRIDAY\AppData\Roaming\Python\Python313\site-packages\django\contrib\auth\__init__.py", line 95, in _get_user_session_key
    return get_user_model()._meta.pk.to_python(request.session[SESSION_KEY])
                                               ~~~~~~~~~~~~~~~^^^^^^^^^^^^^
  File "C:\Users\FRIDAY\AppData\Roaming\Python\Python313\site-packages\django\contrib\sessions\backends\base.py", line 55, in __getitem__
    return self._session[key]
           ^^^^^^^^^^^^^
  File "C:\Users\FRIDAY\AppData\Roaming\Python\Python313\site-packages\django\contrib\sessions\backends\base.py", line 249, in _get_session
    self._session_cache = self.load()
                          ~~~~~~~~~^^
  File "C:\Users\FRIDAY\AppData\Roaming\Python\Python313\site-packages\django\contrib\sessions\backends\db.py", line 55, in load
    s = self._get_session_from_db()
  File "C:\Users\FRIDAY\AppData\Roaming\Python\Python313\site-packages\django\contrib\sessions\backends\db.py", line 34, in _get_session_from_db
    return self.model.objects.get(
           ~~~~~~~~~~~~~~~~~~~~~~^
        session_key=self.session_key, expire_date__gt=timezone.now()
        ^^^^^^^^^^^^^^^^^^^^^^^^^^^^^^^^^^^^^^^^^^^^^^^^^^^^^^^^^^^^
    )
    ^
  File "C:\Users\FRIDAY\AppData\Roaming\Python\Python313\site-packages\django\db\models\manager.py", line 87, in manager_method
    return getattr(self.get_queryset(), name)(*args, **kwargs)
           ~~~~~~~~~~~~~~~~~~~~~~~~~~~~~~~~~~^^^^^^^^^^^^^^^^^
  File "C:\Users\FRIDAY\AppData\Roaming\Python\Python313\site-packages\django\db\models\query.py", line 629, in get
    num = len(clone)
  File "C:\Users\FRIDAY\AppData\Roaming\Python\Python313\site-packages\django\db\models\query.py", line 366, in __len__
    self._fetch_all()
    ~~~~~~~~~~~~~~~^^
  File "C:\Users\FRIDAY\AppData\Roaming\Python\Python313\site-packages\django\db\models\query.py", line 1949, in _fetch_all
    self._result_cache = list(self._iterable_class(self))
                         ~~~~^^^^^^^^^^^^^^^^^^^^^^^^^^^^
  File "C:\Users\FRIDAY\AppData\Roaming\Python\Python313\site-packages\django\db\models\query.py", line 91, in __iter__
    results = compiler.execute_sql(
        chunked_fetch=self.chunked_fetch, chunk_size=self.chunk_size
    )
  File "C:\Users\FRIDAY\AppData\Roaming\Python\Python313\site-packages\django\db\models\sql\compiler.py", line 1623, in execute_sql
    cursor.execute(sql, params)
    ~~~~~~~~~~~~~~^^^^^^^^^^^^^
  File "C:\Users\FRIDAY\AppData\Roaming\Python\Python313\site-packages\django\db\backends\utils.py", line 122, in execute
    return super().execute(sql, params)
           ~~~~~~~~~~~~~~~^^^^^^^^^^^^^
  File "C:\Users\FRIDAY\AppData\Roaming\Python\Python313\site-packages\django\db\backends\utils.py", line 79, in execute
    return self._execute_with_wrappers(
           ~~~~~~~~~~~~~~~~~~~~~~~~~~~^
        sql, params, many=False, executor=self._execute
        ^^^^^^^^^^^^^^^^^^^^^^^^^^^^^^^^^^^^^^^^^^^^^^^
    )
    ^
  File "C:\Users\FRIDAY\AppData\Roaming\Python\Python313\site-packages\django\db\backends\utils.py", line 92, in _execute_with_wrappers
    return executor(sql, params, many, context)
  File "C:\Users\FRIDAY\AppData\Roaming\Python\Python313\site-packages\django\db\backends\utils.py", line 100, in _execute
    with self.db.wrap_database_errors:
         ^^^^^^^^^^^^^^^^^^^^^^^^^^^^
  File "C:\Users\FRIDAY\AppData\Roaming\Python\Python313\site-packages\django\db\utils.py", line 91, in __exit__
    raise dj_exc_value.with_traceback(traceback) from exc_value
  File "C:\Users\FRIDAY\AppData\Roaming\Python\Python313\site-packages\django\db\backends\utils.py", line 105, in _execute
    return self.cursor.execute(sql, params)
           ~~~~~~~~~~~~~~~~~~~^^^^^^^^^^^^^
  File "C:\Users\FRIDAY\AppData\Roaming\Python\Python313\site-packages\django\db\backends\mysql\base.py", line 76, in execute
    return self.cursor.execute(query, args)
           ~~~~~~~~~~~~~~~~~~~^^^^^^^^^^^^^
  File "C:\Users\FRIDAY\AppData\Roaming\Python\Python313\site-packages\MySQLdb\cursors.py", line 179, in execute
    res = self._query(mogrified_query)
  File "C:\Users\FRIDAY\AppData\Roaming\Python\Python313\site-packages\MySQLdb\cursors.py", line 330, in _query
    db.query(q)
    ~~~~~~~~^^^
  File "C:\Users\FRIDAY\AppData\Roaming\Python\Python313\site-packages\MySQLdb\connections.py", line 280, in query
    _mysql.connection.query(self, query)
    ~~~~~~~~~~~~~~~~~~~~~~~^^^^^^^^^^^^^
django.db.utils.ProgrammingError: (1146, "Table 'cafenest.django_session' doesn't exist")
ERROR 2025-10-20 00:31:36,931 basehttp "GET / HTTP/1.1" 500 215220
INFO 2025-10-20 00:32:37,464 autoreload Watching for file changes with StatReloader
INFO 2025-10-20 00:32:40,672 basehttp "GET / HTTP/1.1" 200 27107
ERROR 2025-10-20 00:32:46,243 log Internal Server Error: /manager/login/
Traceback (most recent call last):
  File "C:\Users\FRIDAY\AppData\Roaming\Python\Python313\site-packages\django\core\handlers\exception.py", line 55, in inner
    response = get_response(request)
  File "C:\Users\FRIDAY\AppData\Roaming\Python\Python313\site-packages\django\core\handlers\base.py", line 197, in _get_response
    response = wrapped_callback(request, *callback_args, **callback_kwargs)
  File "F:\cafenest\manager\views.py", line 69, in manager_login
    return render(request, 'manager/manager_login.html')
  File "C:\Users\FRIDAY\AppData\Roaming\Python\Python313\site-packages\django\shortcuts.py", line 25, in render
    content = loader.render_to_string(template_name, context, request, using=using)
  File "C:\Users\FRIDAY\AppData\Roaming\Python\Python313\site-packages\django\template\loader.py", line 61, in render_to_string
    template = get_template(template_name, using=using)
  File "C:\Users\FRIDAY\AppData\Roaming\Python\Python313\site-packages\django\template\loader.py", line 19, in get_template
    raise TemplateDoesNotExist(template_name, chain=chain)
django.template.exceptions.TemplateDoesNotExist: manager/manager_login.html
ERROR 2025-10-20 00:32:46,247 basehttp "GET /manager/login/ HTTP/1.1" 500 90423
INFO 2025-10-20 00:33:48,981 autoreload Watching for file changes with StatReloader
INFO 2025-10-20 00:33:52,419 basehttp "GET / HTTP/1.1" 200 27107
INFO 2025-10-20 00:33:54,638 basehttp "GET /manager/login/ HTTP/1.1" 200 4139
INFO 2025-10-20 00:34:01,695 basehttp "GET / HTTP/1.1" 200 27107
INFO 2025-10-20 00:34:09,417 basehttp "GET /login/ HTTP/1.1" 200 7216
INFO 2025-10-20 00:34:10,373 basehttp "GET /accounts/google/login/?process=login HTTP/1.1" 302 0
INFO 2025-10-20 00:34:15,958 basehttp "GET /accounts/google/login/callback/?state=fzuAzCddiaY5pv0F&code=4%2F0AVGzR1ALHAHnUucpBqPqIiNQFWTdkBZxeiTwgGKCjHQje8cYTWuSvFL-ozU4vOBddYkp_g&scope=email+profile+https%3A%2F%2Fwww.googleapis.com%2Fauth%2Fuserinfo.email+openid+https%3A%2F%2Fwww.googleapis.com%2Fauth%2Fuserinfo.profile&authuser=7&prompt=none HTTP/1.1" 302 0
INFO 2025-10-20 00:34:16,105 basehttp "GET /owner/dashboard/ HTTP/1.1" 200 10929
INFO 2025-10-20 00:34:18,845 basehttp "GET /staff/ HTTP/1.1" 200 6531
INFO 2025-10-20 00:34:21,067 basehttp "GET /cafes/ HTTP/1.1" 200 8539
INFO 2025-10-20 00:34:26,099 basehttp "GET /cafes/add/ HTTP/1.1" 200 8220
INFO 2025-10-20 00:34:59,596 basehttp "POST /cafes/add/ HTTP/1.1" 302 0
INFO 2025-10-20 00:34:59,612 basehttp "GET /cafes/ HTTP/1.1" 200 10588
INFO 2025-10-20 00:35:04,437 basehttp "POST /cafes/toggle/1/ HTTP/1.1" 302 0
INFO 2025-10-20 00:35:04,448 basehttp "GET /cafes/ HTTP/1.1" 200 10595
INFO 2025-10-20 00:35:10,096 basehttp "GET /staff/ HTTP/1.1" 200 6531
INFO 2025-10-20 00:35:11,578 basehttp "GET /staff/add/ HTTP/1.1" 200 6717
INFO 2025-10-20 00:35:46,716 basehttp "POST /staff/add/ HTTP/1.1" 302 0
INFO 2025-10-20 00:35:46,729 basehttp "GET /staff/ HTTP/1.1" 200 8567
INFO 2025-10-20 00:35:49,541 basehttp "GET /staff/toggle/1/ HTTP/1.1" 302 0
INFO 2025-10-20 00:35:49,557 basehttp "GET /staff/ HTTP/1.1" 200 8377
INFO 2025-10-20 00:35:56,126 basehttp "GET /logout/ HTTP/1.1" 302 0
INFO 2025-10-20 00:35:56,135 basehttp "GET / HTTP/1.1" 200 27107
INFO 2025-10-20 00:35:59,055 basehttp "GET /manager/login/ HTTP/1.1" 200 4469
ERROR 2025-10-20 00:36:53,253 log Internal Server Error: /manager/login/
Traceback (most recent call last):
  File "C:\Users\FRIDAY\AppData\Roaming\Python\Python313\site-packages\django\core\handlers\exception.py", line 55, in inner
    response = get_response(request)
  File "C:\Users\FRIDAY\AppData\Roaming\Python\Python313\site-packages\django\core\handlers\base.py", line 197, in _get_response
    response = wrapped_callback(request, *callback_args, **callback_kwargs)
  File "F:\cafenest\manager\views.py", line 47, in manager_login
    staff = Staff.objects.select_related('cafe').get(
        user=user,
        role='manager',
        is_active=True
    )
  File "C:\Users\FRIDAY\AppData\Roaming\Python\Python313\site-packages\django\db\models\query.py", line 619, in get
    clone = self._chain() if self.query.combinator else self.filter(*args, **kwargs)
                                                        ~~~~~~~~~~~^^^^^^^^^^^^^^^^^
  File "C:\Users\FRIDAY\AppData\Roaming\Python\Python313\site-packages\django\db\models\query.py", line 1493, in filter
    return self._filter_or_exclude(False, args, kwargs)
           ~~~~~~~~~~~~~~~~~~~~~~~^^^^^^^^^^^^^^^^^^^^^
  File "C:\Users\FRIDAY\AppData\Roaming\Python\Python313\site-packages\django\db\models\query.py", line 1511, in _filter_or_exclude
    clone._filter_or_exclude_inplace(negate, args, kwargs)
    ~~~~~~~~~~~~~~~~~~~~~~~~~~~~~~~~^^^^^^^^^^^^^^^^^^^^^^
  File "C:\Users\FRIDAY\AppData\Roaming\Python\Python313\site-packages\django\db\models\query.py", line 1518, in _filter_or_exclude_inplace
    self._query.add_q(Q(*args, **kwargs))
    ~~~~~~~~~~~~~~~~~^^^^^^^^^^^^^^^^^^^^
  File "C:\Users\FRIDAY\AppData\Roaming\Python\Python313\site-packages\django\db\models\sql\query.py", line 1646, in add_q
    clause, _ = self._add_q(q_object, can_reuse)
                ~~~~~~~~~~~^^^^^^^^^^^^^^^^^^^^^
  File "C:\Users\FRIDAY\AppData\Roaming\Python\Python313\site-packages\django\db\models\sql\query.py", line 1678, in _add_q
    child_clause, needed_inner = self.build_filter(
                                 ~~~~~~~~~~~~~~~~~^
        child,
        ^^^^^^
    ...<7 lines>...
        update_join_types=update_join_types,
        ^^^^^^^^^^^^^^^^^^^^^^^^^^^^^^^^^^^^
    )
    ^
  File "C:\Users\FRIDAY\AppData\Roaming\Python\Python313\site-packages\django\db\models\sql\query.py", line 1526, in build_filter
    lookups, parts, reffed_expression = self.solve_lookup_type(arg, summarize)
                                        ~~~~~~~~~~~~~~~~~~~~~~^^^^^^^^^^^^^^^^
  File "C:\Users\FRIDAY\AppData\Roaming\Python\Python313\site-packages\django\db\models\sql\query.py", line 1333, in solve_lookup_type
    _, field, _, lookup_parts = self.names_to_path(lookup_splitted, self.get_meta())
                                ~~~~~~~~~~~~~~~~~~^^^^^^^^^^^^^^^^^^^^^^^^^^^^^^^^^^
  File "C:\Users\FRIDAY\AppData\Roaming\Python\Python313\site-packages\django\db\models\sql\query.py", line 1806, in names_to_path
    raise FieldError(
    ...<2 lines>...
    )
django.core.exceptions.FieldError: Cannot resolve keyword 'is_active' into field. Choices are: cafe, cafe_id, created_at, email, id, joining_date, name, phone, role, salary, status, updated_at, user, user_id
ERROR 2025-10-20 00:36:53,259 basehttp "POST /manager/login/ HTTP/1.1" 500 121942
INFO 2025-10-20 00:38:51,424 autoreload F:\cafenest\manager\views.py changed, reloading.
INFO 2025-10-20 00:38:53,011 autoreload Watching for file changes with StatReloader
INFO 2025-10-20 00:38:59,126 basehttp "GET / HTTP/1.1" 200 27107
ERROR 2025-10-20 00:39:04,664 basehttp "POST /manager/login/ HTTP/1.1" 500 139294
INFO 2025-10-20 00:39:13,249 basehttp "GET /manager/login/ HTTP/1.1" 200 4139
ERROR 2025-10-20 00:39:36,248 basehttp "POST /manager/login/ HTTP/1.1" 500 139294
INFO 2025-10-20 00:41:51,967 autoreload F:\cafenest\manager\decorators.py changed, reloading.
INFO 2025-10-20 00:41:53,903 autoreload Watching for file changes with StatReloader
INFO 2025-10-20 00:41:57,927 basehttp "GET / HTTP/1.1" 200 27107
INFO 2025-10-20 00:42:00,619 basehttp "GET /manager/login/ HTTP/1.1" 200 4139
ERROR 2025-10-20 00:42:25,558 basehttp "POST /manager/login/ HTTP/1.1" 500 139294
INFO 2025-10-20 00:44:19,292 basehttp "GET /login/ HTTP/1.1" 200 7216
INFO 2025-10-20 00:44:20,550 basehttp "GET /accounts/google/login/?process=login HTTP/1.1" 302 0
INFO 2025-10-20 00:44:26,830 basehttp "GET /accounts/google/login/callback/?state=XtPHU3t6OaaZHXcw&code=4%2F0AVGzR1D6HqgWdONTwI0z-xbxRmWRIW4bXyPNMhJ7ioArsZTdpg4DeUGkV-lxjeTPvTCJCA&scope=email+profile+https%3A%2F%2Fwww.googleapis.com%2Fauth%2Fuserinfo.email+https%3A%2F%2Fwww.googleapis.com%2Fauth%2Fuserinfo.profile+openid&authuser=7&prompt=none HTTP/1.1" 302 0
INFO 2025-10-20 00:44:26,863 basehttp "GET /owner/dashboard/ HTTP/1.1" 200 11093
INFO 2025-10-20 00:44:28,747 basehttp "GET /staff/ HTTP/1.1" 200 8176
INFO 2025-10-20 00:44:46,226 basehttp "GET /logout/ HTTP/1.1" 302 0
INFO 2025-10-20 00:44:46,234 basehttp "GET / HTTP/1.1" 200 27107
INFO 2025-10-20 00:44:47,996 basehttp "GET /manager/login/ HTTP/1.1" 200 4469
ERROR 2025-10-20 00:45:12,761 basehttp "POST /manager/login/ HTTP/1.1" 500 139294
INFO 2025-10-20 00:47:19,076 autoreload F:\cafenest\manager\decorators.py changed, reloading.
INFO 2025-10-20 00:47:20,652 autoreload Watching for file changes with StatReloader
INFO 2025-10-20 00:47:31,990 autoreload F:\cafenest\manager\decorators.py changed, reloading.
INFO 2025-10-20 00:47:33,401 autoreload Watching for file changes with StatReloader
INFO 2025-10-20 00:47:43,706 basehttp "GET / HTTP/1.1" 200 27107
INFO 2025-10-20 00:47:46,594 basehttp "GET /manager/login/ HTTP/1.1" 200 4139
ERROR 2025-10-20 00:48:07,473 basehttp "POST /manager/login/ HTTP/1.1" 500 139294
INFO 2025-10-20 00:49:12,103 autoreload F:\cafenest\manager\views.py changed, reloading.
INFO 2025-10-20 00:49:15,418 autoreload Watching for file changes with StatReloader
INFO 2025-10-20 00:49:26,954 basehttp "POST /manager/login/ HTTP/1.1" 200 4456
INFO 2025-10-20 00:49:59,551 basehttp "POST /manager/login/ HTTP/1.1" 200 4459
INFO 2025-10-20 00:50:40,108 basehttp "GET / HTTP/1.1" 200 27107
INFO 2025-10-20 00:50:42,530 basehttp "GET /login/ HTTP/1.1" 200 7216
INFO 2025-10-20 00:50:43,951 basehttp "GET /accounts/google/login/?process=login HTTP/1.1" 302 0
INFO 2025-10-20 00:50:50,183 basehttp "GET /accounts/google/login/callback/?state=aF4JpPLAr0IEbT9P&code=4%2F0AVGzR1AjJbh_XZ8NxQ896VqSjvEKcMYoi0rS_Gnn6Os1bV8uZnemqaXZdW-zzNr41DBljA&scope=email+profile+https%3A%2F%2Fwww.googleapis.com%2Fauth%2Fuserinfo.profile+openid+https%3A%2F%2Fwww.googleapis.com%2Fauth%2Fuserinfo.email&authuser=7&prompt=none HTTP/1.1" 302 0
INFO 2025-10-20 00:50:50,253 basehttp "GET /owner/dashboard/ HTTP/1.1" 200 11093
INFO 2025-10-20 00:50:56,808 basehttp "GET /staff/ HTTP/1.1" 200 8176
INFO 2025-10-20 00:51:02,077 basehttp "GET /staff/edit/1/ HTTP/1.1" 200 6791
INFO 2025-10-20 00:51:05,514 basehttp "POST /staff/edit/1/ HTTP/1.1" 302 0
INFO 2025-10-20 00:51:05,537 basehttp "GET /staff/ HTTP/1.1" 200 8377
INFO 2025-10-20 00:51:12,462 basehttp "GET /staff/toggle/1/ HTTP/1.1" 302 0
INFO 2025-10-20 00:51:12,482 basehttp "GET /staff/ HTTP/1.1" 200 8377
INFO 2025-10-20 00:51:57,289 basehttp "GET /staff/toggle/1/ HTTP/1.1" 302 0
INFO 2025-10-20 00:51:57,312 basehttp "GET /staff/ HTTP/1.1" 200 8381
INFO 2025-10-20 00:52:19,720 basehttp "GET /staff/toggle/1/ HTTP/1.1" 302 0
INFO 2025-10-20 00:52:19,738 basehttp "GET /staff/ HTTP/1.1" 200 8377
INFO 2025-10-20 00:53:15,056 basehttp "GET /logout/ HTTP/1.1" 302 0
INFO 2025-10-20 00:53:15,064 basehttp "GET / HTTP/1.1" 200 27107
INFO 2025-10-20 00:55:04,281 basehttp "GET /manager/login/ HTTP/1.1" 200 4469
INFO 2025-10-20 20:15:45,551 autoreload Watching for file changes with StatReloader
INFO 2025-10-20 21:26:55,146 autoreload F:\cafenest\manager\models.py changed, reloading.
INFO 2025-10-20 21:26:58,188 autoreload Watching for file changes with StatReloader
INFO 2025-10-20 21:27:23,183 autoreload F:\cafenest\manager\views.py changed, reloading.
INFO 2025-10-20 21:27:24,289 autoreload Watching for file changes with StatReloader
INFO 2025-10-20 21:27:27,916 basehttp "GET / HTTP/1.1" 200 27115
WARNING 2025-10-20 21:27:28,421 log Not Found: /favicon.ico
WARNING 2025-10-20 21:27:28,423 basehttp "GET /favicon.ico HTTP/1.1" 404 12332
INFO 2025-10-20 21:27:31,245 basehttp "GET /login/ HTTP/1.1" 200 7216
INFO 2025-10-20 21:27:32,464 basehttp "GET /accounts/google/login/?process=login HTTP/1.1" 302 0
INFO 2025-10-20 21:27:40,126 basehttp "GET /accounts/google/login/callback/?state=OHZKnynzi8c9Fz4l&code=4%2F0AVGzR1ChoxB5zKG4R2Ix09W2bug3XmMHKnmvwkVRls1DNJiWodsuIg8iPx80TZJ200scYQ&scope=email+profile+https%3A%2F%2Fwww.googleapis.com%2Fauth%2Fuserinfo.email+https%3A%2F%2Fwww.googleapis.com%2Fauth%2Fuserinfo.profile+openid&authuser=7&prompt=none HTTP/1.1" 302 0
INFO 2025-10-20 21:27:40,284 basehttp "GET /owner/dashboard/ HTTP/1.1" 200 11093
INFO 2025-10-20 21:27:46,041 basehttp "GET /owner/tables/ HTTP/1.1" 200 10570
INFO 2025-10-20 21:27:47,047 basehttp "GET /staff/ HTTP/1.1" 200 8176
INFO 2025-10-20 21:27:54,117 basehttp "GET /logout/ HTTP/1.1" 302 0
INFO 2025-10-20 21:27:54,124 basehttp "GET / HTTP/1.1" 200 27115
ERROR 2025-10-20 21:27:56,460 log Internal Server Error: /manager/manager/login/
Traceback (most recent call last):
  File "C:\Users\FRIDAY\AppData\Roaming\Python\Python313\site-packages\django\core\handlers\exception.py", line 55, in inner
    response = get_response(request)
  File "C:\Users\FRIDAY\AppData\Roaming\Python\Python313\site-packages\django\core\handlers\base.py", line 197, in _get_response
    response = wrapped_callback(request, *callback_args, **callback_kwargs)
  File "F:\cafenest\manager\views.py", line 38, in manager_login
    return render(request, 'manager/login.html')
  File "C:\Users\FRIDAY\AppData\Roaming\Python\Python313\site-packages\django\shortcuts.py", line 25, in render
    content = loader.render_to_string(template_name, context, request, using=using)
  File "C:\Users\FRIDAY\AppData\Roaming\Python\Python313\site-packages\django\template\loader.py", line 61, in render_to_string
    template = get_template(template_name, using=using)
  File "C:\Users\FRIDAY\AppData\Roaming\Python\Python313\site-packages\django\template\loader.py", line 19, in get_template
    raise TemplateDoesNotExist(template_name, chain=chain)
django.template.exceptions.TemplateDoesNotExist: manager/login.html
ERROR 2025-10-20 21:27:56,464 basehttp "GET /manager/manager/login/ HTTP/1.1" 500 90710
INFO 2025-10-20 21:28:31,727 autoreload F:\cafenest\manager\views.py changed, reloading.
INFO 2025-10-20 21:28:33,249 autoreload Watching for file changes with StatReloader
INFO 2025-10-20 21:28:36,560 basehttp "GET /manager/manager/login/ HTTP/1.1" 200 4469
INFO 2025-10-20 21:30:31,364 basehttp "GET / HTTP/1.1" 200 27115
INFO 2025-10-20 21:30:32,891 basehttp "GET /login/ HTTP/1.1" 200 7216
INFO 2025-10-20 21:30:40,487 basehttp "GET /accounts/google/login/?process=login HTTP/1.1" 302 0
INFO 2025-10-20 21:30:46,305 basehttp "GET /accounts/google/login/callback/?state=NWuFtoGZ0cLop6gq&code=4%2F0AVGzR1Cy9iaiQpAqSnSlbxyKVHbU4RCsO_laExF0mVsqU5PC1Aw0Bd87co6D2V47IWDcmQ&scope=email+profile+openid+https%3A%2F%2Fwww.googleapis.com%2Fauth%2Fuserinfo.profile+https%3A%2F%2Fwww.googleapis.com%2Fauth%2Fuserinfo.email&authuser=7&prompt=none HTTP/1.1" 302 0
INFO 2025-10-20 21:30:46,356 basehttp "GET /owner/dashboard/ HTTP/1.1" 200 11093
INFO 2025-10-20 21:30:57,254 basehttp "GET /staff/ HTTP/1.1" 200 8176
INFO 2025-10-20 21:31:06,957 basehttp "POST /staff/delete/1/ HTTP/1.1" 302 0
INFO 2025-10-20 21:31:06,972 basehttp "GET /staff/ HTTP/1.1" 200 6730
INFO 2025-10-20 21:31:10,493 basehttp "GET /staff/add/ HTTP/1.1" 200 6717
INFO 2025-10-20 21:31:43,822 basehttp "POST /staff/add/ HTTP/1.1" 302 0
INFO 2025-10-20 21:31:43,838 basehttp "GET /staff/ HTTP/1.1" 200 8567
INFO 2025-10-20 21:31:46,849 basehttp "GET /staff/toggle/2/ HTTP/1.1" 302 0
INFO 2025-10-20 21:31:46,888 basehttp "GET /staff/ HTTP/1.1" 200 8377
INFO 2025-10-20 21:32:20,361 basehttp "GET /logout/ HTTP/1.1" 302 0
INFO 2025-10-20 21:32:20,370 basehttp "GET / HTTP/1.1" 200 27115
INFO 2025-10-20 21:32:23,297 basehttp "GET /manager/manager/login/ HTTP/1.1" 200 4469
INFO 2025-10-20 21:32:43,623 basehttp "POST /manager/manager/login/ HTTP/1.1" 200 4456
INFO 2025-10-20 21:34:37,607 basehttp "POST /manager/manager/login/ HTTP/1.1" 200 4456
INFO 2025-10-20 21:37:08,891 autoreload Watching for file changes with StatReloader
INFO 2025-10-20 21:39:29,557 basehttp "POST /manager/manager/login/ HTTP/1.1" 200 4456
INFO 2025-10-20 21:39:34,187 basehttp "GET / HTTP/1.1" 200 27115
INFO 2025-10-20 21:39:45,157 basehttp "GET /login/ HTTP/1.1" 200 7216
INFO 2025-10-20 22:08:00,634 autoreload Watching for file changes with StatReloader
INFO 2025-10-20 22:08:11,013 basehttp "GET /login/ HTTP/1.1" 200 7216
INFO 2025-10-20 22:08:12,484 basehttp "GET /accounts/google/login/?process=login HTTP/1.1" 302 0
INFO 2025-10-20 22:08:18,293 basehttp "GET /accounts/google/login/callback/?state=3WSRb463VyraVnN6&code=4%2F0AVGzR1Dj4fuVnH1XC3vc0oZVTdUUTW3tJ0aIgwNZCIouaA5CMXLmtUcKLAtHd3qa0MDLXw&scope=email+profile+https%3A%2F%2Fwww.googleapis.com%2Fauth%2Fuserinfo.profile+https%3A%2F%2Fwww.googleapis.com%2Fauth%2Fuserinfo.email+openid&authuser=7&prompt=none HTTP/1.1" 302 0
INFO 2025-10-20 22:08:18,356 basehttp "GET /owner/dashboard/ HTTP/1.1" 200 11093
INFO 2025-10-20 22:08:22,258 basehttp "GET /staff/ HTTP/1.1" 200 8176
INFO 2025-10-20 22:08:39,523 basehttp "POST /staff/delete/2/ HTTP/1.1" 302 0
INFO 2025-10-20 22:08:39,538 basehttp "GET /staff/ HTTP/1.1" 200 6730
ERROR 2025-10-20 22:08:41,454 log Internal Server Error: /staff/add/
Traceback (most recent call last):
  File "C:\Users\FRIDAY\AppData\Roaming\Python\Python313\site-packages\django\core\handlers\exception.py", line 55, in inner
    response = get_response(request)
  File "C:\Users\FRIDAY\AppData\Roaming\Python\Python313\site-packages\django\core\handlers\base.py", line 204, in _get_response
    self.check_response(response, callback)
    ~~~~~~~~~~~~~~~~~~~^^^^^^^^^^^^^^^^^^^^
  File "C:\Users\FRIDAY\AppData\Roaming\Python\Python313\site-packages\django\core\handlers\base.py", line 332, in check_response
    raise ValueError(
    ...<2 lines>...
    )
ValueError: The view owner.views.add_staff didn't return an HttpResponse object. It returned None instead.
ERROR 2025-10-20 22:08:41,456 basehttp "GET /staff/add/ HTTP/1.1" 500 75566
INFO 2025-10-20 22:10:51,429 autoreload F:\cafenest\owner\views.py changed, reloading.
INFO 2025-10-20 22:10:52,958 autoreload Watching for file changes with StatReloader
INFO 2025-10-20 22:10:58,648 basehttp "GET /staff/add/ HTTP/1.1" 200 6717
INFO 2025-10-20 22:11:09,421 basehttp "POST /staff/add/ HTTP/1.1" 302 0
INFO 2025-10-20 22:11:09,439 basehttp "GET /staff/ HTTP/1.1" 200 8559
INFO 2025-10-20 22:11:11,713 basehttp "GET /staff/toggle/3/ HTTP/1.1" 302 0
INFO 2025-10-20 22:11:11,735 basehttp "GET /staff/ HTTP/1.1" 200 8377
INFO 2025-10-20 22:11:27,774 basehttp "GET /logout/ HTTP/1.1" 302 0
INFO 2025-10-20 22:11:27,786 basehttp "GET / HTTP/1.1" 200 27115
INFO 2025-10-20 22:11:29,866 basehttp "GET /manager/manager/login/ HTTP/1.1" 200 4469
INFO 2025-10-20 22:11:48,623 basehttp "POST /manager/manager/login/ HTTP/1.1" 200 4456
WARNING 2025-10-20 22:13:50,535 log Not Found: /.well-known/appspecific/com.chrome.devtools.json
WARNING 2025-10-20 22:13:50,537 basehttp "GET /.well-known/appspecific/com.chrome.devtools.json HTTP/1.1" 404 12443
INFO 2025-10-20 22:14:41,173 basehttp "POST /manager/manager/login/ HTTP/1.1" 200 4456
WARNING 2025-10-20 22:14:41,235 log Not Found: /.well-known/appspecific/com.chrome.devtools.json
WARNING 2025-10-20 22:14:41,236 basehttp "GET /.well-known/appspecific/com.chrome.devtools.json HTTP/1.1" 404 12443
INFO 2025-10-20 22:19:29,440 autoreload F:\cafenest\owner\views.py changed, reloading.
INFO 2025-10-20 22:19:30,805 autoreload Watching for file changes with StatReloader
INFO 2025-10-20 22:19:50,729 autoreload F:\cafenest\manager\views.py changed, reloading.
INFO 2025-10-20 22:19:52,171 autoreload Watching for file changes with StatReloader
ERROR 2025-10-20 22:20:41,900 basehttp "POST /manager/manager/login/ HTTP/1.1" 500 75717
INFO 2025-10-20 22:28:10,199 autoreload F:\cafenest\manager\views.py changed, reloading.
INFO 2025-10-20 22:28:12,180 autoreload Watching for file changes with StatReloader
INFO 2025-10-20 22:28:21,390 autoreload F:\cafenest\manager\urls.py changed, reloading.
INFO 2025-10-20 22:28:22,765 autoreload Watching for file changes with StatReloader
WARNING 2025-10-20 22:28:30,197 log Not Found: /manager/manager/login/
WARNING 2025-10-20 22:28:30,203 basehttp "POST /manager/manager/login/ HTTP/1.1" 404 13032
WARNING 2025-10-20 22:28:34,945 log Not Found: /manager/manager/login/
WARNING 2025-10-20 22:28:34,947 basehttp "POST /manager/manager/login/ HTTP/1.1" 404 13032
INFO 2025-10-20 22:28:57,712 autoreload F:\cafenest\manager\views.py changed, reloading.
INFO 2025-10-20 22:28:58,928 autoreload Watching for file changes with StatReloader
WARNING 2025-10-20 22:29:01,415 log Not Found: /manager/manager/login/
WARNING 2025-10-20 22:29:01,417 basehttp "POST /manager/manager/login/ HTTP/1.1" 404 13032
WARNING 2025-10-20 22:29:07,531 log Not Found: /manager/manager/login/
WARNING 2025-10-20 22:29:07,533 basehttp "POST /manager/manager/login/ HTTP/1.1" 404 13032
INFO 2025-10-20 22:29:23,015 autoreload F:\cafenest\manager\views.py changed, reloading.
INFO 2025-10-20 22:29:24,618 autoreload Watching for file changes with StatReloader
INFO 2025-10-20 22:29:28,817 autoreload F:\cafenest\manager\urls.py changed, reloading.
INFO 2025-10-20 22:29:30,306 autoreload Watching for file changes with StatReloader
ERROR 2025-10-20 22:29:33,310 log Internal Server Error: /manager/manager/login/
Traceback (most recent call last):
  File "C:\Users\FRIDAY\AppData\Roaming\Python\Python313\site-packages\django\core\handlers\exception.py", line 55, in inner
    response = get_response(request)
  File "C:\Users\FRIDAY\AppData\Roaming\Python\Python313\site-packages\django\core\handlers\base.py", line 197, in _get_response
    response = wrapped_callback(request, *callback_args, **callback_kwargs)
  File "F:\cafenest\manager\views.py", line 39, in manager_login
    return render(request, 'manager/login.html')
  File "C:\Users\FRIDAY\AppData\Roaming\Python\Python313\site-packages\django\shortcuts.py", line 25, in render
    content = loader.render_to_string(template_name, context, request, using=using)
  File "C:\Users\FRIDAY\AppData\Roaming\Python\Python313\site-packages\django\template\loader.py", line 61, in render_to_string
    template = get_template(template_name, using=using)
  File "C:\Users\FRIDAY\AppData\Roaming\Python\Python313\site-packages\django\template\loader.py", line 19, in get_template
    raise TemplateDoesNotExist(template_name, chain=chain)
django.template.exceptions.TemplateDoesNotExist: manager/login.html
ERROR 2025-10-20 22:29:33,322 basehttp "POST /manager/manager/login/ HTTP/1.1" 500 91888
INFO 2025-10-20 22:29:49,437 autoreload F:\cafenest\manager\urls.py changed, reloading.
INFO 2025-10-20 22:29:50,522 autoreload Watching for file changes with StatReloader
WARNING 2025-10-20 22:29:54,319 log Not Found: /manager/manager/login/
WARNING 2025-10-20 22:29:54,325 basehttp "POST /manager/manager/login/ HTTP/1.1" 404 13032
INFO 2025-10-20 22:30:50,375 autoreload F:\cafenest\manager\views.py changed, reloading.
INFO 2025-10-20 22:30:51,528 autoreload Watching for file changes with StatReloader
WARNING 2025-10-20 22:30:57,406 log Not Found: /manager/manager/login/
WARNING 2025-10-20 22:30:57,412 basehttp "POST /manager/manager/login/ HTTP/1.1" 404 13032
WARNING 2025-10-20 22:31:01,788 log Not Found: /manager/manager/login/
WARNING 2025-10-20 22:31:01,789 basehttp "GET /manager/manager/login/ HTTP/1.1" 404 13031
INFO 2025-10-20 22:31:02,543 basehttp "GET / HTTP/1.1" 200 27107
ERROR 2025-10-20 22:31:05,113 log Internal Server Error: /manager/login/
Traceback (most recent call last):
  File "C:\Users\FRIDAY\AppData\Roaming\Python\Python313\site-packages\django\core\handlers\exception.py", line 55, in inner
    response = get_response(request)
  File "C:\Users\FRIDAY\AppData\Roaming\Python\Python313\site-packages\django\core\handlers\base.py", line 197, in _get_response
    response = wrapped_callback(request, *callback_args, **callback_kwargs)
  File "F:\cafenest\manager\views.py", line 43, in manager_login
    return render(request, 'manager/login.html')
  File "C:\Users\FRIDAY\AppData\Roaming\Python\Python313\site-packages\django\shortcuts.py", line 25, in render
    content = loader.render_to_string(template_name, context, request, using=using)
  File "C:\Users\FRIDAY\AppData\Roaming\Python\Python313\site-packages\django\template\loader.py", line 61, in render_to_string
    template = get_template(template_name, using=using)
  File "C:\Users\FRIDAY\AppData\Roaming\Python\Python313\site-packages\django\template\loader.py", line 19, in get_template
    raise TemplateDoesNotExist(template_name, chain=chain)
django.template.exceptions.TemplateDoesNotExist: manager/login.html
ERROR 2025-10-20 22:31:05,117 basehttp "GET /manager/login/ HTTP/1.1" 500 90439
INFO 2025-10-20 22:31:19,323 autoreload F:\cafenest\manager\views.py changed, reloading.
INFO 2025-10-20 22:31:20,610 autoreload Watching for file changes with StatReloader
INFO 2025-10-20 22:31:22,231 basehttp "GET /manager/login/ HTTP/1.1" 200 4455
ERROR 2025-10-20 22:31:46,674 log Internal Server Error: /manager/login/
Traceback (most recent call last):
  File "C:\Users\FRIDAY\AppData\Roaming\Python\Python313\site-packages\django\core\handlers\exception.py", line 55, in inner
    response = get_response(request)
  File "C:\Users\FRIDAY\AppData\Roaming\Python\Python313\site-packages\django\core\handlers\base.py", line 197, in _get_response
    response = wrapped_callback(request, *callback_args, **callback_kwargs)
  File "F:\cafenest\manager\views.py", line 24, in manager_login
    return render(request, 'manager/login.html')
  File "C:\Users\FRIDAY\AppData\Roaming\Python\Python313\site-packages\django\shortcuts.py", line 25, in render
    content = loader.render_to_string(template_name, context, request, using=using)
  File "C:\Users\FRIDAY\AppData\Roaming\Python\Python313\site-packages\django\template\loader.py", line 61, in render_to_string
    template = get_template(template_name, using=using)
  File "C:\Users\FRIDAY\AppData\Roaming\Python\Python313\site-packages\django\template\loader.py", line 19, in get_template
    raise TemplateDoesNotExist(template_name, chain=chain)
django.template.exceptions.TemplateDoesNotExist: manager/login.html
ERROR 2025-10-20 22:31:46,677 basehttp "POST /manager/login/ HTTP/1.1" 500 91730
ERROR 2025-10-20 22:32:15,979 log Internal Server Error: /manager/login/
Traceback (most recent call last):
  File "C:\Users\FRIDAY\AppData\Roaming\Python\Python313\site-packages\django\core\handlers\exception.py", line 55, in inner
    response = get_response(request)
  File "C:\Users\FRIDAY\AppData\Roaming\Python\Python313\site-packages\django\core\handlers\base.py", line 197, in _get_response
    response = wrapped_callback(request, *callback_args, **callback_kwargs)
  File "F:\cafenest\manager\views.py", line 24, in manager_login
    return render(request, 'manager/login.html')
  File "C:\Users\FRIDAY\AppData\Roaming\Python\Python313\site-packages\django\shortcuts.py", line 25, in render
    content = loader.render_to_string(template_name, context, request, using=using)
  File "C:\Users\FRIDAY\AppData\Roaming\Python\Python313\site-packages\django\template\loader.py", line 61, in render_to_string
    template = get_template(template_name, using=using)
  File "C:\Users\FRIDAY\AppData\Roaming\Python\Python313\site-packages\django\template\loader.py", line 19, in get_template
    raise TemplateDoesNotExist(template_name, chain=chain)
django.template.exceptions.TemplateDoesNotExist: manager/login.html
ERROR 2025-10-20 22:32:15,982 basehttp "POST /manager/login/ HTTP/1.1" 500 92003
INFO 2025-10-20 22:32:41,477 basehttp "GET /manager/login/ HTTP/1.1" 200 4769
ERROR 2025-10-20 22:33:01,153 log Internal Server Error: /manager/login/
Traceback (most recent call last):
  File "C:\Users\FRIDAY\AppData\Roaming\Python\Python313\site-packages\django\core\handlers\exception.py", line 55, in inner
    response = get_response(request)
  File "C:\Users\FRIDAY\AppData\Roaming\Python\Python313\site-packages\django\core\handlers\base.py", line 197, in _get_response
    response = wrapped_callback(request, *callback_args, **callback_kwargs)
  File "F:\cafenest\manager\views.py", line 24, in manager_login
    return render(request, 'manager/login.html')
  File "C:\Users\FRIDAY\AppData\Roaming\Python\Python313\site-packages\django\shortcuts.py", line 25, in render
    content = loader.render_to_string(template_name, context, request, using=using)
  File "C:\Users\FRIDAY\AppData\Roaming\Python\Python313\site-packages\django\template\loader.py", line 61, in render_to_string
    template = get_template(template_name, using=using)
  File "C:\Users\FRIDAY\AppData\Roaming\Python\Python313\site-packages\django\template\loader.py", line 19, in get_template
    raise TemplateDoesNotExist(template_name, chain=chain)
django.template.exceptions.TemplateDoesNotExist: manager/login.html
ERROR 2025-10-20 22:33:01,156 basehttp "POST /manager/login/ HTTP/1.1" 500 91730
INFO 2025-10-20 22:33:16,026 autoreload F:\cafenest\manager\views.py changed, reloading.
INFO 2025-10-20 22:33:17,896 autoreload Watching for file changes with StatReloader
ERROR 2025-10-20 22:33:19,529 log Internal Server Error: /manager/login/
Traceback (most recent call last):
  File "C:\Users\FRIDAY\AppData\Roaming\Python\Python313\site-packages\django\core\handlers\exception.py", line 55, in inner
    response = get_response(request)
  File "C:\Users\FRIDAY\AppData\Roaming\Python\Python313\site-packages\django\core\handlers\base.py", line 197, in _get_response
    response = wrapped_callback(request, *callback_args, **callback_kwargs)
  File "F:\cafenest\manager\views.py", line 24, in manager_login
    return render(request, 'manager/login.html')
  File "C:\Users\FRIDAY\AppData\Roaming\Python\Python313\site-packages\django\shortcuts.py", line 25, in render
    content = loader.render_to_string(template_name, context, request, using=using)
  File "C:\Users\FRIDAY\AppData\Roaming\Python\Python313\site-packages\django\template\loader.py", line 61, in render_to_string
    template = get_template(template_name, using=using)
  File "C:\Users\FRIDAY\AppData\Roaming\Python\Python313\site-packages\django\template\loader.py", line 19, in get_template
    raise TemplateDoesNotExist(template_name, chain=chain)
django.template.exceptions.TemplateDoesNotExist: manager/login.html
ERROR 2025-10-20 22:33:19,537 basehttp "POST /manager/login/ HTTP/1.1" 500 92003
INFO 2025-10-20 22:33:57,089 autoreload F:\cafenest\manager\views.py changed, reloading.
INFO 2025-10-20 22:33:58,459 autoreload Watching for file changes with StatReloader
INFO 2025-10-20 22:34:01,224 basehttp "POST /manager/login/ HTTP/1.1" 200 5069
INFO 2025-10-20 22:34:17,973 basehttp "POST /manager/login/ HTTP/1.1" 200 4469
INFO 2025-10-20 22:34:55,158 autoreload F:\cafenest\manager\views.py changed, reloading.
INFO 2025-10-20 22:34:56,822 autoreload Watching for file changes with StatReloader
ERROR 2025-10-20 22:35:29,586 log Internal Server Error: /manager/login/
Traceback (most recent call last):
  File "C:\Users\FRIDAY\AppData\Roaming\Python\Python313\site-packages\django\core\handlers\exception.py", line 55, in inner
    response = get_response(request)
  File "C:\Users\FRIDAY\AppData\Roaming\Python\Python313\site-packages\django\core\handlers\base.py", line 197, in _get_response
    response = wrapped_callback(request, *callback_args, **callback_kwargs)
  File "F:\cafenest\manager\views.py", line 18, in manager_login
    email = request.POST.get('email').strip()
            ^^^^^^^^^^^^^^^^^^^^^^^^^^^^^^^
AttributeError: 'NoneType' object has no attribute 'strip'
ERROR 2025-10-20 22:35:29,597 basehttp "POST /manager/login/ HTTP/1.1" 500 75747
INFO 2025-10-20 22:35:48,119 autoreload F:\cafenest\manager\views.py changed, reloading.
INFO 2025-10-20 22:35:49,694 autoreload Watching for file changes with StatReloader
INFO 2025-10-20 22:35:51,506 basehttp "POST /manager/login/ HTTP/1.1" 200 4469
INFO 2025-10-20 22:36:07,422 basehttp "POST /manager/login/ HTTP/1.1" 200 4469
INFO 2025-10-20 22:37:00,722 autoreload F:\cafenest\manager\views.py changed, reloading.
INFO 2025-10-20 22:37:01,876 autoreload Watching for file changes with StatReloader
INFO 2025-10-20 22:37:18,176 basehttp "POST /manager/login/ HTTP/1.1" 200 4469
INFO 2025-10-20 22:39:48,008 basehttp "POST /manager/login/ HTTP/1.1" 200 4459
INFO 2025-10-20 22:43:46,559 basehttp "POST /manager/login/ HTTP/1.1" 200 4456
INFO 2025-10-20 22:44:01,123 basehttp "POST /manager/login/ HTTP/1.1" 200 4456
INFO 2025-10-20 22:44:07,156 basehttp "GET / HTTP/1.1" 200 27107
INFO 2025-10-20 22:44:12,790 basehttp "GET /manager/login/ HTTP/1.1" 200 4126
INFO 2025-10-20 22:44:29,684 basehttp "POST /manager/login/ HTTP/1.1" 302 0
WARNING 2025-10-20 22:44:29,698 log Not Found: /manager/login/manager/manager_dashboard
WARNING 2025-10-20 22:44:29,699 basehttp "GET /manager/login/manager/manager_dashboard HTTP/1.1" 404 13082
INFO 2025-10-20 22:45:12,694 autoreload F:\cafenest\manager\views.py changed, reloading.
INFO 2025-10-20 22:45:14,236 autoreload Watching for file changes with StatReloader
WARNING 2025-10-20 22:45:16,646 log Not Found: /manager/login/manager/manager_dashboard
WARNING 2025-10-20 22:45:16,647 basehttp "GET /manager/login/manager/manager_dashboard HTTP/1.1" 404 13082
INFO 2025-10-20 22:45:57,360 autoreload F:\cafenest\manager\views.py changed, reloading.
INFO 2025-10-20 22:45:58,651 autoreload Watching for file changes with StatReloader
WARNING 2025-10-20 22:46:01,559 log Not Found: /manager/login/manager/manager_dashboard
WARNING 2025-10-20 22:46:01,565 basehttp "GET /manager/login/manager/manager_dashboard HTTP/1.1" 404 13082
INFO 2025-10-20 22:49:43,979 autoreload Watching for file changes with StatReloader
INFO 2025-10-20 22:49:47,540 basehttp "GET / HTTP/1.1" 302 0
ERROR 2025-10-20 22:49:47,976 log Internal Server Error: /manager/dashboard/
Traceback (most recent call last):
  File "C:\Users\FRIDAY\AppData\Roaming\Python\Python313\site-packages\django\core\handlers\exception.py", line 55, in inner
    response = get_response(request)
  File "C:\Users\FRIDAY\AppData\Roaming\Python\Python313\site-packages\django\core\handlers\base.py", line 197, in _get_response
    response = wrapped_callback(request, *callback_args, **callback_kwargs)
  File "C:\Users\FRIDAY\AppData\Roaming\Python\Python313\site-packages\django\contrib\auth\decorators.py", line 59, in _view_wrapper
    return view_func(request, *args, **kwargs)
  File "F:\cafenest\manager\views.py", line 96, in manager_dashboard
    return render(request, 'manager/manager_dashboard.html', context)
  File "C:\Users\FRIDAY\AppData\Roaming\Python\Python313\site-packages\django\shortcuts.py", line 25, in render
    content = loader.render_to_string(template_name, context, request, using=using)
  File "C:\Users\FRIDAY\AppData\Roaming\Python\Python313\site-packages\django\template\loader.py", line 62, in render_to_string
    return template.render(context, request)
           ~~~~~~~~~~~~~~~^^^^^^^^^^^^^^^^^^
  File "C:\Users\FRIDAY\AppData\Roaming\Python\Python313\site-packages\django\template\backends\django.py", line 107, in render
    return self.template.render(context)
           ~~~~~~~~~~~~~~~~~~~~^^^^^^^^^
  File "C:\Users\FRIDAY\AppData\Roaming\Python\Python313\site-packages\django\template\base.py", line 171, in render
    return self._render(context)
           ~~~~~~~~~~~~^^^^^^^^^
  File "C:\Users\FRIDAY\AppData\Roaming\Python\Python313\site-packages\django\template\base.py", line 163, in _render
    return self.nodelist.render(context)
           ~~~~~~~~~~~~~~~~~~~~^^^^^^^^^
  File "C:\Users\FRIDAY\AppData\Roaming\Python\Python313\site-packages\django\template\base.py", line 1016, in render
    return SafeString("".join([node.render_annotated(context) for node in self]))
                               ~~~~~~~~~~~~~~~~~~~~~^^^^^^^^^
  File "C:\Users\FRIDAY\AppData\Roaming\Python\Python313\site-packages\django\template\base.py", line 977, in render_annotated
    return self.render(context)
           ~~~~~~~~~~~^^^^^^^^^
  File "C:\Users\FRIDAY\AppData\Roaming\Python\Python313\site-packages\django\template\defaulttags.py", line 480, in render
    url = reverse(view_name, args=args, kwargs=kwargs, current_app=current_app)
  File "C:\Users\FRIDAY\AppData\Roaming\Python\Python313\site-packages\django\urls\base.py", line 98, in reverse
    resolved_url = resolver._reverse_with_prefix(view, prefix, *args, **kwargs)
  File "C:\Users\FRIDAY\AppData\Roaming\Python\Python313\site-packages\django\urls\resolvers.py", line 831, in _reverse_with_prefix
    raise NoReverseMatch(msg)
django.urls.exceptions.NoReverseMatch: Reverse for 'pos_system' not found. 'pos_system' is not a valid view function or pattern name.
ERROR 2025-10-20 22:49:47,995 basehttp "GET /manager/dashboard/ HTTP/1.1" 500 142689
ERROR 2025-10-20 22:51:11,923 log Internal Server Error: /manager/dashboard/
Traceback (most recent call last):
  File "C:\Users\FRIDAY\AppData\Roaming\Python\Python313\site-packages\django\core\handlers\exception.py", line 55, in inner
    response = get_response(request)
  File "C:\Users\FRIDAY\AppData\Roaming\Python\Python313\site-packages\django\core\handlers\base.py", line 197, in _get_response
    response = wrapped_callback(request, *callback_args, **callback_kwargs)
  File "C:\Users\FRIDAY\AppData\Roaming\Python\Python313\site-packages\django\contrib\auth\decorators.py", line 59, in _view_wrapper
    return view_func(request, *args, **kwargs)
  File "F:\cafenest\manager\views.py", line 96, in manager_dashboard
    return render(request, 'manager/manager_dashboard.html', context)
  File "C:\Users\FRIDAY\AppData\Roaming\Python\Python313\site-packages\django\shortcuts.py", line 25, in render
    content = loader.render_to_string(template_name, context, request, using=using)
  File "C:\Users\FRIDAY\AppData\Roaming\Python\Python313\site-packages\django\template\loader.py", line 62, in render_to_string
    return template.render(context, request)
           ~~~~~~~~~~~~~~~^^^^^^^^^^^^^^^^^^
  File "C:\Users\FRIDAY\AppData\Roaming\Python\Python313\site-packages\django\template\backends\django.py", line 107, in render
    return self.template.render(context)
           ~~~~~~~~~~~~~~~~~~~~^^^^^^^^^
  File "C:\Users\FRIDAY\AppData\Roaming\Python\Python313\site-packages\django\template\base.py", line 171, in render
    return self._render(context)
           ~~~~~~~~~~~~^^^^^^^^^
  File "C:\Users\FRIDAY\AppData\Roaming\Python\Python313\site-packages\django\template\base.py", line 163, in _render
    return self.nodelist.render(context)
           ~~~~~~~~~~~~~~~~~~~~^^^^^^^^^
  File "C:\Users\FRIDAY\AppData\Roaming\Python\Python313\site-packages\django\template\base.py", line 1016, in render
    return SafeString("".join([node.render_annotated(context) for node in self]))
                               ~~~~~~~~~~~~~~~~~~~~~^^^^^^^^^
  File "C:\Users\FRIDAY\AppData\Roaming\Python\Python313\site-packages\django\template\base.py", line 977, in render_annotated
    return self.render(context)
           ~~~~~~~~~~~^^^^^^^^^
  File "C:\Users\FRIDAY\AppData\Roaming\Python\Python313\site-packages\django\template\defaulttags.py", line 480, in render
    url = reverse(view_name, args=args, kwargs=kwargs, current_app=current_app)
  File "C:\Users\FRIDAY\AppData\Roaming\Python\Python313\site-packages\django\urls\base.py", line 98, in reverse
    resolved_url = resolver._reverse_with_prefix(view, prefix, *args, **kwargs)
  File "C:\Users\FRIDAY\AppData\Roaming\Python\Python313\site-packages\django\urls\resolvers.py", line 831, in _reverse_with_prefix
    raise NoReverseMatch(msg)
django.urls.exceptions.NoReverseMatch: Reverse for 'manager_orders' not found. 'manager_orders' is not a valid view function or pattern name.
ERROR 2025-10-20 22:51:11,926 basehttp "GET /manager/dashboard/ HTTP/1.1" 500 142963
INFO 2025-10-20 22:51:44,383 basehttp "GET /manager/dashboard/ HTTP/1.1" 200 12091
INFO 2025-10-20 22:51:55,988 basehttp "GET /manager/dashboard/ HTTP/1.1" 200 12091
INFO 2025-10-20 22:52:19,511 basehttp "GET /manager/logout/ HTTP/1.1" 302 0
INFO 2025-10-20 22:52:19,521 basehttp "GET /manager/login/ HTTP/1.1" 200 4742
INFO 2025-10-20 22:52:26,035 basehttp "GET /manager/dashboard/ HTTP/1.1" 302 0
INFO 2025-10-20 22:52:26,047 basehttp "GET /manager/login/?next=/manager/dashboard/ HTTP/1.1" 200 4126
INFO 2025-10-20 22:56:30,924 autoreload Watching for file changes with StatReloader
INFO 2025-10-20 22:56:33,414 basehttp "GET /manager/login/?next=/manager/dashboard/ HTTP/1.1" 200 4126
INFO 2025-10-20 22:56:34,961 basehttp "GET / HTTP/1.1" 200 30254
WARNING 2025-10-20 22:58:02,715 log Not Found: /.well-known/appspecific/com.chrome.devtools.json
WARNING 2025-10-20 22:58:02,719 basehttp "GET /.well-known/appspecific/com.chrome.devtools.json HTTP/1.1" 404 12443
INFO 2025-10-20 23:05:43,831 basehttp "GET / HTTP/1.1" 200 40490
INFO 2025-10-20 23:05:56,499 basehttp "GET /login/ HTTP/1.1" 200 7216
INFO 2025-10-20 23:06:25,754 basehttp "GET / HTTP/1.1" 200 40490
INFO 2025-10-20 23:06:27,743 basehttp "GET /login/ HTTP/1.1" 200 7216
INFO 2025-10-20 23:08:34,976 basehttp "GET /login/ HTTP/1.1" 200 17937
INFO 2025-10-20 23:13:31,810 basehttp "GET /login/ HTTP/1.1" 200 27039
INFO 2025-10-20 23:13:35,303 basehttp "GET / HTTP/1.1" 200 40490
INFO 2025-10-20 23:13:38,482 basehttp "GET /login/ HTTP/1.1" 200 27039
INFO 2025-10-20 23:13:40,104 basehttp "GET /signup/ HTTP/1.1" 200 12448
INFO 2025-10-20 23:13:46,988 basehttp "GET /login/ HTTP/1.1" 200 27039
INFO 2025-10-20 23:14:16,204 basehttp "GET / HTTP/1.1" 200 40490
INFO 2025-10-20 23:36:33,841 autoreload Watching for file changes with StatReloader
INFO 2025-10-20 23:36:44,263 basehttp "GET / HTTP/1.1" 200 40490
INFO 2025-10-20 23:36:47,129 basehttp "GET /login/ HTTP/1.1" 200 27039
INFO 2025-10-20 23:36:49,831 basehttp "GET /signup/ HTTP/1.1" 200 19877
INFO 2025-10-20 23:36:55,191 basehttp "GET / HTTP/1.1" 200 40490
INFO 2025-10-20 23:40:47,827 basehttp "GET / HTTP/1.1" 200 11877
INFO 2025-10-20 23:40:52,198 basehttp "GET / HTTP/1.1" 200 11877
INFO 2025-10-20 23:40:56,607 basehttp "GET / HTTP/1.1" 200 11877
INFO 2025-10-20 23:40:57,958 basehttp "GET / HTTP/1.1" 200 11877
INFO 2025-10-20 23:46:04,358 basehttp "GET / HTTP/1.1" 200 40468
WARNING 2025-10-20 23:48:21,752 log Not Found: /.well-known/appspecific/com.chrome.devtools.json
WARNING 2025-10-20 23:48:21,753 basehttp "GET /.well-known/appspecific/com.chrome.devtools.json HTTP/1.1" 404 12443
INFO 2025-10-20 23:49:22,777 basehttp "GET /login/ HTTP/1.1" 200 27039
INFO 2025-10-20 23:49:24,522 basehttp "GET /signup/ HTTP/1.1" 200 19877
INFO 2025-10-20 23:49:26,186 basehttp "GET / HTTP/1.1" 200 40468
INFO 2025-10-20 23:55:13,639 autoreload Watching for file changes with StatReloader
INFO 2025-10-20 23:55:15,266 basehttp "GET /login/ HTTP/1.1" 200 27039
INFO 2025-10-20 23:55:35,152 basehttp "GET / HTTP/1.1" 200 40468
INFO 2025-10-20 23:55:38,431 basehttp "GET /manager/login/ HTTP/1.1" 200 4126
INFO 2025-10-21 19:08:29,539 autoreload Watching for file changes with StatReloader
INFO 2025-10-21 19:08:53,856 basehttp "GET / HTTP/1.1" 200 40468
WARNING 2025-10-21 19:08:54,166 log Not Found: /favicon.ico
WARNING 2025-10-21 19:08:54,167 basehttp "GET /favicon.ico HTTP/1.1" 404 12332
INFO 2025-10-21 19:09:10,610 basehttp "GET /login/ HTTP/1.1" 200 27474
INFO 2025-10-21 19:09:14,367 basehttp "GET / HTTP/1.1" 200 40468
INFO 2025-10-21 19:09:21,123 basehttp "GET /login/ HTTP/1.1" 200 27474
INFO 2025-10-21 19:09:22,979 basehttp "GET /signup/ HTTP/1.1" 200 19877
INFO 2025-10-21 19:10:18,965 basehttp "GET / HTTP/1.1" 200 40468
INFO 2025-10-21 19:10:23,719 basehttp "GET /login/ HTTP/1.1" 200 27474
INFO 2025-10-21 19:10:24,961 basehttp "GET /accounts/google/login/?process=login HTTP/1.1" 302 0
INFO 2025-10-21 19:10:32,395 basehttp "GET /accounts/google/login/callback/?state=ktel2o6GAFCIrruJ&code=4%2F0AVGzR1D7JAO5Wx64jFwwt_Iu235orH0vQrZZNjvqJokPcygvgapAOI9Y6iK0pJh1J_5sFg&scope=email+profile+https%3A%2F%2Fwww.googleapis.com%2Fauth%2Fuserinfo.profile+openid+https%3A%2F%2Fwww.googleapis.com%2Fauth%2Fuserinfo.email&authuser=7&prompt=none HTTP/1.1" 302 0
INFO 2025-10-21 19:10:32,579 basehttp "GET /owner/dashboard/ HTTP/1.1" 200 14452
INFO 2025-10-21 19:10:49,537 basehttp "GET /owner/dashboard/ HTTP/1.1" 200 14284
INFO 2025-10-21 19:10:50,495 basehttp "GET /owner/dashboard/ HTTP/1.1" 200 14284
INFO 2025-10-21 19:11:02,307 basehttp "GET /cafes/ HTTP/1.1" 200 14016
INFO 2025-10-21 19:11:03,721 basehttp "GET /owner/tables/ HTTP/1.1" 200 14224
INFO 2025-10-21 19:11:05,638 basehttp "GET /staff/ HTTP/1.1" 200 11987
INFO 2025-10-21 19:11:07,077 basehttp "GET /menu/ HTTP/1.1" 200 11174
INFO 2025-10-21 19:11:10,470 basehttp "GET /reports/ HTTP/1.1" 200 11737
INFO 2025-10-21 19:11:13,256 basehttp "GET /owner/dashboard/ HTTP/1.1" 200 14284
INFO 2025-10-21 19:13:56,375 basehttp "GET /owner/dashboard/ HTTP/1.1" 200 21198
INFO 2025-10-21 19:14:26,354 basehttp "GET /cafes/ HTTP/1.1" 200 14016
INFO 2025-10-21 19:14:28,098 basehttp "GET /cafes/add/ HTTP/1.1" 200 14077
INFO 2025-10-21 19:14:37,948 basehttp "GET /cafes/ HTTP/1.1" 200 14016
INFO 2025-10-21 19:21:04,900 basehttp "GET /menu/ HTTP/1.1" 200 18091
INFO 2025-10-21 19:23:16,716 basehttp "GET /owner/dashboard/ HTTP/1.1" 200 21198
INFO 2025-10-21 19:23:18,140 basehttp "GET /cafes/ HTTP/1.1" 200 20931
INFO 2025-10-21 19:23:19,549 basehttp "GET /owner/tables/ HTTP/1.1" 200 21140
INFO 2025-10-21 19:23:20,714 basehttp "GET /staff/ HTTP/1.1" 200 18903
INFO 2025-10-21 19:23:21,984 basehttp "GET /menu/ HTTP/1.1" 200 18091
INFO 2025-10-21 19:23:23,258 basehttp "GET /reports/ HTTP/1.1" 200 18653
INFO 2025-10-21 19:23:27,130 basehttp "GET /logout/ HTTP/1.1" 302 0
INFO 2025-10-21 19:23:27,139 basehttp "GET / HTTP/1.1" 200 40468
INFO 2025-10-21 19:30:45,182 basehttp "GET / HTTP/1.1" 200 41482
INFO 2025-10-21 19:32:23,764 basehttp "GET / HTTP/1.1" 200 41482
INFO 2025-10-21 19:32:32,246 basehttp "GET /login/ HTTP/1.1" 200 34640
INFO 2025-10-21 19:32:34,846 basehttp "GET /accounts/google/login/?process=login HTTP/1.1" 302 0
INFO 2025-10-21 19:32:41,161 basehttp "GET /accounts/google/login/callback/?state=rc1wGspPXJ74rJ5O&code=4%2F0AVGzR1DjJE1ZHcC3vJX27ULMl1WlZT688MsqRB5Wh3BKOYg1q79PmdWry3EVaxDDLuH47A&scope=email+profile+https%3A%2F%2Fwww.googleapis.com%2Fauth%2Fuserinfo.email+openid+https%3A%2F%2Fwww.googleapis.com%2Fauth%2Fuserinfo.profile&authuser=7&prompt=none HTTP/1.1" 302 0
INFO 2025-10-21 19:32:41,199 basehttp "GET /owner/dashboard/ HTTP/1.1" 200 21366
INFO 2025-10-21 19:32:58,411 basehttp "GET /cafes/ HTTP/1.1" 200 20931
INFO 2025-10-21 19:32:59,992 basehttp "GET /cafes/add/ HTTP/1.1" 200 14077
INFO 2025-10-21 19:33:04,444 basehttp "GET /staff/ HTTP/1.1" 200 18903
INFO 2025-10-21 19:33:06,273 basehttp "GET /staff/add/ HTTP/1.1" 200 18745
INFO 2025-10-21 19:33:11,131 basehttp "GET /menu/ HTTP/1.1" 200 18091
INFO 2025-10-21 19:33:13,092 basehttp "GET /menu/categories/ HTTP/1.1" 200 19962
INFO 2025-10-21 19:33:32,243 basehttp "GET /menu/ HTTP/1.1" 200 18091
INFO 2025-10-21 19:33:36,406 basehttp "GET /staff/ HTTP/1.1" 200 18903
INFO 2025-10-21 19:33:38,136 basehttp "GET /menu/ HTTP/1.1" 200 18091
INFO 2025-10-21 19:33:39,850 basehttp "GET /owner/tables/ HTTP/1.1" 200 21140
INFO 2025-10-21 19:33:51,074 basehttp "GET /owner/tables/ HTTP/1.1" 200 21140
INFO 2025-10-21 19:33:52,200 basehttp "GET /staff/ HTTP/1.1" 200 18903
INFO 2025-10-21 19:33:53,554 basehttp "GET /menu/ HTTP/1.1" 200 18091
INFO 2025-10-21 19:33:54,656 basehttp "GET /reports/ HTTP/1.1" 200 18653
INFO 2025-10-21 19:33:57,319 basehttp "GET /owner/tables/ HTTP/1.1" 200 21140
INFO 2025-10-21 19:37:43,552 basehttp "POST /owner/tables/cleanup/ HTTP/1.1" 302 0
INFO 2025-10-21 19:37:43,589 basehttp "GET /owner/tables/ HTTP/1.1" 200 21316
INFO 2025-10-21 19:43:01,184 basehttp "GET /owner/tables/ HTTP/1.1" 200 18970
INFO 2025-10-21 19:43:02,172 basehttp "GET /owner/tables/ HTTP/1.1" 200 18970
INFO 2025-10-21 19:43:02,935 basehttp "GET /owner/tables/ HTTP/1.1" 200 18970
INFO 2025-10-21 19:43:18,460 basehttp "GET /logout/ HTTP/1.1" 302 0
INFO 2025-10-21 19:43:18,466 basehttp "GET / HTTP/1.1" 200 41482
INFO 2025-10-21 19:43:21,931 basehttp "GET /manager/login/ HTTP/1.1" 200 4456
INFO 2025-10-21 19:43:27,376 basehttp "GET /login/ HTTP/1.1" 200 34394
INFO 2025-10-21 19:43:28,841 basehttp "GET /accounts/google/login/?process=login HTTP/1.1" 302 0
INFO 2025-10-21 19:43:34,276 basehttp "GET /accounts/google/login/callback/?state=xN85BlTQ82UmiPQU&code=4%2F0AVGzR1CmLgYvTZvanOyvlbxRPjPOfrq6Ya2Vtl9qdnUKEpO_EnYHAyhRajBkGigz_doe2A&scope=email+profile+https%3A%2F%2Fwww.googleapis.com%2Fauth%2Fuserinfo.email+openid+https%3A%2F%2Fwww.googleapis.com%2Fauth%2Fuserinfo.profile&authuser=7&prompt=none HTTP/1.1" 302 0
INFO 2025-10-21 19:43:34,315 basehttp "GET /owner/dashboard/ HTTP/1.1" 200 21366
INFO 2025-10-21 19:43:36,535 basehttp "GET /staff/ HTTP/1.1" 200 18903
INFO 2025-10-21 19:43:38,620 basehttp "GET /owner/tables/ HTTP/1.1" 200 18970
INFO 2025-10-21 19:43:40,107 basehttp "GET /owner/tables/add/ HTTP/1.1" 200 18954
INFO 2025-10-21 19:49:33,029 basehttp "POST /owner/tables/add/ HTTP/1.1" 302 0
INFO 2025-10-21 19:49:33,054 basehttp "GET /owner/tables/ HTTP/1.1" 200 20146
INFO 2025-10-21 19:49:36,229 basehttp "GET /owner/tables/1/qr/ HTTP/1.1" 200 19660
INFO 2025-10-21 20:46:29,276 basehttp "GET /staff/ HTTP/1.1" 200 18903
INFO 2025-10-21 20:46:32,312 basehttp "GET /staff/add/ HTTP/1.1" 200 18745
INFO 2025-10-21 20:48:29,228 autoreload D:\CODING\CafeNest\owner\models.py changed, reloading.
INFO 2025-10-21 20:48:32,679 autoreload Watching for file changes with StatReloader
INFO 2025-10-21 20:49:04,284 autoreload D:\CODING\CafeNest\owner\models.py changed, reloading.
INFO 2025-10-21 20:49:05,925 autoreload Watching for file changes with StatReloader
INFO 2025-10-21 20:49:10,665 basehttp "GET /staff/add/ HTTP/1.1" 200 18699
INFO 2025-10-21 20:49:12,038 basehttp "GET /staff/add/ HTTP/1.1" 200 18699
INFO 2025-10-21 20:57:51,260 autoreload D:\CODING\CafeNest\owner\models.py changed, reloading.
INFO 2025-10-21 20:57:52,340 autoreload Watching for file changes with StatReloader
INFO 2025-10-21 20:58:31,440 autoreload D:\CODING\CafeNest\owner\views.py changed, reloading.
INFO 2025-10-21 20:58:32,506 autoreload Watching for file changes with StatReloader
INFO 2025-10-21 21:00:26,861 autoreload D:\CODING\CafeNest\owner\utils.py changed, reloading.
INFO 2025-10-21 21:00:28,320 autoreload Watching for file changes with StatReloader
INFO 2025-10-21 21:01:17,706 basehttp "POST /staff/add/ HTTP/1.1" 200 19606
INFO 2025-10-21 21:01:36,538 basehttp "POST /staff/add/ HTTP/1.1" 302 0
INFO 2025-10-21 21:01:36,606 basehttp "GET /staff/ HTTP/1.1" 200 20662
INFO 2025-10-21 21:01:41,682 basehttp "GET /staff/toggle/4/ HTTP/1.1" 302 0
INFO 2025-10-21 21:01:41,705 basehttp "GET /staff/ HTTP/1.1" 200 20601
INFO 2025-10-21 21:04:40,132 autoreload D:\CODING\CafeNest\owner\utils.py changed, reloading.
INFO 2025-10-21 21:04:41,797 autoreload Watching for file changes with StatReloader
INFO 2025-10-21 21:04:45,005 basehttp "GET /staff/add/ HTTP/1.1" 200 19365
INFO 2025-10-21 21:05:26,027 basehttp "POST /staff/add/ HTTP/1.1" 302 0
INFO 2025-10-21 21:05:26,051 basehttp "GET /staff/ HTTP/1.1" 200 22115
INFO 2025-10-21 21:05:29,150 basehttp "GET /staff/toggle/5/ HTTP/1.1" 302 0
INFO 2025-10-21 21:05:29,168 basehttp "GET /staff/ HTTP/1.1" 200 22121
INFO 2025-10-21 21:07:40,588 basehttp "POST /staff/delete/5/ HTTP/1.1" 302 0
INFO 2025-10-21 21:07:40,613 basehttp "GET /staff/ HTTP/1.1" 200 20593
INFO 2025-10-21 21:07:45,805 basehttp "POST /staff/delete/4/ HTTP/1.1" 302 0
INFO 2025-10-21 21:07:45,842 basehttp "GET /staff/ HTTP/1.1" 200 19075
INFO 2025-10-21 21:07:52,276 basehttp "POST /staff/delete/3/ HTTP/1.1" 302 0
INFO 2025-10-21 21:07:52,289 basehttp "GET /staff/ HTTP/1.1" 200 17735
INFO 2025-10-21 21:07:53,363 basehttp "GET /staff/add/ HTTP/1.1" 200 19365
INFO 2025-10-21 21:08:06,952 basehttp "POST /staff/add/ HTTP/1.1" 302 0
INFO 2025-10-21 21:08:06,969 basehttp "GET /staff/ HTTP/1.1" 200 19069
INFO 2025-10-21 21:08:10,912 basehttp "GET /staff/toggle/6/ HTTP/1.1" 302 0
INFO 2025-10-21 21:08:10,926 basehttp "GET /staff/ HTTP/1.1" 200 19081
INFO 2025-10-21 21:09:54,123 autoreload D:\CODING\CafeNest\owner\utils.py changed, reloading.
INFO 2025-10-21 21:09:55,082 autoreload Watching for file changes with StatReloader
INFO 2025-10-21 21:11:15,626 autoreload D:\CODING\CafeNest\owner\utils.py changed, reloading.
INFO 2025-10-21 21:11:16,846 autoreload Watching for file changes with StatReloader
INFO 2025-10-21 21:11:45,393 basehttp "POST /staff/delete/6/ HTTP/1.1" 302 0
INFO 2025-10-21 21:11:45,418 basehttp "GET /staff/ HTTP/1.1" 200 17735
INFO 2025-10-21 21:11:47,826 basehttp "GET /staff/add/ HTTP/1.1" 200 19365
INFO 2025-10-21 21:11:58,897 basehttp "POST /staff/add/ HTTP/1.1" 302 0
INFO 2025-10-21 21:11:58,913 basehttp "GET /staff/ HTTP/1.1" 200 19077
INFO 2025-10-21 21:12:00,725 basehttp "GET /staff/toggle/7/ HTTP/1.1" 302 0
INFO 2025-10-21 21:12:00,746 basehttp "GET /staff/ HTTP/1.1" 200 19089
INFO 2025-10-21 21:13:17,588 autoreload D:\CODING\CafeNest\owner\utils.py changed, reloading.
INFO 2025-10-21 21:13:18,605 autoreload Watching for file changes with StatReloader
INFO 2025-10-21 21:13:30,197 basehttp "POST /staff/delete/7/ HTTP/1.1" 302 0
INFO 2025-10-21 21:13:30,218 basehttp "GET /staff/ HTTP/1.1" 200 17735
INFO 2025-10-21 21:15:05,909 basehttp "GET /staff/add/ HTTP/1.1" 200 19365
INFO 2025-10-21 21:15:21,966 basehttp "POST /staff/add/ HTTP/1.1" 302 0
INFO 2025-10-21 21:15:21,984 basehttp "GET /staff/ HTTP/1.1" 200 19085
INFO 2025-10-21 21:15:44,361 basehttp "GET /staff/toggle/8/ HTTP/1.1" 302 0
INFO 2025-10-21 21:15:44,380 basehttp "GET /staff/ HTTP/1.1" 200 19097
INFO 2025-10-21 21:17:01,167 autoreload D:\CODING\CafeNest\owner\utils.py changed, reloading.
INFO 2025-10-21 21:17:02,445 autoreload Watching for file changes with StatReloader
INFO 2025-10-21 21:17:19,694 basehttp "POST /staff/delete/8/ HTTP/1.1" 302 0
INFO 2025-10-21 21:17:19,719 basehttp "GET /staff/ HTTP/1.1" 200 17735
INFO 2025-10-21 21:17:30,510 basehttp "GET /staff/add/ HTTP/1.1" 200 19365
INFO 2025-10-21 21:17:42,735 basehttp "POST /staff/add/ HTTP/1.1" 302 0
INFO 2025-10-21 21:17:42,752 basehttp "GET /staff/ HTTP/1.1" 200 19101
INFO 2025-10-21 21:17:45,909 basehttp "GET /staff/toggle/9/ HTTP/1.1" 302 0
INFO 2025-10-21 21:17:45,931 basehttp "GET /staff/ HTTP/1.1" 200 19113
INFO 2025-10-21 21:24:29,526 basehttp "GET /logout/ HTTP/1.1" 302 0
INFO 2025-10-21 21:24:29,549 basehttp "GET / HTTP/1.1" 200 41482
INFO 2025-10-21 21:24:39,324 basehttp "GET /login/ HTTP/1.1" 200 34640
INFO 2025-10-21 21:24:59,774 autoreload Watching for file changes with StatReloader
INFO 2025-10-21 21:25:07,017 basehttp "GET / HTTP/1.1" 200 41482
INFO 2025-10-21 21:25:21,534 basehttp "GET /login/ HTTP/1.1" 200 34394
INFO 2025-10-21 21:25:25,834 basehttp "GET /signup/ HTTP/1.1" 200 26793
INFO 2025-10-21 21:25:32,450 basehttp "GET / HTTP/1.1" 200 41482
INFO 2025-10-21 21:25:35,296 basehttp "GET /login/ HTTP/1.1" 200 34394
INFO 2025-10-21 21:25:37,024 basehttp "GET /accounts/google/login/?process=login HTTP/1.1" 302 0
INFO 2025-10-21 21:25:46,425 basehttp "GET /accounts/google/login/callback/?state=9lGuUgx4rpAVXDuc&code=4%2F0AVGzR1AioI-gXjhy-xW_HC3dzxrm_KyYHHY6VG-SvLvtThFTMZOqC4ir6t55WlZ101r2hQ&scope=email+profile+https%3A%2F%2Fwww.googleapis.com%2Fauth%2Fuserinfo.profile+openid+https%3A%2F%2Fwww.googleapis.com%2Fauth%2Fuserinfo.email&authuser=7&prompt=none HTTP/1.1" 302 0
INFO 2025-10-21 21:25:46,843 basehttp "GET /owner/dashboard/ HTTP/1.1" 200 21366
INFO 2025-10-21 21:25:52,585 basehttp "GET /cafes/edit/1/ HTTP/1.1" 200 14138
INFO 2025-10-21 21:25:56,621 basehttp "GET /cafes/ HTTP/1.1" 200 20931
INFO 2025-10-21 21:26:00,011 basehttp "GET /cafes/ HTTP/1.1" 200 20931
INFO 2025-10-21 21:26:01,442 basehttp "GET /owner/dashboard/ HTTP/1.1" 200 21198
INFO 2025-10-21 21:26:08,168 basehttp "GET /cafes/ HTTP/1.1" 200 20931
INFO 2025-10-21 21:26:11,206 basehttp "GET /owner/tables/ HTTP/1.1" 200 19978
INFO 2025-10-21 21:26:18,856 basehttp "GET /owner/tables/1/qr/ HTTP/1.1" 200 19660
INFO 2025-10-21 21:26:24,359 basehttp "GET /owner/tables/ HTTP/1.1" 200 19978
INFO 2025-10-21 21:26:41,921 basehttp "GET /owner/tables/ HTTP/1.1" 200 19978
INFO 2025-10-21 21:26:43,157 basehttp "GET /staff/ HTTP/1.1" 200 18939
INFO 2025-10-21 21:26:46,367 basehttp "GET /staff/add/ HTTP/1.1" 200 19365
INFO 2025-10-21 21:28:05,657 basehttp "POST /staff/add/ HTTP/1.1" 302 0
INFO 2025-10-21 21:28:05,692 basehttp "GET /staff/ HTTP/1.1" 200 20616
INFO 2025-10-21 21:28:12,182 basehttp "GET /staff/toggle/10/ HTTP/1.1" 302 0
INFO 2025-10-21 21:28:12,220 basehttp "GET /staff/ HTTP/1.1" 200 20628
INFO 2025-10-21 21:28:42,462 basehttp "POST /staff/delete/10/ HTTP/1.1" 302 0
INFO 2025-10-21 21:28:42,520 basehttp "GET /staff/ HTTP/1.1" 200 19111
INFO 2025-10-21 21:28:44,360 basehttp "GET /staff/add/ HTTP/1.1" 200 19365
INFO 2025-10-21 21:29:54,211 basehttp "POST /staff/add/ HTTP/1.1" 302 0
INFO 2025-10-21 21:29:54,238 basehttp "GET /staff/ HTTP/1.1" 200 20620
INFO 2025-10-21 21:29:59,197 basehttp "GET /staff/toggle/11/ HTTP/1.1" 302 0
INFO 2025-10-21 21:29:59,228 basehttp "GET /staff/ HTTP/1.1" 200 20633
INFO 2025-10-21 21:30:18,515 basehttp "GET /logout/ HTTP/1.1" 302 0
INFO 2025-10-21 21:30:18,526 basehttp "GET / HTTP/1.1" 200 41482
INFO 2025-10-21 21:30:21,072 basehttp "GET /manager/login/ HTTP/1.1" 200 4456
INFO 2025-10-21 21:31:21,321 basehttp "POST /manager/login/ HTTP/1.1" 302 0
INFO 2025-10-21 21:31:21,777 basehttp "GET /manager/dashboard/ HTTP/1.1" 200 12073
INFO 2025-10-21 21:31:45,420 basehttp "GET /manager/dashboard/ HTTP/1.1" 200 12073
INFO 2025-10-21 21:32:12,328 basehttp "GET /manager/logout/ HTTP/1.1" 302 0
INFO 2025-10-21 21:32:12,339 basehttp "GET /manager/login/ HTTP/1.1" 200 4743
INFO 2025-10-21 21:32:14,001 basehttp "GET / HTTP/1.1" 200 41482
INFO 2025-10-22 18:41:24,225 autoreload Watching for file changes with StatReloader
INFO 2025-10-22 19:49:29,848 autoreload D:\CODING\CafeNest\manager\urls.py changed, reloading.
INFO 2025-10-22 19:49:34,470 autoreload Watching for file changes with StatReloader
INFO 2025-10-22 20:55:29,765 autoreload D:\CODING\CafeNest\manager\views.py changed, reloading.
INFO 2025-10-22 20:55:30,656 autoreload Watching for file changes with StatReloader
INFO 2025-10-22 20:57:27,060 autoreload D:\CODING\CafeNest\manager\views.py changed, reloading.
INFO 2025-10-22 20:57:28,283 autoreload Watching for file changes with StatReloader
INFO 2025-10-22 21:03:29,762 basehttp "GET / HTTP/1.1" 200 41482
WARNING 2025-10-22 21:03:30,147 log Not Found: /favicon.ico
WARNING 2025-10-22 21:03:30,150 basehttp "GET /favicon.ico HTTP/1.1" 404 12332
INFO 2025-10-22 21:03:32,737 basehttp "GET /login/ HTTP/1.1" 200 34394
INFO 2025-10-22 21:03:53,480 basehttp "GET /accounts/google/login/?process=login HTTP/1.1" 302 0
INFO 2025-10-22 21:04:00,047 basehttp "GET /accounts/google/login/callback/?state=tEf6SXasDAjkZ7gC&code=4%2F0AVGzR1Ah2OmfjPCwPEPF8LP7YU37svM0DlWs0G_JN52sKZnIX1bDq-uiVZPsjFphTTeBEA&scope=email+profile+https%3A%2F%2Fwww.googleapis.com%2Fauth%2Fuserinfo.email+https%3A%2F%2Fwww.googleapis.com%2Fauth%2Fuserinfo.profile+openid&authuser=7&prompt=none HTTP/1.1" 302 0
INFO 2025-10-22 21:04:00,325 basehttp "GET /owner/dashboard/ HTTP/1.1" 200 21366
INFO 2025-10-22 21:04:05,667 basehttp "GET /staff/ HTTP/1.1" 200 20458
INFO 2025-10-23 20:05:39,910 autoreload Watching for file changes with StatReloader
INFO 2025-10-23 20:05:44,649 basehttp "GET / HTTP/1.1" 200 41482
WARNING 2025-10-23 20:05:45,197 log Not Found: /favicon.ico
WARNING 2025-10-23 20:05:45,199 basehttp "GET /favicon.ico HTTP/1.1" 404 12332
INFO 2025-10-23 20:05:52,893 basehttp "GET /login/ HTTP/1.1" 200 34394
INFO 2025-10-23 20:05:56,169 basehttp "GET /accounts/google/login/?process=login HTTP/1.1" 302 0
INFO 2025-10-23 20:06:03,888 basehttp "GET /accounts/google/login/callback/?state=WAOxELe5LYqe5jUB&code=4%2F0AVGzR1CtW8ETrDPZuwbt-uzbHBMgg9B9d9AxSTE06Oo7vQB6fl7-e1NmuWuJK6FJrFuMpA&scope=email+profile+https%3A%2F%2Fwww.googleapis.com%2Fauth%2Fuserinfo.email+openid+https%3A%2F%2Fwww.googleapis.com%2Fauth%2Fuserinfo.profile&authuser=7&prompt=none HTTP/1.1" 302 0
INFO 2025-10-23 20:06:04,108 basehttp "GET /owner/dashboard/ HTTP/1.1" 200 21366
INFO 2025-10-23 20:37:19,071 basehttp "GET /owner/tables/ HTTP/1.1" 200 19978
INFO 2025-10-23 20:37:21,663 basehttp "GET /cafes/ HTTP/1.1" 200 20931
INFO 2025-10-23 20:37:26,833 basehttp "GET /owner/dashboard/ HTTP/1.1" 200 21198
INFO 2025-10-24 21:04:34,142 autoreload Watching for file changes with StatReloader
INFO 2025-10-24 21:06:48,648 autoreload Watching for file changes with StatReloader
INFO 2025-10-24 21:49:03,928 autoreload Watching for file changes with StatReloader
INFO 2025-10-24 21:53:26,622 autoreload Watching for file changes with StatReloader
INFO 2025-10-24 21:55:17,838 autoreload D:\CODING\CafeNest\manage.py changed, reloading.
INFO 2025-10-24 21:58:34,711 autoreload Watching for file changes with StatReloader
INFO 2025-10-24 22:00:24,379 autoreload Watching for file changes with StatReloader
INFO 2025-10-24 22:01:17,022 autoreload Watching for file changes with StatReloader
INFO 2025-10-24 22:04:33,787 autoreload Watching for file changes with StatReloader
INFO 2025-10-24 22:04:56,487 autoreload D:\CODING\CafeNest\owner\models.py changed, reloading.
INFO 2025-10-24 22:04:59,281 autoreload Watching for file changes with StatReloader
INFO 2025-10-24 22:07:20,833 autoreload Watching for file changes with StatReloader
INFO 2025-10-24 22:32:47,742 autoreload Watching for file changes with StatReloader
INFO 2025-10-24 22:32:52,322 basehttp "GET / HTTP/1.1" 200 41482
WARNING 2025-10-24 22:32:52,876 log Not Found: /favicon.ico
WARNING 2025-10-24 22:32:52,878 basehttp "GET /favicon.ico HTTP/1.1" 404 12332
INFO 2025-10-24 22:33:18,619 basehttp "GET /login/ HTTP/1.1" 200 34394
INFO 2025-10-24 22:33:22,111 basehttp "GET /accounts/google/login/?process=login HTTP/1.1" 302 0
INFO 2025-10-24 22:33:28,406 basehttp "GET /accounts/google/login/callback/?state=ouPNty6A13U1jwnW&code=4%2F0Ab32j91MHGnd5CxUTV0AQ39UZtPnNFJ9uJ33cBHIgkyfYFstPduMzGQvMZnOrqWUespZdg&scope=email+profile+https%3A%2F%2Fwww.googleapis.com%2Fauth%2Fuserinfo.profile+openid+https%3A%2F%2Fwww.googleapis.com%2Fauth%2Fuserinfo.email&authuser=7&prompt=none HTTP/1.1" 302 0
INFO 2025-10-24 22:33:28,732 basehttp "GET /owner/dashboard/ HTTP/1.1" 200 21366
INFO 2025-10-24 22:33:34,545 basehttp "GET /cafes/ HTTP/1.1" 200 20931
INFO 2025-10-24 22:33:39,997 basehttp "POST /logout/ HTTP/1.1" 302 0
INFO 2025-10-24 22:33:40,009 basehttp "GET / HTTP/1.1" 200 41482
INFO 2025-10-24 22:33:48,112 basehttp "GET /manager/login/ HTTP/1.1" 200 4456
INFO 2025-10-24 22:33:53,638 basehttp "GET / HTTP/1.1" 200 41482
